cause,originalCause,status,item,profile,timeAfterActionMs,review,before,after,record,detailedTrace
SF1,SF1,confirmed,shell-root-missing-home,cold-1440,6776,"SF1/SF2; pre-paint click-navigation probe artifact, guarded repeat queued",/Users/albin/Code/jori/dist/layout-hunt/before/shell/shell-root-missing-home/cold-1440/3000.png,/Users/albin/Code/jori/dist/layout-hunt/before/shell/shell-root-missing-home/cold-1440/before.png,/Users/albin/Code/jori/dist/layout-hunt/before/shell/shell-root-missing-home/cold-1440/record.json,/Users/albin/Code/jori/dist/layout-hunt/SHELL_CAUSES.json
SF1,SF1,confirmed,shell-root-missing-home,cold-375,6762,"SF1; pre-paint click-navigation probe artifact, guarded repeat queued",/Users/albin/Code/jori/dist/layout-hunt/before/shell/shell-root-missing-home/cold-375/3000.png,/Users/albin/Code/jori/dist/layout-hunt/before/shell/shell-root-missing-home/cold-375/before.png,/Users/albin/Code/jori/dist/layout-hunt/before/shell/shell-root-missing-home/cold-375/record.json,/Users/albin/Code/jori/dist/layout-hunt/SHELL_CAUSES.json
SF1,SF1,confirmed,shell-route-home-enter,cold-1440,6758,"SF1 font, SF2 initial sidebar, reserved header/avatar, below-viewport document height",/Users/albin/Code/jori/dist/layout-hunt/before/shell/shell-route-home-enter/cold-1440/250.png,/Users/albin/Code/jori/dist/layout-hunt/before/shell/shell-route-home-enter/cold-1440/1000.png,/Users/albin/Code/jori/dist/layout-hunt/before/shell/shell-route-home-enter/cold-1440/record.json,/Users/albin/Code/jori/dist/layout-hunt/SHELL_CAUSES.json
SF1,SF1,confirmed,shell-route-home-enter,cold-375,6770,"SF1 font, reserved header, below-viewport document height",/Users/albin/Code/jori/dist/layout-hunt/before/shell/shell-route-home-enter/cold-375/250.png,/Users/albin/Code/jori/dist/layout-hunt/before/shell/shell-route-home-enter/cold-375/1000.png,/Users/albin/Code/jori/dist/layout-hunt/before/shell/shell-route-home-enter/cold-375/record.json,/Users/albin/Code/jori/dist/layout-hunt/SHELL_CAUSES.json
SF1,SF1,confirmed,shell-route-pricing-back,cold-1440,6757,SF1 font and SF2 sidebar buffered during back navigation; post-action reserved header/avatar and below-view height.,,/Users/albin/Code/jori/dist/layout-hunt/before/shell/shell-route-pricing-back/cold-1440/before.png,/Users/albin/Code/jori/dist/layout-hunt/before/shell/shell-route-pricing-back/cold-1440/record.json,/Users/albin/Code/jori/dist/layout-hunt/SHELL_CAUSES.json
SF1,SF1,confirmed,shell-route-pricing-back,cold-375,6773,"SF1 font buffered during back navigation; reserved header, below-view height. React418 hydration mismatch replaces86 nodes at identical visible geometry; cause unconfirmed.",,/Users/albin/Code/jori/dist/layout-hunt/before/shell/shell-route-pricing-back/cold-375/before.png,/Users/albin/Code/jori/dist/layout-hunt/before/shell/shell-route-pricing-back/cold-375/record.json,/Users/albin/Code/jori/dist/layout-hunt/SHELL_CAUSES.json
SF1,SF1,confirmed,shell-route-privacy-back,cold-1440,6784,SF1 font and SF2 sidebar buffered during back navigation; post-action reserved header/avatar and below-view height.,,/Users/albin/Code/jori/dist/layout-hunt/before/shell/shell-route-privacy-back/cold-1440/before.png,/Users/albin/Code/jori/dist/layout-hunt/before/shell/shell-route-privacy-back/cold-1440/record.json,/Users/albin/Code/jori/dist/layout-hunt/SHELL_CAUSES.json
SF1,SF1,confirmed,shell-route-privacy-back,cold-375,6769,SF1 font buffered during back navigation; reserved header and below-view document height.,,/Users/albin/Code/jori/dist/layout-hunt/before/shell/shell-route-privacy-back/cold-375/before.png,/Users/albin/Code/jori/dist/layout-hunt/before/shell/shell-route-privacy-back/cold-375/record.json,/Users/albin/Code/jori/dist/layout-hunt/SHELL_CAUSES.json
SF1,SF1,confirmed,shell-route-sign-in-back,cold-1440,6773,SF1 font and SF2 sidebar buffered during back navigation; post-action reserved header/avatar and below-view height.,,/Users/albin/Code/jori/dist/layout-hunt/before/shell/shell-route-sign-in-back/cold-1440/before.png,/Users/albin/Code/jori/dist/layout-hunt/before/shell/shell-route-sign-in-back/cold-1440/record.json,/Users/albin/Code/jori/dist/layout-hunt/SHELL_CAUSES.json
SF1,SF1,confirmed,shell-route-sign-in-back,cold-375,6765,SF1 font buffered during back navigation; reserved header and below-view document height.,,/Users/albin/Code/jori/dist/layout-hunt/before/shell/shell-route-sign-in-back/cold-375/before.png,/Users/albin/Code/jori/dist/layout-hunt/before/shell/shell-route-sign-in-back/cold-375/record.json,/Users/albin/Code/jori/dist/layout-hunt/SHELL_CAUSES.json
SF1,SF1,confirmed,shell-route-terms-back,cold-1440,6807,SF1 font and SF2 sidebar buffered during back navigation; post-action reserved header/avatar and below-view height.,,/Users/albin/Code/jori/dist/layout-hunt/before/shell/shell-route-terms-back/cold-1440/before.png,/Users/albin/Code/jori/dist/layout-hunt/before/shell/shell-route-terms-back/cold-1440/record.json,/Users/albin/Code/jori/dist/layout-hunt/SHELL_CAUSES.json
SF1,SF1,confirmed,shell-route-terms-back,cold-375,6758,SF1 font buffered during back navigation; reserved header and below-view document height.,,/Users/albin/Code/jori/dist/layout-hunt/before/shell/shell-route-terms-back/cold-375/before.png,/Users/albin/Code/jori/dist/layout-hunt/before/shell/shell-route-terms-back/cold-375/record.json,/Users/albin/Code/jori/dist/layout-hunt/SHELL_CAUSES.json
SF1,SF1,confirmed,shell-route-trust-back,cold-1440,6753,SF1 font and SF2 sidebar buffered during back navigation; post-action reserved header/avatar and below-view height.,,/Users/albin/Code/jori/dist/layout-hunt/before/shell/shell-route-trust-back/cold-1440/before.png,/Users/albin/Code/jori/dist/layout-hunt/before/shell/shell-route-trust-back/cold-1440/record.json,/Users/albin/Code/jori/dist/layout-hunt/SHELL_CAUSES.json
SF1,SF1,confirmed,shell-route-trust-back,cold-375,6761,SF1 font buffered during back navigation; reserved header and below-view document height.,,/Users/albin/Code/jori/dist/layout-hunt/before/shell/shell-route-trust-back/cold-375/before.png,/Users/albin/Code/jori/dist/layout-hunt/before/shell/shell-route-trust-back/cold-375/record.json,/Users/albin/Code/jori/dist/layout-hunt/SHELL_CAUSES.json
SF1,SF1,confirmed,shell-async-font,cold-1440,6819,"SF1 cold font reflow and SF2 desktop initial sidebar growth reproduce; reserved header publication, below-fold document extent changes retained as sharing candidate.",/Users/albin/Code/jori/dist/layout-hunt/before/shell-resume/shell-async-font/cold-1440/250.png,/Users/albin/Code/jori/dist/layout-hunt/before/shell-resume/shell-async-font/cold-1440/1000.png,/Users/albin/Code/jori/dist/layout-hunt/before/shell-resume/shell-async-font/cold-1440/record.json,/Users/albin/Code/jori/dist/layout-hunt/SHELL_CAUSES.json
SF1,SF1,confirmed,shell-async-font,cold-375,6770,"SF1 cold font reflow and SF2 desktop initial sidebar growth reproduce; reserved header publication, below-fold document extent changes retained as sharing candidate.",/Users/albin/Code/jori/dist/layout-hunt/before/shell-resume/shell-async-font/cold-375/250.png,/Users/albin/Code/jori/dist/layout-hunt/before/shell-resume/shell-async-font/cold-375/1000.png,/Users/albin/Code/jori/dist/layout-hunt/before/shell-resume/shell-async-font/cold-375/record.json,/Users/albin/Code/jori/dist/layout-hunt/SHELL_CAUSES.json
SF1,SF1,confirmed,shell-async-hero-thread,cold-1440,6819,"SF1 cold font reflow, SF2 desktop initial sidebar growth. SF6 cold mobile hydration error and86 existing-node replacements. Hero animation source authored; thread is below viewport in this recipe so corrected V2 in-view drive remains queued.",/Users/albin/Code/jori/dist/layout-hunt/before/shell-resume/shell-async-hero-thread/cold-1440/250.png,/Users/albin/Code/jori/dist/layout-hunt/before/shell-resume/shell-async-hero-thread/cold-1440/1000.png,/Users/albin/Code/jori/dist/layout-hunt/before/shell-resume/shell-async-hero-thread/cold-1440/record.json,/Users/albin/Code/jori/dist/layout-hunt/SHELL_CAUSES.json
SF1,SF1,confirmed,shell-async-hero-thread,cold-375,6788,"SF1 cold font reflow, SF2 desktop initial sidebar growth. SF6 cold mobile hydration error and86 existing-node replacements. Hero animation source authored; thread is below viewport in this recipe so corrected V2 in-view drive remains queued.",/Users/albin/Code/jori/dist/layout-hunt/before/shell-resume/shell-async-hero-thread/cold-375/250.png,/Users/albin/Code/jori/dist/layout-hunt/before/shell-resume/shell-async-hero-thread/cold-375/1000.png,/Users/albin/Code/jori/dist/layout-hunt/before/shell-resume/shell-async-hero-thread/cold-375/record.json,/Users/albin/Code/jori/dist/layout-hunt/SHELL_CAUSES.json
SF1,SF1,confirmed,shell-waitlist-joined-reset,cold-1440,6890,"Invalid starting state: reload resets generic configuration failure, not Joined, due missing public waitlist URL. All PNGs reviewed; cold reload buffers SF1/font and SF2/sidebar before timed PNGs; requested new-document replacements, warm2px hash-scroll adjustment retained. All4 repeat after corrected config.",,/Users/albin/Code/jori/dist/layout-hunt/before/shell-resume/shell-waitlist-joined-reset/cold-1440/before.png,/Users/albin/Code/jori/dist/layout-hunt/before/shell-resume/shell-waitlist-joined-reset/cold-1440/record.json,/Users/albin/Code/jori/dist/layout-hunt/SHELL_CAUSES.json
SF1,SF1,confirmed,shell-waitlist-joined-reset,cold-375,6788,"Invalid starting state: reload resets generic configuration failure, not Joined, due missing public waitlist URL. All PNGs reviewed; cold reload buffers SF1/font and SF2/sidebar before timed PNGs; requested new-document replacements, warm2px hash-scroll adjustment retained. All4 repeat after corrected config.",,/Users/albin/Code/jori/dist/layout-hunt/before/shell-resume/shell-waitlist-joined-reset/cold-375/before.png,/Users/albin/Code/jori/dist/layout-hunt/before/shell-resume/shell-waitlist-joined-reset/cold-375/record.json,/Users/albin/Code/jori/dist/layout-hunt/SHELL_CAUSES.json
SF2,SF2,confirmed,shell-root-missing-home,cold-1440,6048,"SF1/SF2; pre-paint click-navigation probe artifact, guarded repeat queued",/Users/albin/Code/jori/dist/layout-hunt/before/shell/shell-root-missing-home/cold-1440/3000.png,/Users/albin/Code/jori/dist/layout-hunt/before/shell/shell-root-missing-home/cold-1440/before.png,/Users/albin/Code/jori/dist/layout-hunt/before/shell/shell-root-missing-home/cold-1440/record.json,/Users/albin/Code/jori/dist/layout-hunt/SHELL_CAUSES.json
SF2,SF2,confirmed,shell-root-missing-home,warm-1440,175,SF2; reserved header/avatar and below-viewport sharing height -2px,/Users/albin/Code/jori/dist/layout-hunt/before/shell/shell-root-missing-home/warm-1440/0.png,/Users/albin/Code/jori/dist/layout-hunt/before/shell/shell-root-missing-home/warm-1440/before.png,/Users/albin/Code/jori/dist/layout-hunt/before/shell/shell-root-missing-home/warm-1440/record.json,/Users/albin/Code/jori/dist/layout-hunt/SHELL_CAUSES.json
SF2,SF2,confirmed,shell-route-home-enter,cold-1440,6087,"SF1 font, SF2 initial sidebar, reserved header/avatar, below-viewport document height",/Users/albin/Code/jori/dist/layout-hunt/before/shell/shell-route-home-enter/cold-1440/0.png,/Users/albin/Code/jori/dist/layout-hunt/before/shell/shell-route-home-enter/cold-1440/250.png,/Users/albin/Code/jori/dist/layout-hunt/before/shell/shell-route-home-enter/cold-1440/record.json,/Users/albin/Code/jori/dist/layout-hunt/SHELL_CAUSES.json
SF2,SF2,confirmed,shell-route-home-enter,warm-1440,136,"SF2 initial sidebar, reserved header/avatar, below-viewport document height",/Users/albin/Code/jori/dist/layout-hunt/before/shell/shell-route-home-enter/warm-1440/0.png,/Users/albin/Code/jori/dist/layout-hunt/before/shell/shell-route-home-enter/warm-1440/250.png,/Users/albin/Code/jori/dist/layout-hunt/before/shell/shell-route-home-enter/warm-1440/record.json,/Users/albin/Code/jori/dist/layout-hunt/SHELL_CAUSES.json
SF2,SF2,confirmed,shell-route-pricing-back,cold-1440,5909,SF1 font and SF2 sidebar buffered during back navigation; post-action reserved header/avatar and below-view height.,,/Users/albin/Code/jori/dist/layout-hunt/before/shell/shell-route-pricing-back/cold-1440/before.png,/Users/albin/Code/jori/dist/layout-hunt/before/shell/shell-route-pricing-back/cold-1440/record.json,/Users/albin/Code/jori/dist/layout-hunt/SHELL_CAUSES.json
SF2,SF2,confirmed,shell-route-pricing-back,warm-1440,133,SF2 initial sidebar; reserved header/avatar and below-view document height.,/Users/albin/Code/jori/dist/layout-hunt/before/shell/shell-route-pricing-back/warm-1440/0.png,/Users/albin/Code/jori/dist/layout-hunt/before/shell/shell-route-pricing-back/warm-1440/before.png,/Users/albin/Code/jori/dist/layout-hunt/before/shell/shell-route-pricing-back/warm-1440/record.json,/Users/albin/Code/jori/dist/layout-hunt/SHELL_CAUSES.json
SF2,SF2,confirmed,shell-route-privacy-back,cold-1440,5924,SF1 font and SF2 sidebar buffered during back navigation; post-action reserved header/avatar and below-view height.,,/Users/albin/Code/jori/dist/layout-hunt/before/shell/shell-route-privacy-back/cold-1440/before.png,/Users/albin/Code/jori/dist/layout-hunt/before/shell/shell-route-privacy-back/cold-1440/record.json,/Users/albin/Code/jori/dist/layout-hunt/SHELL_CAUSES.json
SF2,SF2,confirmed,shell-route-privacy-back,warm-1440,135,SF2 initial sidebar; reserved header/avatar and below-view document height.,/Users/albin/Code/jori/dist/layout-hunt/before/shell/shell-route-privacy-back/warm-1440/0.png,/Users/albin/Code/jori/dist/layout-hunt/before/shell/shell-route-privacy-back/warm-1440/before.png,/Users/albin/Code/jori/dist/layout-hunt/before/shell/shell-route-privacy-back/warm-1440/record.json,/Users/albin/Code/jori/dist/layout-hunt/SHELL_CAUSES.json
SF2,SF2,confirmed,shell-route-sign-in-back,cold-1440,5905,SF1 font and SF2 sidebar buffered during back navigation; post-action reserved header/avatar and below-view height.,,/Users/albin/Code/jori/dist/layout-hunt/before/shell/shell-route-sign-in-back/cold-1440/before.png,/Users/albin/Code/jori/dist/layout-hunt/before/shell/shell-route-sign-in-back/cold-1440/record.json,/Users/albin/Code/jori/dist/layout-hunt/SHELL_CAUSES.json
SF2,SF2,confirmed,shell-route-sign-in-back,warm-1440,124,SF2 initial sidebar; reserved header/avatar and below-view document height.,/Users/albin/Code/jori/dist/layout-hunt/before/shell/shell-route-sign-in-back/warm-1440/0.png,/Users/albin/Code/jori/dist/layout-hunt/before/shell/shell-route-sign-in-back/warm-1440/before.png,/Users/albin/Code/jori/dist/layout-hunt/before/shell/shell-route-sign-in-back/warm-1440/record.json,/Users/albin/Code/jori/dist/layout-hunt/SHELL_CAUSES.json
SF2,SF2,confirmed,shell-route-terms-back,cold-1440,5926,SF1 font and SF2 sidebar buffered during back navigation; post-action reserved header/avatar and below-view height.,,/Users/albin/Code/jori/dist/layout-hunt/before/shell/shell-route-terms-back/cold-1440/before.png,/Users/albin/Code/jori/dist/layout-hunt/before/shell/shell-route-terms-back/cold-1440/record.json,/Users/albin/Code/jori/dist/layout-hunt/SHELL_CAUSES.json
SF2,SF2,confirmed,shell-route-terms-back,warm-1440,121,SF2 initial sidebar; reserved header/avatar and below-view document height.,/Users/albin/Code/jori/dist/layout-hunt/before/shell/shell-route-terms-back/warm-1440/0.png,/Users/albin/Code/jori/dist/layout-hunt/before/shell/shell-route-terms-back/warm-1440/before.png,/Users/albin/Code/jori/dist/layout-hunt/before/shell/shell-route-terms-back/warm-1440/record.json,/Users/albin/Code/jori/dist/layout-hunt/SHELL_CAUSES.json
SF2,SF2,confirmed,shell-route-trust-back,cold-1440,5903,SF1 font and SF2 sidebar buffered during back navigation; post-action reserved header/avatar and below-view height.,,/Users/albin/Code/jori/dist/layout-hunt/before/shell/shell-route-trust-back/cold-1440/before.png,/Users/albin/Code/jori/dist/layout-hunt/before/shell/shell-route-trust-back/cold-1440/record.json,/Users/albin/Code/jori/dist/layout-hunt/SHELL_CAUSES.json
SF2,SF2,confirmed,shell-route-trust-back,warm-1440,136,SF2 initial sidebar; reserved header/avatar and below-view document height.,/Users/albin/Code/jori/dist/layout-hunt/before/shell/shell-route-trust-back/warm-1440/0.png,/Users/albin/Code/jori/dist/layout-hunt/before/shell/shell-route-trust-back/warm-1440/before.png,/Users/albin/Code/jori/dist/layout-hunt/before/shell/shell-route-trust-back/warm-1440/record.json,/Users/albin/Code/jori/dist/layout-hunt/SHELL_CAUSES.json
SF2,SF2,confirmed,shell-async-font,cold-1440,6119,"SF1 cold font reflow and SF2 desktop initial sidebar growth reproduce; reserved header publication, below-fold document extent changes retained as sharing candidate.",,/Users/albin/Code/jori/dist/layout-hunt/before/shell-resume/shell-async-font/cold-1440/0.png,/Users/albin/Code/jori/dist/layout-hunt/before/shell-resume/shell-async-font/cold-1440/record.json,/Users/albin/Code/jori/dist/layout-hunt/SHELL_CAUSES.json
SF2,SF2,confirmed,shell-async-font,warm-1440,151,"SF1 cold font reflow and SF2 desktop initial sidebar growth reproduce; reserved header publication, below-fold document extent changes retained as sharing candidate.",,/Users/albin/Code/jori/dist/layout-hunt/before/shell-resume/shell-async-font/warm-1440/0.png,/Users/albin/Code/jori/dist/layout-hunt/before/shell-resume/shell-async-font/warm-1440/record.json,/Users/albin/Code/jori/dist/layout-hunt/SHELL_CAUSES.json
SF2,SF2,confirmed,shell-async-hero-thread,cold-1440,6285,"SF1 cold font reflow, SF2 desktop initial sidebar growth. SF6 cold mobile hydration error and86 existing-node replacements. Hero animation source authored; thread is below viewport in this recipe so corrected V2 in-view drive remains queued.",/Users/albin/Code/jori/dist/layout-hunt/before/shell-resume/shell-async-hero-thread/cold-1440/0.png,/Users/albin/Code/jori/dist/layout-hunt/before/shell-resume/shell-async-hero-thread/cold-1440/250.png,/Users/albin/Code/jori/dist/layout-hunt/before/shell-resume/shell-async-hero-thread/cold-1440/record.json,/Users/albin/Code/jori/dist/layout-hunt/SHELL_CAUSES.json
SF2,SF2,confirmed,shell-async-hero-thread,warm-1440,169,"SF1 cold font reflow, SF2 desktop initial sidebar growth. SF6 cold mobile hydration error and86 existing-node replacements. Hero animation source authored; thread is below viewport in this recipe so corrected V2 in-view drive remains queued.",/Users/albin/Code/jori/dist/layout-hunt/before/shell-resume/shell-async-hero-thread/warm-1440/0.png,/Users/albin/Code/jori/dist/layout-hunt/before/shell-resume/shell-async-hero-thread/warm-1440/250.png,/Users/albin/Code/jori/dist/layout-hunt/before/shell-resume/shell-async-hero-thread/warm-1440/record.json,/Users/albin/Code/jori/dist/layout-hunt/SHELL_CAUSES.json
SF2,SF2,confirmed,shell-waitlist-joined-reset,cold-1440,5918,"Invalid starting state: reload resets generic configuration failure, not Joined, due missing public waitlist URL. All PNGs reviewed; cold reload buffers SF1/font and SF2/sidebar before timed PNGs; requested new-document replacements, warm2px hash-scroll adjustment retained. All4 repeat after corrected config.",,/Users/albin/Code/jori/dist/layout-hunt/before/shell-resume/shell-waitlist-joined-reset/cold-1440/before.png,/Users/albin/Code/jori/dist/layout-hunt/before/shell-resume/shell-waitlist-joined-reset/cold-1440/record.json,/Users/albin/Code/jori/dist/layout-hunt/SHELL_CAUSES.json
SF3,SF3,confirmed,shell-protected-01-back,cold-1440,14329,SF3 Recent recentering; SF4 model readiness; SF7 sidebar data insertion on desktop. Auth overlay appears for full-document back navigation.,/Users/albin/Code/jori/dist/layout-hunt/before/shell/shell-protected-01-back/cold-1440/3000.png,/Users/albin/Code/jori/dist/layout-hunt/before/shell/shell-protected-01-back/cold-1440/before.png,/Users/albin/Code/jori/dist/layout-hunt/before/shell/shell-protected-01-back/cold-1440/record.json,/Users/albin/Code/jori/dist/layout-hunt/SHELL_CAUSES.json
SF3,SF3,confirmed,shell-protected-01-back,cold-375,13784,SF3 Recent recentering; SF4 model readiness; SF7 sidebar data insertion on desktop. Auth overlay appears for full-document back navigation.,/Users/albin/Code/jori/dist/layout-hunt/before/shell/shell-protected-01-back/cold-375/3000.png,/Users/albin/Code/jori/dist/layout-hunt/before/shell/shell-protected-01-back/cold-375/before.png,/Users/albin/Code/jori/dist/layout-hunt/before/shell/shell-protected-01-back/cold-375/record.json,/Users/albin/Code/jori/dist/layout-hunt/SHELL_CAUSES.json
SF3,SF3,confirmed,shell-protected-01-back,warm-1440,2018,SF3 Recent recentering; SF4 model readiness; SF7 sidebar data insertion on desktop. Auth overlay appears for full-document back navigation.,/Users/albin/Code/jori/dist/layout-hunt/before/shell/shell-protected-01-back/warm-1440/1000.png,/Users/albin/Code/jori/dist/layout-hunt/before/shell/shell-protected-01-back/warm-1440/before.png,/Users/albin/Code/jori/dist/layout-hunt/before/shell/shell-protected-01-back/warm-1440/record.json,/Users/albin/Code/jori/dist/layout-hunt/SHELL_CAUSES.json
SF3,SF3,confirmed,shell-protected-01-back,warm-375,1385,SF3 Recent recentering; SF4 model readiness; SF7 sidebar data insertion on desktop. Auth overlay appears for full-document back navigation.,/Users/albin/Code/jori/dist/layout-hunt/before/shell/shell-protected-01-back/warm-375/1000.png,/Users/albin/Code/jori/dist/layout-hunt/before/shell/shell-protected-01-back/warm-375/before.png,/Users/albin/Code/jori/dist/layout-hunt/before/shell/shell-protected-01-back/warm-375/record.json,/Users/albin/Code/jori/dist/layout-hunt/SHELL_CAUSES.json
SF3,SF3,confirmed,shell-protected-02-enter,cold-1440,14426,SF3 Recent recentering; SF4 model readiness; SF7 sidebar data insertion on desktop. Auth overlay appears for full-document back navigation.,/Users/albin/Code/jori/dist/layout-hunt/before/shell/shell-protected-02-enter/cold-1440/3000.png,/Users/albin/Code/jori/dist/layout-hunt/before/shell/shell-protected-02-enter/cold-1440/settled.png,/Users/albin/Code/jori/dist/layout-hunt/before/shell/shell-protected-02-enter/cold-1440/record.json,/Users/albin/Code/jori/dist/layout-hunt/SHELL_CAUSES.json
SF3,SF3,confirmed,shell-protected-02-enter,cold-375,14238,SF3 Recent recentering; SF4 model readiness; SF7 sidebar data insertion on desktop. Auth overlay appears for full-document back navigation.,/Users/albin/Code/jori/dist/layout-hunt/before/shell/shell-protected-02-enter/cold-375/3000.png,/Users/albin/Code/jori/dist/layout-hunt/before/shell/shell-protected-02-enter/cold-375/settled.png,/Users/albin/Code/jori/dist/layout-hunt/before/shell/shell-protected-02-enter/cold-375/record.json,/Users/albin/Code/jori/dist/layout-hunt/SHELL_CAUSES.json
SF3,SF3,confirmed,shell-protected-02-enter,warm-1440,3202,SF3 Recent recentering; SF4 model readiness; SF7 sidebar data insertion on desktop. Auth overlay appears for full-document back navigation.,/Users/albin/Code/jori/dist/layout-hunt/before/shell/shell-protected-02-enter/warm-1440/3000.png,/Users/albin/Code/jori/dist/layout-hunt/before/shell/shell-protected-02-enter/warm-1440/settled.png,/Users/albin/Code/jori/dist/layout-hunt/before/shell/shell-protected-02-enter/warm-1440/record.json,/Users/albin/Code/jori/dist/layout-hunt/SHELL_CAUSES.json
SF3,SF3,confirmed,shell-protected-02-enter,warm-375,1553,SF3 Recent recentering; SF4 model readiness; SF7 sidebar data insertion on desktop. Auth overlay appears for full-document back navigation.,/Users/albin/Code/jori/dist/layout-hunt/before/shell/shell-protected-02-enter/warm-375/1000.png,/Users/albin/Code/jori/dist/layout-hunt/before/shell/shell-protected-02-enter/warm-375/3000.png,/Users/albin/Code/jori/dist/layout-hunt/before/shell/shell-protected-02-enter/warm-375/record.json,/Users/albin/Code/jori/dist/layout-hunt/SHELL_CAUSES.json
SF3,SF3,confirmed,shell-protected-03-back,cold-1440,14001,SF3/SF4/SF7 two-chat data,/Users/albin/Code/jori/dist/layout-hunt/before/shell/shell-protected-03-back/cold-1440/3000.png,/Users/albin/Code/jori/dist/layout-hunt/before/shell/shell-protected-03-back/cold-1440/before.png,/Users/albin/Code/jori/dist/layout-hunt/before/shell/shell-protected-03-back/cold-1440/record.json,/Users/albin/Code/jori/dist/layout-hunt/SHELL_CAUSES.json
SF3,SF3,confirmed,shell-protected-03-back,cold-375,13702,SF3/SF4 two-chat data,/Users/albin/Code/jori/dist/layout-hunt/before/shell/shell-protected-03-back/cold-375/3000.png,/Users/albin/Code/jori/dist/layout-hunt/before/shell/shell-protected-03-back/cold-375/before.png,/Users/albin/Code/jori/dist/layout-hunt/before/shell/shell-protected-03-back/cold-375/record.json,/Users/albin/Code/jori/dist/layout-hunt/SHELL_CAUSES.json
SF3,SF3,confirmed,shell-protected-03-back,warm-1440,1754,SF3/SF4/SF7 two-chat data,/Users/albin/Code/jori/dist/layout-hunt/before/shell/shell-protected-03-back/warm-1440/1000.png,/Users/albin/Code/jori/dist/layout-hunt/before/shell/shell-protected-03-back/warm-1440/before.png,/Users/albin/Code/jori/dist/layout-hunt/before/shell/shell-protected-03-back/warm-1440/record.json,/Users/albin/Code/jori/dist/layout-hunt/SHELL_CAUSES.json
SF3,SF3,confirmed,shell-protected-03-back,warm-375,1435,SF3/SF4 two-chat data,/Users/albin/Code/jori/dist/layout-hunt/before/shell/shell-protected-03-back/warm-375/1000.png,/Users/albin/Code/jori/dist/layout-hunt/before/shell/shell-protected-03-back/warm-375/before.png,/Users/albin/Code/jori/dist/layout-hunt/before/shell/shell-protected-03-back/warm-375/record.json,/Users/albin/Code/jori/dist/layout-hunt/SHELL_CAUSES.json
SF3,SF3,confirmed,shell-protected-04-back,cold-1440,14102,SF3/SF4/SF7,/Users/albin/Code/jori/dist/layout-hunt/before/shell/shell-protected-04-back/cold-1440/3000.png,/Users/albin/Code/jori/dist/layout-hunt/before/shell/shell-protected-04-back/cold-1440/before.png,/Users/albin/Code/jori/dist/layout-hunt/before/shell/shell-protected-04-back/cold-1440/record.json,/Users/albin/Code/jori/dist/layout-hunt/SHELL_CAUSES.json
SF3,SF3,confirmed,shell-protected-04-back,cold-375,14153,SF3/SF4,/Users/albin/Code/jori/dist/layout-hunt/before/shell/shell-protected-04-back/cold-375/3000.png,/Users/albin/Code/jori/dist/layout-hunt/before/shell/shell-protected-04-back/cold-375/before.png,/Users/albin/Code/jori/dist/layout-hunt/before/shell/shell-protected-04-back/cold-375/record.json,/Users/albin/Code/jori/dist/layout-hunt/SHELL_CAUSES.json
SF3,SF3,confirmed,shell-protected-04-back,warm-1440,1618,SF3/SF4/SF7,/Users/albin/Code/jori/dist/layout-hunt/before/shell/shell-protected-04-back/warm-1440/1000.png,/Users/albin/Code/jori/dist/layout-hunt/before/shell/shell-protected-04-back/warm-1440/before.png,/Users/albin/Code/jori/dist/layout-hunt/before/shell/shell-protected-04-back/warm-1440/record.json,/Users/albin/Code/jori/dist/layout-hunt/SHELL_CAUSES.json
SF3,SF3,confirmed,shell-protected-04-back,warm-375,1502,SF3/SF4,/Users/albin/Code/jori/dist/layout-hunt/before/shell/shell-protected-04-back/warm-375/1000.png,/Users/albin/Code/jori/dist/layout-hunt/before/shell/shell-protected-04-back/warm-375/before.png,/Users/albin/Code/jori/dist/layout-hunt/before/shell/shell-protected-04-back/warm-375/record.json,/Users/albin/Code/jori/dist/layout-hunt/SHELL_CAUSES.json
SF3,SF3,confirmed,shell-protected-05-back,cold-1440,14150,SF3/SF4/SF7; occlusion follow-up pending,/Users/albin/Code/jori/dist/layout-hunt/before/shell/shell-protected-05-back/cold-1440/3000.png,/Users/albin/Code/jori/dist/layout-hunt/before/shell/shell-protected-05-back/cold-1440/before.png,/Users/albin/Code/jori/dist/layout-hunt/before/shell/shell-protected-05-back/cold-1440/record.json,/Users/albin/Code/jori/dist/layout-hunt/SHELL_CAUSES.json
SF3,SF3,confirmed,shell-protected-05-back,cold-375,13856,SF3/SF4; occlusion follow-up pending,/Users/albin/Code/jori/dist/layout-hunt/before/shell/shell-protected-05-back/cold-375/3000.png,/Users/albin/Code/jori/dist/layout-hunt/before/shell/shell-protected-05-back/cold-375/before.png,/Users/albin/Code/jori/dist/layout-hunt/before/shell/shell-protected-05-back/cold-375/record.json,/Users/albin/Code/jori/dist/layout-hunt/SHELL_CAUSES.json
SF3,SF3,confirmed,shell-protected-05-back,warm-1440,1868,SF3/SF4/SF7; occlusion follow-up pending,/Users/albin/Code/jori/dist/layout-hunt/before/shell/shell-protected-05-back/warm-1440/1000.png,/Users/albin/Code/jori/dist/layout-hunt/before/shell/shell-protected-05-back/warm-1440/before.png,/Users/albin/Code/jori/dist/layout-hunt/before/shell/shell-protected-05-back/warm-1440/record.json,/Users/albin/Code/jori/dist/layout-hunt/SHELL_CAUSES.json
SF3,SF3,confirmed,shell-protected-05-back,warm-375,1451,SF3/SF4; occlusion follow-up pending,/Users/albin/Code/jori/dist/layout-hunt/before/shell/shell-protected-05-back/warm-375/1000.png,/Users/albin/Code/jori/dist/layout-hunt/before/shell/shell-protected-05-back/warm-375/before.png,/Users/albin/Code/jori/dist/layout-hunt/before/shell/shell-protected-05-back/warm-375/record.json,/Users/albin/Code/jori/dist/layout-hunt/SHELL_CAUSES.json
SF3,SF3,confirmed,shell-protected-07-back,cold-1440,14200,SF3/SF4/SF7; overlay visibility pending,/Users/albin/Code/jori/dist/layout-hunt/before/shell/shell-protected-07-back/cold-1440/3000.png,/Users/albin/Code/jori/dist/layout-hunt/before/shell/shell-protected-07-back/cold-1440/before.png,/Users/albin/Code/jori/dist/layout-hunt/before/shell/shell-protected-07-back/cold-1440/record.json,/Users/albin/Code/jori/dist/layout-hunt/SHELL_CAUSES.json
SF3,SF3,confirmed,shell-protected-07-back,cold-375,13853,SF3/SF4; overlay visibility pending,/Users/albin/Code/jori/dist/layout-hunt/before/shell/shell-protected-07-back/cold-375/3000.png,/Users/albin/Code/jori/dist/layout-hunt/before/shell/shell-protected-07-back/cold-375/before.png,/Users/albin/Code/jori/dist/layout-hunt/before/shell/shell-protected-07-back/cold-375/record.json,/Users/albin/Code/jori/dist/layout-hunt/SHELL_CAUSES.json
SF3,SF3,confirmed,shell-protected-07-back,warm-1440,1730,SF3/SF4/SF7; overlay visibility pending,/Users/albin/Code/jori/dist/layout-hunt/before/shell/shell-protected-07-back/warm-1440/1000.png,/Users/albin/Code/jori/dist/layout-hunt/before/shell/shell-protected-07-back/warm-1440/before.png,/Users/albin/Code/jori/dist/layout-hunt/before/shell/shell-protected-07-back/warm-1440/record.json,/Users/albin/Code/jori/dist/layout-hunt/SHELL_CAUSES.json
SF3,SF3,confirmed,shell-protected-07-back,warm-375,1385,SF3/SF4; overlay visibility pending,/Users/albin/Code/jori/dist/layout-hunt/before/shell/shell-protected-07-back/warm-375/1000.png,/Users/albin/Code/jori/dist/layout-hunt/before/shell/shell-protected-07-back/warm-375/before.png,/Users/albin/Code/jori/dist/layout-hunt/before/shell/shell-protected-07-back/warm-375/record.json,/Users/albin/Code/jori/dist/layout-hunt/SHELL_CAUSES.json
SF3,SF3,confirmed,shell-protected-09-back,cold-1440,13958,SF3/SF4/SF7; overlay visibility pending,/Users/albin/Code/jori/dist/layout-hunt/before/shell/shell-protected-09-back/cold-1440/3000.png,/Users/albin/Code/jori/dist/layout-hunt/before/shell/shell-protected-09-back/cold-1440/before.png,/Users/albin/Code/jori/dist/layout-hunt/before/shell/shell-protected-09-back/cold-1440/record.json,/Users/albin/Code/jori/dist/layout-hunt/SHELL_CAUSES.json
SF3,SF3,confirmed,shell-protected-09-back,cold-375,13818,SF3 and focused input ring; overlay visibility pending,/Users/albin/Code/jori/dist/layout-hunt/before/shell/shell-protected-09-back/cold-375/3000.png,/Users/albin/Code/jori/dist/layout-hunt/before/shell/shell-protected-09-back/cold-375/before.png,/Users/albin/Code/jori/dist/layout-hunt/before/shell/shell-protected-09-back/cold-375/record.json,/Users/albin/Code/jori/dist/layout-hunt/SHELL_CAUSES.json
SF3,SF3,confirmed,shell-protected-09-back,warm-1440,1571,SF3/SF4/SF7; overlay visibility pending,/Users/albin/Code/jori/dist/layout-hunt/before/shell/shell-protected-09-back/warm-1440/1000.png,/Users/albin/Code/jori/dist/layout-hunt/before/shell/shell-protected-09-back/warm-1440/before.png,/Users/albin/Code/jori/dist/layout-hunt/before/shell/shell-protected-09-back/warm-1440/record.json,/Users/albin/Code/jori/dist/layout-hunt/SHELL_CAUSES.json
SF3,SF3,confirmed,shell-protected-09-back,warm-375,1535,SF3 and focused input ring; overlay visibility pending,/Users/albin/Code/jori/dist/layout-hunt/before/shell/shell-protected-09-back/warm-375/1000.png,/Users/albin/Code/jori/dist/layout-hunt/before/shell/shell-protected-09-back/warm-375/before.png,/Users/albin/Code/jori/dist/layout-hunt/before/shell/shell-protected-09-back/warm-375/record.json,/Users/albin/Code/jori/dist/layout-hunt/SHELL_CAUSES.json
SF3,SF3,confirmed,shell-protected-10-back,cold-1440,14070,SF3/SF4/SF7; overlay visibility pending,/Users/albin/Code/jori/dist/layout-hunt/before/shell/shell-protected-10-back/cold-1440/3000.png,/Users/albin/Code/jori/dist/layout-hunt/before/shell/shell-protected-10-back/cold-1440/before.png,/Users/albin/Code/jori/dist/layout-hunt/before/shell/shell-protected-10-back/cold-1440/record.json,/Users/albin/Code/jori/dist/layout-hunt/SHELL_CAUSES.json
SF3,SF3,confirmed,shell-protected-10-back,cold-375,13820,SF3/SF4; overlay visibility pending,/Users/albin/Code/jori/dist/layout-hunt/before/shell/shell-protected-10-back/cold-375/3000.png,/Users/albin/Code/jori/dist/layout-hunt/before/shell/shell-protected-10-back/cold-375/before.png,/Users/albin/Code/jori/dist/layout-hunt/before/shell/shell-protected-10-back/cold-375/record.json,/Users/albin/Code/jori/dist/layout-hunt/SHELL_CAUSES.json
SF3,SF3,confirmed,shell-protected-10-back,warm-1440,1523,SF3/SF4/SF7; overlay visibility pending,/Users/albin/Code/jori/dist/layout-hunt/before/shell/shell-protected-10-back/warm-1440/1000.png,/Users/albin/Code/jori/dist/layout-hunt/before/shell/shell-protected-10-back/warm-1440/before.png,/Users/albin/Code/jori/dist/layout-hunt/before/shell/shell-protected-10-back/warm-1440/record.json,/Users/albin/Code/jori/dist/layout-hunt/SHELL_CAUSES.json
SF3,SF3,confirmed,shell-protected-10-back,warm-375,1438,SF3/SF4; overlay visibility pending,/Users/albin/Code/jori/dist/layout-hunt/before/shell/shell-protected-10-back/warm-375/1000.png,/Users/albin/Code/jori/dist/layout-hunt/before/shell/shell-protected-10-back/warm-375/before.png,/Users/albin/Code/jori/dist/layout-hunt/before/shell/shell-protected-10-back/warm-375/record.json,/Users/albin/Code/jori/dist/layout-hunt/SHELL_CAUSES.json
SF3,SF3,confirmed,shell-protected-11-back,cold-1440,14800,SF3/SF4/SF7; overlay visibility pending,/Users/albin/Code/jori/dist/layout-hunt/before/shell/shell-protected-11-back/cold-1440/3000.png,/Users/albin/Code/jori/dist/layout-hunt/before/shell/shell-protected-11-back/cold-1440/before.png,/Users/albin/Code/jori/dist/layout-hunt/before/shell/shell-protected-11-back/cold-1440/record.json,/Users/albin/Code/jori/dist/layout-hunt/SHELL_CAUSES.json
SF3,SF3,confirmed,shell-protected-11-back,cold-375,13799,SF3/SF4; overlay visibility pending,/Users/albin/Code/jori/dist/layout-hunt/before/shell/shell-protected-11-back/cold-375/3000.png,/Users/albin/Code/jori/dist/layout-hunt/before/shell/shell-protected-11-back/cold-375/before.png,/Users/albin/Code/jori/dist/layout-hunt/before/shell/shell-protected-11-back/cold-375/record.json,/Users/albin/Code/jori/dist/layout-hunt/SHELL_CAUSES.json
SF3,SF3,confirmed,shell-protected-11-back,warm-1440,1654,SF3/SF4/SF7; overlay visibility pending,/Users/albin/Code/jori/dist/layout-hunt/before/shell/shell-protected-11-back/warm-1440/1000.png,/Users/albin/Code/jori/dist/layout-hunt/before/shell/shell-protected-11-back/warm-1440/before.png,/Users/albin/Code/jori/dist/layout-hunt/before/shell/shell-protected-11-back/warm-1440/record.json,/Users/albin/Code/jori/dist/layout-hunt/SHELL_CAUSES.json
SF3,SF3,confirmed,shell-protected-11-back,warm-375,1334,SF3/SF4; overlay visibility pending,/Users/albin/Code/jori/dist/layout-hunt/before/shell/shell-protected-11-back/warm-375/1000.png,/Users/albin/Code/jori/dist/layout-hunt/before/shell/shell-protected-11-back/warm-375/before.png,/Users/albin/Code/jori/dist/layout-hunt/before/shell/shell-protected-11-back/warm-375/record.json,/Users/albin/Code/jori/dist/layout-hunt/SHELL_CAUSES.json
SF3,SF3,confirmed,shell-protected-12-back,cold-1440,14451,SF3/SF4/SF7; overlay visibility pending,/Users/albin/Code/jori/dist/layout-hunt/before/shell/shell-protected-12-back/cold-1440/3000.png,/Users/albin/Code/jori/dist/layout-hunt/before/shell/shell-protected-12-back/cold-1440/before.png,/Users/albin/Code/jori/dist/layout-hunt/before/shell/shell-protected-12-back/cold-1440/record.json,/Users/albin/Code/jori/dist/layout-hunt/SHELL_CAUSES.json
SF3,SF3,confirmed,shell-protected-12-back,cold-375,13825,SF3/SF4 or focus ring; overlay pending,/Users/albin/Code/jori/dist/layout-hunt/before/shell/shell-protected-12-back/cold-375/3000.png,/Users/albin/Code/jori/dist/layout-hunt/before/shell/shell-protected-12-back/cold-375/before.png,/Users/albin/Code/jori/dist/layout-hunt/before/shell/shell-protected-12-back/cold-375/record.json,/Users/albin/Code/jori/dist/layout-hunt/SHELL_CAUSES.json
SF3,SF3,confirmed,shell-protected-12-back,warm-1440,1590,SF3/SF4/SF7; overlay visibility pending,/Users/albin/Code/jori/dist/layout-hunt/before/shell/shell-protected-12-back/warm-1440/1000.png,/Users/albin/Code/jori/dist/layout-hunt/before/shell/shell-protected-12-back/warm-1440/before.png,/Users/albin/Code/jori/dist/layout-hunt/before/shell/shell-protected-12-back/warm-1440/record.json,/Users/albin/Code/jori/dist/layout-hunt/SHELL_CAUSES.json
SF3,SF3,confirmed,shell-protected-12-back,warm-375,1569,SF3/SF4 or focus ring; overlay pending,/Users/albin/Code/jori/dist/layout-hunt/before/shell/shell-protected-12-back/warm-375/1000.png,/Users/albin/Code/jori/dist/layout-hunt/before/shell/shell-protected-12-back/warm-375/before.png,/Users/albin/Code/jori/dist/layout-hunt/before/shell/shell-protected-12-back/warm-375/record.json,/Users/albin/Code/jori/dist/layout-hunt/SHELL_CAUSES.json
SF3,SF3,confirmed,shell-protected-13-back,cold-1440,15242,SF3/SF4/SF7; overlay visibility pending,/Users/albin/Code/jori/dist/layout-hunt/before/shell/shell-protected-13-back/cold-1440/3000.png,/Users/albin/Code/jori/dist/layout-hunt/before/shell/shell-protected-13-back/cold-1440/before.png,/Users/albin/Code/jori/dist/layout-hunt/before/shell/shell-protected-13-back/cold-1440/record.json,/Users/albin/Code/jori/dist/layout-hunt/SHELL_CAUSES.json
SF3,SF3,confirmed,shell-protected-13-back,cold-375,13872,SF3/SF4 or focus ring; overlay pending,/Users/albin/Code/jori/dist/layout-hunt/before/shell/shell-protected-13-back/cold-375/3000.png,/Users/albin/Code/jori/dist/layout-hunt/before/shell/shell-protected-13-back/cold-375/before.png,/Users/albin/Code/jori/dist/layout-hunt/before/shell/shell-protected-13-back/cold-375/record.json,/Users/albin/Code/jori/dist/layout-hunt/SHELL_CAUSES.json
SF3,SF3,confirmed,shell-protected-13-back,warm-1440,1851,SF3/SF4/SF7; overlay visibility pending,/Users/albin/Code/jori/dist/layout-hunt/before/shell/shell-protected-13-back/warm-1440/1000.png,/Users/albin/Code/jori/dist/layout-hunt/before/shell/shell-protected-13-back/warm-1440/before.png,/Users/albin/Code/jori/dist/layout-hunt/before/shell/shell-protected-13-back/warm-1440/record.json,/Users/albin/Code/jori/dist/layout-hunt/SHELL_CAUSES.json
SF3,SF3,confirmed,shell-protected-13-back,warm-375,1436,SF3/SF4 or focus ring; overlay pending,/Users/albin/Code/jori/dist/layout-hunt/before/shell/shell-protected-13-back/warm-375/1000.png,/Users/albin/Code/jori/dist/layout-hunt/before/shell/shell-protected-13-back/warm-375/before.png,/Users/albin/Code/jori/dist/layout-hunt/before/shell/shell-protected-13-back/warm-375/record.json,/Users/albin/Code/jori/dist/layout-hunt/SHELL_CAUSES.json
SF3,SF3,confirmed,shell-protected-16-back,cold-1440,14692,SF3/SF4/SF7; overlay visibility pending,/Users/albin/Code/jori/dist/layout-hunt/before/shell/shell-protected-16-back/cold-1440/3000.png,/Users/albin/Code/jori/dist/layout-hunt/before/shell/shell-protected-16-back/cold-1440/before.png,/Users/albin/Code/jori/dist/layout-hunt/before/shell/shell-protected-16-back/cold-1440/record.json,/Users/albin/Code/jori/dist/layout-hunt/SHELL_CAUSES.json
SF3,SF3,confirmed,shell-protected-16-back,cold-375,13984,SF3/SF4 or focus-ring bounds; overlay visibility pending,/Users/albin/Code/jori/dist/layout-hunt/before/shell/shell-protected-16-back/cold-375/3000.png,/Users/albin/Code/jori/dist/layout-hunt/before/shell/shell-protected-16-back/cold-375/before.png,/Users/albin/Code/jori/dist/layout-hunt/before/shell/shell-protected-16-back/cold-375/record.json,/Users/albin/Code/jori/dist/layout-hunt/SHELL_CAUSES.json
SF3,SF3,confirmed,shell-protected-16-back,warm-1440,1303,SF3/SF4/SF7; overlay visibility pending,/Users/albin/Code/jori/dist/layout-hunt/before/shell/shell-protected-16-back/warm-1440/1000.png,/Users/albin/Code/jori/dist/layout-hunt/before/shell/shell-protected-16-back/warm-1440/before.png,/Users/albin/Code/jori/dist/layout-hunt/before/shell/shell-protected-16-back/warm-1440/record.json,/Users/albin/Code/jori/dist/layout-hunt/SHELL_CAUSES.json
SF3,SF3,confirmed,shell-protected-16-back,warm-375,1407,SF3/SF4 or focus-ring bounds; overlay visibility pending,/Users/albin/Code/jori/dist/layout-hunt/before/shell/shell-protected-16-back/warm-375/1000.png,/Users/albin/Code/jori/dist/layout-hunt/before/shell/shell-protected-16-back/warm-375/before.png,/Users/albin/Code/jori/dist/layout-hunt/before/shell/shell-protected-16-back/warm-375/record.json,/Users/albin/Code/jori/dist/layout-hunt/SHELL_CAUSES.json
SF3,SF3,confirmed,shell-protected-17-back,cold-375,14074,SF3 plus focus-ring bounds; overlay visibility pending,/Users/albin/Code/jori/dist/layout-hunt/before/shell/shell-protected-17-back/cold-375/3000.png,/Users/albin/Code/jori/dist/layout-hunt/before/shell/shell-protected-17-back/cold-375/before.png,/Users/albin/Code/jori/dist/layout-hunt/before/shell/shell-protected-17-back/cold-375/record.json,/Users/albin/Code/jori/dist/layout-hunt/SHELL_CAUSES.json
SF3,SF3,confirmed,shell-protected-17-back,warm-375,1368,SF3 plus focus-ring bounds; overlay visibility pending,/Users/albin/Code/jori/dist/layout-hunt/before/shell/shell-protected-17-back/warm-375/1000.png,/Users/albin/Code/jori/dist/layout-hunt/before/shell/shell-protected-17-back/warm-375/before.png,/Users/albin/Code/jori/dist/layout-hunt/before/shell/shell-protected-17-back/warm-375/record.json,/Users/albin/Code/jori/dist/layout-hunt/SHELL_CAUSES.json
SF3,SF3,confirmed,shell-protected-19-back,cold-1440,14375,SF3/SF4/SF7; overlay visibility pending,/Users/albin/Code/jori/dist/layout-hunt/before/shell/shell-protected-19-back/cold-1440/3000.png,/Users/albin/Code/jori/dist/layout-hunt/before/shell/shell-protected-19-back/cold-1440/before.png,/Users/albin/Code/jori/dist/layout-hunt/before/shell/shell-protected-19-back/cold-1440/record.json,/Users/albin/Code/jori/dist/layout-hunt/SHELL_CAUSES.json
SF3,SF3,confirmed,shell-protected-19-back,cold-375,14931,SF3/SF4; overlay visibility pending,/Users/albin/Code/jori/dist/layout-hunt/before/shell/shell-protected-19-back/cold-375/3000.png,/Users/albin/Code/jori/dist/layout-hunt/before/shell/shell-protected-19-back/cold-375/before.png,/Users/albin/Code/jori/dist/layout-hunt/before/shell/shell-protected-19-back/cold-375/record.json,/Users/albin/Code/jori/dist/layout-hunt/SHELL_CAUSES.json
SF3,SF3,confirmed,shell-protected-19-back,warm-1440,1670,SF3/SF4/SF7; overlay visibility pending,/Users/albin/Code/jori/dist/layout-hunt/before/shell/shell-protected-19-back/warm-1440/1000.png,/Users/albin/Code/jori/dist/layout-hunt/before/shell/shell-protected-19-back/warm-1440/before.png,/Users/albin/Code/jori/dist/layout-hunt/before/shell/shell-protected-19-back/warm-1440/record.json,/Users/albin/Code/jori/dist/layout-hunt/SHELL_CAUSES.json
SF3,SF3,confirmed,shell-protected-19-back,warm-375,2108,SF3/SF4; overlay visibility pending,/Users/albin/Code/jori/dist/layout-hunt/before/shell/shell-protected-19-back/warm-375/1000.png,/Users/albin/Code/jori/dist/layout-hunt/before/shell/shell-protected-19-back/warm-375/before.png,/Users/albin/Code/jori/dist/layout-hunt/before/shell/shell-protected-19-back/warm-375/record.json,/Users/albin/Code/jori/dist/layout-hunt/SHELL_CAUSES.json
SF3,SF3,confirmed,shell-auth-boundary-initialization,cold-1440,14110,"Loaded real console reached after member initialization. SF3 Recent three-row centering, SF4 model readiness and SF7 async sidebar candidates. Initial overlay opacity follow-up pending.",/Users/albin/Code/jori/dist/layout-hunt/before/shell-resume/shell-auth-boundary-initialization/cold-1440/3000.png,/Users/albin/Code/jori/dist/layout-hunt/before/shell-resume/shell-auth-boundary-initialization/cold-1440/settled.png,/Users/albin/Code/jori/dist/layout-hunt/before/shell-resume/shell-auth-boundary-initialization/cold-1440/record.json,/Users/albin/Code/jori/dist/layout-hunt/SHELL_CAUSES.json
SF3,SF3,confirmed,shell-auth-boundary-initialization,cold-375,14010,"Loaded real console reached after member initialization. SF3 Recent three-row centering, SF4 model readiness and SF7 async sidebar candidates. Initial overlay opacity follow-up pending.",/Users/albin/Code/jori/dist/layout-hunt/before/shell-resume/shell-auth-boundary-initialization/cold-375/3000.png,/Users/albin/Code/jori/dist/layout-hunt/before/shell-resume/shell-auth-boundary-initialization/cold-375/settled.png,/Users/albin/Code/jori/dist/layout-hunt/before/shell-resume/shell-auth-boundary-initialization/cold-375/record.json,/Users/albin/Code/jori/dist/layout-hunt/SHELL_CAUSES.json
SF3,SF3,confirmed,shell-auth-boundary-initialization,warm-1440,1768,"Loaded real console reached after member initialization. SF3 Recent three-row centering, SF4 model readiness and SF7 async sidebar candidates. Initial overlay opacity follow-up pending.",/Users/albin/Code/jori/dist/layout-hunt/before/shell-resume/shell-auth-boundary-initialization/warm-1440/1000.png,/Users/albin/Code/jori/dist/layout-hunt/before/shell-resume/shell-auth-boundary-initialization/warm-1440/3000.png,/Users/albin/Code/jori/dist/layout-hunt/before/shell-resume/shell-auth-boundary-initialization/warm-1440/record.json,/Users/albin/Code/jori/dist/layout-hunt/SHELL_CAUSES.json
SF3,SF3,confirmed,shell-auth-boundary-initialization,warm-375,1589,"Loaded real console reached after member initialization. SF3 Recent three-row centering, SF4 model readiness and SF7 async sidebar candidates. Initial overlay opacity follow-up pending.",/Users/albin/Code/jori/dist/layout-hunt/before/shell-resume/shell-auth-boundary-initialization/warm-375/1000.png,/Users/albin/Code/jori/dist/layout-hunt/before/shell-resume/shell-auth-boundary-initialization/warm-375/3000.png,/Users/albin/Code/jori/dist/layout-hunt/before/shell-resume/shell-auth-boundary-initialization/warm-375/record.json,/Users/albin/Code/jori/dist/layout-hunt/SHELL_CAUSES.json
SF3,CHAT-F03,confirmed,CHAT-G04,cold-1440,16749,,/Users/albin/Code/jori/dist/layout-hunt/before/chat/CHAT-G04/cold-1440/0.png,/Users/albin/Code/jori/dist/layout-hunt/before/chat/CHAT-G04/cold-1440/settled.png,/Users/albin/Code/jori/dist/layout-hunt/before/chat/CHAT-G04/cold-1440/record.json,/Users/albin/Code/jori/dist/layout-hunt/chat-causes-all.json
SF3,CHAT-F03,confirmed,CHAT-G04,cold-375,13853,,/Users/albin/Code/jori/dist/layout-hunt/before/chat/CHAT-G04/cold-375/0.png,/Users/albin/Code/jori/dist/layout-hunt/before/chat/CHAT-G04/cold-375/settled.png,/Users/albin/Code/jori/dist/layout-hunt/before/chat/CHAT-G04/cold-375/record.json,/Users/albin/Code/jori/dist/layout-hunt/chat-causes-all.json
SF3,CHAT-F03,confirmed,CHAT-G04,warm-1440,1760,,/Users/albin/Code/jori/dist/layout-hunt/before/chat/CHAT-G04/warm-1440/0.png,/Users/albin/Code/jori/dist/layout-hunt/before/chat/CHAT-G04/warm-1440/settled.png,/Users/albin/Code/jori/dist/layout-hunt/before/chat/CHAT-G04/warm-1440/record.json,/Users/albin/Code/jori/dist/layout-hunt/chat-causes-all.json
SF3,CHAT-F03,confirmed,CHAT-G04,warm-375,1253,,/Users/albin/Code/jori/dist/layout-hunt/before/chat/CHAT-G04/warm-375/0.png,/Users/albin/Code/jori/dist/layout-hunt/before/chat/CHAT-G04/warm-375/settled.png,/Users/albin/Code/jori/dist/layout-hunt/before/chat/CHAT-G04/warm-375/record.json,/Users/albin/Code/jori/dist/layout-hunt/chat-causes-all.json
SF3,CHAT-F03,confirmed,CHAT-G09,cold-1440,14162,,/Users/albin/Code/jori/dist/layout-hunt/before/chat/CHAT-G09/cold-1440/0.png,/Users/albin/Code/jori/dist/layout-hunt/before/chat/CHAT-G09/cold-1440/settled.png,/Users/albin/Code/jori/dist/layout-hunt/before/chat/CHAT-G09/cold-1440/record.json,/Users/albin/Code/jori/dist/layout-hunt/chat-causes-all.json
SF3,CHAT-F03,confirmed,CHAT-G09,cold-375,13895,,/Users/albin/Code/jori/dist/layout-hunt/before/chat/CHAT-G09/cold-375/0.png,/Users/albin/Code/jori/dist/layout-hunt/before/chat/CHAT-G09/cold-375/settled.png,/Users/albin/Code/jori/dist/layout-hunt/before/chat/CHAT-G09/cold-375/record.json,/Users/albin/Code/jori/dist/layout-hunt/chat-causes-all.json
SF3,CHAT-F03,confirmed,CHAT-G09,warm-1440,1501,,/Users/albin/Code/jori/dist/layout-hunt/before/chat/CHAT-G09/warm-1440/0.png,/Users/albin/Code/jori/dist/layout-hunt/before/chat/CHAT-G09/warm-1440/settled.png,/Users/albin/Code/jori/dist/layout-hunt/before/chat/CHAT-G09/warm-1440/record.json,/Users/albin/Code/jori/dist/layout-hunt/chat-causes-all.json
SF3,CHAT-F03,confirmed,CHAT-G09,warm-375,1352,,/Users/albin/Code/jori/dist/layout-hunt/before/chat/CHAT-G09/warm-375/0.png,/Users/albin/Code/jori/dist/layout-hunt/before/chat/CHAT-G09/warm-375/settled.png,/Users/albin/Code/jori/dist/layout-hunt/before/chat/CHAT-G09/warm-375/record.json,/Users/albin/Code/jori/dist/layout-hunt/chat-causes-all.json
SF4,SF4,confirmed,shell-nested-missing-chat,warm-1440,591,SF4 visible composer82→111px; Q3 active text weight,/Users/albin/Code/jori/dist/layout-hunt/before/shell/shell-nested-missing-chat/warm-1440/250.png,/Users/albin/Code/jori/dist/layout-hunt/before/shell/shell-nested-missing-chat/warm-1440/1000.png,/Users/albin/Code/jori/dist/layout-hunt/before/shell/shell-nested-missing-chat/warm-1440/record.json,/Users/albin/Code/jori/dist/layout-hunt/SHELL_CAUSES.json
SF4,SF4,confirmed,shell-nested-missing-chat,warm-375,378,SF4 visible reason→icon swap (recent input true),/Users/albin/Code/jori/dist/layout-hunt/before/shell/shell-nested-missing-chat/warm-375/250.png,/Users/albin/Code/jori/dist/layout-hunt/before/shell/shell-nested-missing-chat/warm-375/1000.png,/Users/albin/Code/jori/dist/layout-hunt/before/shell/shell-nested-missing-chat/warm-375/record.json,/Users/albin/Code/jori/dist/layout-hunt/SHELL_CAUSES.json
SF4,SF4,confirmed,shell-protected-01-back,cold-1440,13927,SF3 Recent recentering; SF4 model readiness; SF7 sidebar data insertion on desktop. Auth overlay appears for full-document back navigation.,/Users/albin/Code/jori/dist/layout-hunt/before/shell/shell-protected-01-back/cold-1440/3000.png,/Users/albin/Code/jori/dist/layout-hunt/before/shell/shell-protected-01-back/cold-1440/before.png,/Users/albin/Code/jori/dist/layout-hunt/before/shell/shell-protected-01-back/cold-1440/record.json,/Users/albin/Code/jori/dist/layout-hunt/SHELL_CAUSES.json
SF4,SF4,confirmed,shell-protected-01-back,cold-375,13835,SF3 Recent recentering; SF4 model readiness; SF7 sidebar data insertion on desktop. Auth overlay appears for full-document back navigation.,/Users/albin/Code/jori/dist/layout-hunt/before/shell/shell-protected-01-back/cold-375/3000.png,/Users/albin/Code/jori/dist/layout-hunt/before/shell/shell-protected-01-back/cold-375/before.png,/Users/albin/Code/jori/dist/layout-hunt/before/shell/shell-protected-01-back/cold-375/record.json,/Users/albin/Code/jori/dist/layout-hunt/SHELL_CAUSES.json
SF4,SF4,confirmed,shell-protected-01-back,warm-1440,1852,SF3 Recent recentering; SF4 model readiness; SF7 sidebar data insertion on desktop. Auth overlay appears for full-document back navigation.,/Users/albin/Code/jori/dist/layout-hunt/before/shell/shell-protected-01-back/warm-1440/1000.png,/Users/albin/Code/jori/dist/layout-hunt/before/shell/shell-protected-01-back/warm-1440/before.png,/Users/albin/Code/jori/dist/layout-hunt/before/shell/shell-protected-01-back/warm-1440/record.json,/Users/albin/Code/jori/dist/layout-hunt/SHELL_CAUSES.json
SF4,SF4,confirmed,shell-protected-01-enter,cold-375,15572,"SF4 composer readiness, SF5 breadcrumb; SF7 async sidebar on desktop; reserved full-viewport auth loading replacement.",/Users/albin/Code/jori/dist/layout-hunt/before/shell/shell-protected-01-enter/cold-375/3000.png,/Users/albin/Code/jori/dist/layout-hunt/before/shell/shell-protected-01-enter/cold-375/settled.png,/Users/albin/Code/jori/dist/layout-hunt/before/shell/shell-protected-01-enter/cold-375/record.json,/Users/albin/Code/jori/dist/layout-hunt/SHELL_CAUSES.json
SF4,SF4,confirmed,shell-protected-01-enter,warm-375,2321,"SF4 composer readiness, SF5 breadcrumb; SF7 async sidebar on desktop; reserved full-viewport auth loading replacement.",/Users/albin/Code/jori/dist/layout-hunt/before/shell/shell-protected-01-enter/warm-375/1000.png,/Users/albin/Code/jori/dist/layout-hunt/before/shell/shell-protected-01-enter/warm-375/3000.png,/Users/albin/Code/jori/dist/layout-hunt/before/shell/shell-protected-01-enter/warm-375/record.json,/Users/albin/Code/jori/dist/layout-hunt/SHELL_CAUSES.json
SF4,SF4,confirmed,shell-protected-02-enter,cold-1440,14123,SF3 Recent recentering; SF4 model readiness; SF7 sidebar data insertion on desktop. Auth overlay appears for full-document back navigation.,/Users/albin/Code/jori/dist/layout-hunt/before/shell/shell-protected-02-enter/cold-1440/3000.png,/Users/albin/Code/jori/dist/layout-hunt/before/shell/shell-protected-02-enter/cold-1440/settled.png,/Users/albin/Code/jori/dist/layout-hunt/before/shell/shell-protected-02-enter/cold-1440/record.json,/Users/albin/Code/jori/dist/layout-hunt/SHELL_CAUSES.json
SF4,SF4,confirmed,shell-protected-02-enter,warm-1440,3022,SF3 Recent recentering; SF4 model readiness; SF7 sidebar data insertion on desktop. Auth overlay appears for full-document back navigation.,/Users/albin/Code/jori/dist/layout-hunt/before/shell/shell-protected-02-enter/warm-1440/1000.png,/Users/albin/Code/jori/dist/layout-hunt/before/shell/shell-protected-02-enter/warm-1440/3000.png,/Users/albin/Code/jori/dist/layout-hunt/before/shell/shell-protected-02-enter/warm-1440/record.json,/Users/albin/Code/jori/dist/layout-hunt/SHELL_CAUSES.json
SF4,SF4,confirmed,shell-protected-03-back,cold-1440,13720,SF3/SF4/SF7 two-chat data,/Users/albin/Code/jori/dist/layout-hunt/before/shell/shell-protected-03-back/cold-1440/3000.png,/Users/albin/Code/jori/dist/layout-hunt/before/shell/shell-protected-03-back/cold-1440/before.png,/Users/albin/Code/jori/dist/layout-hunt/before/shell/shell-protected-03-back/cold-1440/record.json,/Users/albin/Code/jori/dist/layout-hunt/SHELL_CAUSES.json
SF4,SF4,confirmed,shell-protected-03-back,cold-375,13737,SF3/SF4 two-chat data,/Users/albin/Code/jori/dist/layout-hunt/before/shell/shell-protected-03-back/cold-375/3000.png,/Users/albin/Code/jori/dist/layout-hunt/before/shell/shell-protected-03-back/cold-375/before.png,/Users/albin/Code/jori/dist/layout-hunt/before/shell/shell-protected-03-back/cold-375/record.json,/Users/albin/Code/jori/dist/layout-hunt/SHELL_CAUSES.json
SF4,SF4,confirmed,shell-protected-03-back,warm-1440,1621,SF3/SF4/SF7 two-chat data,/Users/albin/Code/jori/dist/layout-hunt/before/shell/shell-protected-03-back/warm-1440/1000.png,/Users/albin/Code/jori/dist/layout-hunt/before/shell/shell-protected-03-back/warm-1440/before.png,/Users/albin/Code/jori/dist/layout-hunt/before/shell/shell-protected-03-back/warm-1440/record.json,/Users/albin/Code/jori/dist/layout-hunt/SHELL_CAUSES.json
SF4,SF4,confirmed,shell-protected-03-back,warm-375,1485,SF3/SF4 two-chat data,/Users/albin/Code/jori/dist/layout-hunt/before/shell/shell-protected-03-back/warm-375/1000.png,/Users/albin/Code/jori/dist/layout-hunt/before/shell/shell-protected-03-back/warm-375/before.png,/Users/albin/Code/jori/dist/layout-hunt/before/shell/shell-protected-03-back/warm-375/record.json,/Users/albin/Code/jori/dist/layout-hunt/SHELL_CAUSES.json
SF4,SF4,confirmed,shell-protected-04-back,cold-1440,13909,SF3/SF4/SF7,/Users/albin/Code/jori/dist/layout-hunt/before/shell/shell-protected-04-back/cold-1440/3000.png,/Users/albin/Code/jori/dist/layout-hunt/before/shell/shell-protected-04-back/cold-1440/before.png,/Users/albin/Code/jori/dist/layout-hunt/before/shell/shell-protected-04-back/cold-1440/record.json,/Users/albin/Code/jori/dist/layout-hunt/SHELL_CAUSES.json
SF4,SF4,confirmed,shell-protected-04-back,cold-375,14420,SF3/SF4,/Users/albin/Code/jori/dist/layout-hunt/before/shell/shell-protected-04-back/cold-375/3000.png,/Users/albin/Code/jori/dist/layout-hunt/before/shell/shell-protected-04-back/cold-375/before.png,/Users/albin/Code/jori/dist/layout-hunt/before/shell/shell-protected-04-back/cold-375/record.json,/Users/albin/Code/jori/dist/layout-hunt/SHELL_CAUSES.json
SF4,SF4,confirmed,shell-protected-04-back,warm-1440,1468,SF3/SF4/SF7,/Users/albin/Code/jori/dist/layout-hunt/before/shell/shell-protected-04-back/warm-1440/1000.png,/Users/albin/Code/jori/dist/layout-hunt/before/shell/shell-protected-04-back/warm-1440/before.png,/Users/albin/Code/jori/dist/layout-hunt/before/shell/shell-protected-04-back/warm-1440/record.json,/Users/albin/Code/jori/dist/layout-hunt/SHELL_CAUSES.json
SF4,SF4,confirmed,shell-protected-05-back,cold-1440,13795,SF3/SF4/SF7; occlusion follow-up pending,/Users/albin/Code/jori/dist/layout-hunt/before/shell/shell-protected-05-back/cold-1440/3000.png,/Users/albin/Code/jori/dist/layout-hunt/before/shell/shell-protected-05-back/cold-1440/before.png,/Users/albin/Code/jori/dist/layout-hunt/before/shell/shell-protected-05-back/cold-1440/record.json,/Users/albin/Code/jori/dist/layout-hunt/SHELL_CAUSES.json
SF4,SF4,confirmed,shell-protected-05-back,cold-375,13963,SF3/SF4; occlusion follow-up pending,/Users/albin/Code/jori/dist/layout-hunt/before/shell/shell-protected-05-back/cold-375/3000.png,/Users/albin/Code/jori/dist/layout-hunt/before/shell/shell-protected-05-back/cold-375/before.png,/Users/albin/Code/jori/dist/layout-hunt/before/shell/shell-protected-05-back/cold-375/record.json,/Users/albin/Code/jori/dist/layout-hunt/SHELL_CAUSES.json
SF4,SF4,confirmed,shell-protected-05-back,warm-1440,1802,SF3/SF4/SF7; occlusion follow-up pending,/Users/albin/Code/jori/dist/layout-hunt/before/shell/shell-protected-05-back/warm-1440/1000.png,/Users/albin/Code/jori/dist/layout-hunt/before/shell/shell-protected-05-back/warm-1440/before.png,/Users/albin/Code/jori/dist/layout-hunt/before/shell/shell-protected-05-back/warm-1440/record.json,/Users/albin/Code/jori/dist/layout-hunt/SHELL_CAUSES.json
SF4,SF4,confirmed,shell-protected-05-back,warm-375,1484,SF3/SF4; occlusion follow-up pending,/Users/albin/Code/jori/dist/layout-hunt/before/shell/shell-protected-05-back/warm-375/1000.png,/Users/albin/Code/jori/dist/layout-hunt/before/shell/shell-protected-05-back/warm-375/before.png,/Users/albin/Code/jori/dist/layout-hunt/before/shell/shell-protected-05-back/warm-375/record.json,/Users/albin/Code/jori/dist/layout-hunt/SHELL_CAUSES.json
SF4,SF4,confirmed,shell-protected-07-back,cold-1440,13869,SF3/SF4/SF7; overlay visibility pending,/Users/albin/Code/jori/dist/layout-hunt/before/shell/shell-protected-07-back/cold-1440/3000.png,/Users/albin/Code/jori/dist/layout-hunt/before/shell/shell-protected-07-back/cold-1440/before.png,/Users/albin/Code/jori/dist/layout-hunt/before/shell/shell-protected-07-back/cold-1440/record.json,/Users/albin/Code/jori/dist/layout-hunt/SHELL_CAUSES.json
SF4,SF4,confirmed,shell-protected-07-back,cold-375,13919,SF3/SF4; overlay visibility pending,/Users/albin/Code/jori/dist/layout-hunt/before/shell/shell-protected-07-back/cold-375/3000.png,/Users/albin/Code/jori/dist/layout-hunt/before/shell/shell-protected-07-back/cold-375/before.png,/Users/albin/Code/jori/dist/layout-hunt/before/shell/shell-protected-07-back/cold-375/record.json,/Users/albin/Code/jori/dist/layout-hunt/SHELL_CAUSES.json
SF4,SF4,confirmed,shell-protected-07-back,warm-1440,1565,SF3/SF4/SF7; overlay visibility pending,/Users/albin/Code/jori/dist/layout-hunt/before/shell/shell-protected-07-back/warm-1440/1000.png,/Users/albin/Code/jori/dist/layout-hunt/before/shell/shell-protected-07-back/warm-1440/before.png,/Users/albin/Code/jori/dist/layout-hunt/before/shell/shell-protected-07-back/warm-1440/record.json,/Users/albin/Code/jori/dist/layout-hunt/SHELL_CAUSES.json
SF4,SF4,confirmed,shell-protected-07-back,warm-375,1434,SF3/SF4; overlay visibility pending,/Users/albin/Code/jori/dist/layout-hunt/before/shell/shell-protected-07-back/warm-375/1000.png,/Users/albin/Code/jori/dist/layout-hunt/before/shell/shell-protected-07-back/warm-375/before.png,/Users/albin/Code/jori/dist/layout-hunt/before/shell/shell-protected-07-back/warm-375/record.json,/Users/albin/Code/jori/dist/layout-hunt/SHELL_CAUSES.json
SF4,SF4,confirmed,shell-protected-09-back,cold-1440,13738,SF3/SF4/SF7; overlay visibility pending,/Users/albin/Code/jori/dist/layout-hunt/before/shell/shell-protected-09-back/cold-1440/3000.png,/Users/albin/Code/jori/dist/layout-hunt/before/shell/shell-protected-09-back/cold-1440/before.png,/Users/albin/Code/jori/dist/layout-hunt/before/shell/shell-protected-09-back/cold-1440/record.json,/Users/albin/Code/jori/dist/layout-hunt/SHELL_CAUSES.json
SF4,SF4,confirmed,shell-protected-09-back,warm-1440,1436,SF3/SF4/SF7; overlay visibility pending,/Users/albin/Code/jori/dist/layout-hunt/before/shell/shell-protected-09-back/warm-1440/1000.png,/Users/albin/Code/jori/dist/layout-hunt/before/shell/shell-protected-09-back/warm-1440/before.png,/Users/albin/Code/jori/dist/layout-hunt/before/shell/shell-protected-09-back/warm-1440/record.json,/Users/albin/Code/jori/dist/layout-hunt/SHELL_CAUSES.json
SF4,SF4,confirmed,shell-protected-10-back,cold-1440,13809,SF3/SF4/SF7; overlay visibility pending,/Users/albin/Code/jori/dist/layout-hunt/before/shell/shell-protected-10-back/cold-1440/3000.png,/Users/albin/Code/jori/dist/layout-hunt/before/shell/shell-protected-10-back/cold-1440/before.png,/Users/albin/Code/jori/dist/layout-hunt/before/shell/shell-protected-10-back/cold-1440/record.json,/Users/albin/Code/jori/dist/layout-hunt/SHELL_CAUSES.json
SF4,SF4,confirmed,shell-protected-10-back,cold-375,13858,SF3/SF4; overlay visibility pending,/Users/albin/Code/jori/dist/layout-hunt/before/shell/shell-protected-10-back/cold-375/3000.png,/Users/albin/Code/jori/dist/layout-hunt/before/shell/shell-protected-10-back/cold-375/before.png,/Users/albin/Code/jori/dist/layout-hunt/before/shell/shell-protected-10-back/cold-375/record.json,/Users/albin/Code/jori/dist/layout-hunt/SHELL_CAUSES.json
SF4,SF4,confirmed,shell-protected-10-back,warm-1440,1389,SF3/SF4/SF7; overlay visibility pending,/Users/albin/Code/jori/dist/layout-hunt/before/shell/shell-protected-10-back/warm-1440/1000.png,/Users/albin/Code/jori/dist/layout-hunt/before/shell/shell-protected-10-back/warm-1440/before.png,/Users/albin/Code/jori/dist/layout-hunt/before/shell/shell-protected-10-back/warm-1440/record.json,/Users/albin/Code/jori/dist/layout-hunt/SHELL_CAUSES.json
SF4,SF4,confirmed,shell-protected-10-back,warm-375,1472,SF3/SF4; overlay visibility pending,/Users/albin/Code/jori/dist/layout-hunt/before/shell/shell-protected-10-back/warm-375/1000.png,/Users/albin/Code/jori/dist/layout-hunt/before/shell/shell-protected-10-back/warm-375/before.png,/Users/albin/Code/jori/dist/layout-hunt/before/shell/shell-protected-10-back/warm-375/record.json,/Users/albin/Code/jori/dist/layout-hunt/SHELL_CAUSES.json
SF4,SF4,confirmed,shell-protected-11-back,cold-1440,14506,SF3/SF4/SF7; overlay visibility pending,/Users/albin/Code/jori/dist/layout-hunt/before/shell/shell-protected-11-back/cold-1440/3000.png,/Users/albin/Code/jori/dist/layout-hunt/before/shell/shell-protected-11-back/cold-1440/before.png,/Users/albin/Code/jori/dist/layout-hunt/before/shell/shell-protected-11-back/cold-1440/record.json,/Users/albin/Code/jori/dist/layout-hunt/SHELL_CAUSES.json
SF4,SF4,confirmed,shell-protected-11-back,cold-375,13832,SF3/SF4; overlay visibility pending,/Users/albin/Code/jori/dist/layout-hunt/before/shell/shell-protected-11-back/cold-375/3000.png,/Users/albin/Code/jori/dist/layout-hunt/before/shell/shell-protected-11-back/cold-375/before.png,/Users/albin/Code/jori/dist/layout-hunt/before/shell/shell-protected-11-back/cold-375/record.json,/Users/albin/Code/jori/dist/layout-hunt/SHELL_CAUSES.json
SF4,SF4,confirmed,shell-protected-11-back,warm-1440,1489,SF3/SF4/SF7; overlay visibility pending,/Users/albin/Code/jori/dist/layout-hunt/before/shell/shell-protected-11-back/warm-1440/1000.png,/Users/albin/Code/jori/dist/layout-hunt/before/shell/shell-protected-11-back/warm-1440/before.png,/Users/albin/Code/jori/dist/layout-hunt/before/shell/shell-protected-11-back/warm-1440/record.json,/Users/albin/Code/jori/dist/layout-hunt/SHELL_CAUSES.json
SF4,SF4,confirmed,shell-protected-11-back,warm-375,1351,SF3/SF4; overlay visibility pending,/Users/albin/Code/jori/dist/layout-hunt/before/shell/shell-protected-11-back/warm-375/1000.png,/Users/albin/Code/jori/dist/layout-hunt/before/shell/shell-protected-11-back/warm-375/before.png,/Users/albin/Code/jori/dist/layout-hunt/before/shell/shell-protected-11-back/warm-375/record.json,/Users/albin/Code/jori/dist/layout-hunt/SHELL_CAUSES.json
SF4,SF4,confirmed,shell-protected-12-back,cold-1440,14226,SF3/SF4/SF7; overlay visibility pending,/Users/albin/Code/jori/dist/layout-hunt/before/shell/shell-protected-12-back/cold-1440/3000.png,/Users/albin/Code/jori/dist/layout-hunt/before/shell/shell-protected-12-back/cold-1440/before.png,/Users/albin/Code/jori/dist/layout-hunt/before/shell/shell-protected-12-back/cold-1440/record.json,/Users/albin/Code/jori/dist/layout-hunt/SHELL_CAUSES.json
SF4,SF4,confirmed,shell-protected-12-back,warm-1440,1438,SF3/SF4/SF7; overlay visibility pending,/Users/albin/Code/jori/dist/layout-hunt/before/shell/shell-protected-12-back/warm-1440/1000.png,/Users/albin/Code/jori/dist/layout-hunt/before/shell/shell-protected-12-back/warm-1440/before.png,/Users/albin/Code/jori/dist/layout-hunt/before/shell/shell-protected-12-back/warm-1440/record.json,/Users/albin/Code/jori/dist/layout-hunt/SHELL_CAUSES.json
SF4,SF4,confirmed,shell-protected-12-back,warm-375,1586,SF3/SF4 or focus ring; overlay pending,/Users/albin/Code/jori/dist/layout-hunt/before/shell/shell-protected-12-back/warm-375/1000.png,/Users/albin/Code/jori/dist/layout-hunt/before/shell/shell-protected-12-back/warm-375/before.png,/Users/albin/Code/jori/dist/layout-hunt/before/shell/shell-protected-12-back/warm-375/record.json,/Users/albin/Code/jori/dist/layout-hunt/SHELL_CAUSES.json
SF4,SF4,confirmed,shell-protected-13-back,cold-1440,14896,SF3/SF4/SF7; overlay visibility pending,/Users/albin/Code/jori/dist/layout-hunt/before/shell/shell-protected-13-back/cold-1440/3000.png,/Users/albin/Code/jori/dist/layout-hunt/before/shell/shell-protected-13-back/cold-1440/before.png,/Users/albin/Code/jori/dist/layout-hunt/before/shell/shell-protected-13-back/cold-1440/record.json,/Users/albin/Code/jori/dist/layout-hunt/SHELL_CAUSES.json
SF4,SF4,confirmed,shell-protected-13-back,warm-1440,1552,SF3/SF4/SF7; overlay visibility pending,/Users/albin/Code/jori/dist/layout-hunt/before/shell/shell-protected-13-back/warm-1440/1000.png,/Users/albin/Code/jori/dist/layout-hunt/before/shell/shell-protected-13-back/warm-1440/before.png,/Users/albin/Code/jori/dist/layout-hunt/before/shell/shell-protected-13-back/warm-1440/record.json,/Users/albin/Code/jori/dist/layout-hunt/SHELL_CAUSES.json
SF4,SF4,confirmed,shell-protected-13-back,warm-375,1454,SF3/SF4 or focus ring; overlay pending,/Users/albin/Code/jori/dist/layout-hunt/before/shell/shell-protected-13-back/warm-375/1000.png,/Users/albin/Code/jori/dist/layout-hunt/before/shell/shell-protected-13-back/warm-375/before.png,/Users/albin/Code/jori/dist/layout-hunt/before/shell/shell-protected-13-back/warm-375/record.json,/Users/albin/Code/jori/dist/layout-hunt/SHELL_CAUSES.json
SF4,SF4,confirmed,shell-protected-16-back,cold-1440,14711,SF3/SF4/SF7; overlay visibility pending,/Users/albin/Code/jori/dist/layout-hunt/before/shell/shell-protected-16-back/cold-1440/3000.png,/Users/albin/Code/jori/dist/layout-hunt/before/shell/shell-protected-16-back/cold-1440/before.png,/Users/albin/Code/jori/dist/layout-hunt/before/shell/shell-protected-16-back/cold-1440/record.json,/Users/albin/Code/jori/dist/layout-hunt/SHELL_CAUSES.json
SF4,SF4,confirmed,shell-protected-16-back,warm-1440,1436,SF3/SF4/SF7; overlay visibility pending,/Users/albin/Code/jori/dist/layout-hunt/before/shell/shell-protected-16-back/warm-1440/1000.png,/Users/albin/Code/jori/dist/layout-hunt/before/shell/shell-protected-16-back/warm-1440/before.png,/Users/albin/Code/jori/dist/layout-hunt/before/shell/shell-protected-16-back/warm-1440/record.json,/Users/albin/Code/jori/dist/layout-hunt/SHELL_CAUSES.json
SF4,SF4,confirmed,shell-protected-16-back,warm-375,1557,SF3/SF4 or focus-ring bounds; overlay visibility pending,/Users/albin/Code/jori/dist/layout-hunt/before/shell/shell-protected-16-back/warm-375/1000.png,/Users/albin/Code/jori/dist/layout-hunt/before/shell/shell-protected-16-back/warm-375/before.png,/Users/albin/Code/jori/dist/layout-hunt/before/shell/shell-protected-16-back/warm-375/record.json,/Users/albin/Code/jori/dist/layout-hunt/SHELL_CAUSES.json
SF4,SF4,confirmed,shell-protected-17-back,cold-1440,14115,SF3/SF4/SF7 combined; overlay visibility pending,/Users/albin/Code/jori/dist/layout-hunt/before/shell/shell-protected-17-back/cold-1440/3000.png,/Users/albin/Code/jori/dist/layout-hunt/before/shell/shell-protected-17-back/cold-1440/before.png,/Users/albin/Code/jori/dist/layout-hunt/before/shell/shell-protected-17-back/cold-1440/record.json,/Users/albin/Code/jori/dist/layout-hunt/SHELL_CAUSES.json
SF4,SF4,confirmed,shell-protected-17-back,warm-1440,1372,SF3/SF4/SF7 combined; overlay visibility pending,/Users/albin/Code/jori/dist/layout-hunt/before/shell/shell-protected-17-back/warm-1440/1000.png,/Users/albin/Code/jori/dist/layout-hunt/before/shell/shell-protected-17-back/warm-1440/before.png,/Users/albin/Code/jori/dist/layout-hunt/before/shell/shell-protected-17-back/warm-1440/record.json,/Users/albin/Code/jori/dist/layout-hunt/SHELL_CAUSES.json
SF4,SF4,confirmed,shell-protected-19-back,cold-1440,13913,SF3/SF4/SF7; overlay visibility pending,/Users/albin/Code/jori/dist/layout-hunt/before/shell/shell-protected-19-back/cold-1440/3000.png,/Users/albin/Code/jori/dist/layout-hunt/before/shell/shell-protected-19-back/cold-1440/before.png,/Users/albin/Code/jori/dist/layout-hunt/before/shell/shell-protected-19-back/cold-1440/record.json,/Users/albin/Code/jori/dist/layout-hunt/SHELL_CAUSES.json
SF4,SF4,confirmed,shell-protected-19-back,cold-375,14972,SF3/SF4; overlay visibility pending,/Users/albin/Code/jori/dist/layout-hunt/before/shell/shell-protected-19-back/cold-375/3000.png,/Users/albin/Code/jori/dist/layout-hunt/before/shell/shell-protected-19-back/cold-375/before.png,/Users/albin/Code/jori/dist/layout-hunt/before/shell/shell-protected-19-back/cold-375/record.json,/Users/albin/Code/jori/dist/layout-hunt/SHELL_CAUSES.json
SF4,SF4,confirmed,shell-protected-19-back,warm-1440,1586,SF3/SF4/SF7; overlay visibility pending,/Users/albin/Code/jori/dist/layout-hunt/before/shell/shell-protected-19-back/warm-1440/1000.png,/Users/albin/Code/jori/dist/layout-hunt/before/shell/shell-protected-19-back/warm-1440/before.png,/Users/albin/Code/jori/dist/layout-hunt/before/shell/shell-protected-19-back/warm-1440/record.json,/Users/albin/Code/jori/dist/layout-hunt/SHELL_CAUSES.json
SF4,SF4,confirmed,shell-protected-19-back,warm-375,2209,SF3/SF4; overlay visibility pending,/Users/albin/Code/jori/dist/layout-hunt/before/shell/shell-protected-19-back/warm-375/1000.png,/Users/albin/Code/jori/dist/layout-hunt/before/shell/shell-protected-19-back/warm-375/before.png,/Users/albin/Code/jori/dist/layout-hunt/before/shell/shell-protected-19-back/warm-375/record.json,/Users/albin/Code/jori/dist/layout-hunt/SHELL_CAUSES.json
SF4,SF4,confirmed,shell-auth-boundary-initialization,cold-1440,14368,"Loaded real console reached after member initialization. SF3 Recent three-row centering, SF4 model readiness and SF7 async sidebar candidates. Initial overlay opacity follow-up pending.",/Users/albin/Code/jori/dist/layout-hunt/before/shell-resume/shell-auth-boundary-initialization/cold-1440/3000.png,/Users/albin/Code/jori/dist/layout-hunt/before/shell-resume/shell-auth-boundary-initialization/cold-1440/settled.png,/Users/albin/Code/jori/dist/layout-hunt/before/shell-resume/shell-auth-boundary-initialization/cold-1440/record.json,/Users/albin/Code/jori/dist/layout-hunt/SHELL_CAUSES.json
SF4,SF4,confirmed,shell-auth-boundary-initialization,cold-375,14214,"Loaded real console reached after member initialization. SF3 Recent three-row centering, SF4 model readiness and SF7 async sidebar candidates. Initial overlay opacity follow-up pending.",/Users/albin/Code/jori/dist/layout-hunt/before/shell-resume/shell-auth-boundary-initialization/cold-375/3000.png,/Users/albin/Code/jori/dist/layout-hunt/before/shell-resume/shell-auth-boundary-initialization/cold-375/settled.png,/Users/albin/Code/jori/dist/layout-hunt/before/shell-resume/shell-auth-boundary-initialization/cold-375/record.json,/Users/albin/Code/jori/dist/layout-hunt/SHELL_CAUSES.json
SF4,SF4,confirmed,shell-auth-boundary-initialization,warm-1440,1589,"Loaded real console reached after member initialization. SF3 Recent three-row centering, SF4 model readiness and SF7 async sidebar candidates. Initial overlay opacity follow-up pending.",/Users/albin/Code/jori/dist/layout-hunt/before/shell-resume/shell-auth-boundary-initialization/warm-1440/1000.png,/Users/albin/Code/jori/dist/layout-hunt/before/shell-resume/shell-auth-boundary-initialization/warm-1440/3000.png,/Users/albin/Code/jori/dist/layout-hunt/before/shell-resume/shell-auth-boundary-initialization/warm-1440/record.json,/Users/albin/Code/jori/dist/layout-hunt/SHELL_CAUSES.json
SF4,CHAT-F04,confirmed,CHAT-G01,cold-1440,15237,,/Users/albin/Code/jori/dist/layout-hunt/before/chat/CHAT-G01/cold-1440/0.png,/Users/albin/Code/jori/dist/layout-hunt/before/chat/CHAT-G01/cold-1440/settled.png,/Users/albin/Code/jori/dist/layout-hunt/before/chat/CHAT-G01/cold-1440/record.json,/Users/albin/Code/jori/dist/layout-hunt/chat-causes-all.json
SF4,CHAT-F04,confirmed,CHAT-G01,cold-375,15040,,/Users/albin/Code/jori/dist/layout-hunt/before/chat/CHAT-G01/cold-375/0.png,/Users/albin/Code/jori/dist/layout-hunt/before/chat/CHAT-G01/cold-375/settled.png,/Users/albin/Code/jori/dist/layout-hunt/before/chat/CHAT-G01/cold-375/record.json,/Users/albin/Code/jori/dist/layout-hunt/chat-causes-all.json
SF4,CHAT-F04,confirmed,CHAT-G01,warm-1440,2317,,/Users/albin/Code/jori/dist/layout-hunt/before/chat/CHAT-G01/warm-1440/0.png,/Users/albin/Code/jori/dist/layout-hunt/before/chat/CHAT-G01/warm-1440/settled.png,/Users/albin/Code/jori/dist/layout-hunt/before/chat/CHAT-G01/warm-1440/record.json,/Users/albin/Code/jori/dist/layout-hunt/chat-causes-all.json
SF4,CHAT-F04,confirmed,CHAT-G01,warm-375,1701,,/Users/albin/Code/jori/dist/layout-hunt/before/chat/CHAT-G01/warm-375/0.png,/Users/albin/Code/jori/dist/layout-hunt/before/chat/CHAT-G01/warm-375/settled.png,/Users/albin/Code/jori/dist/layout-hunt/before/chat/CHAT-G01/warm-375/record.json,/Users/albin/Code/jori/dist/layout-hunt/chat-causes-all.json
SF4,CHAT-F04,confirmed,CHAT-G02,cold-1440,15269,,/Users/albin/Code/jori/dist/layout-hunt/before/chat/CHAT-G02/cold-1440/0.png,/Users/albin/Code/jori/dist/layout-hunt/before/chat/CHAT-G02/cold-1440/settled.png,/Users/albin/Code/jori/dist/layout-hunt/before/chat/CHAT-G02/cold-1440/record.json,/Users/albin/Code/jori/dist/layout-hunt/chat-causes-all.json
SF4,CHAT-F04,confirmed,CHAT-G02,cold-375,15231,,/Users/albin/Code/jori/dist/layout-hunt/before/chat/CHAT-G02/cold-375/0.png,/Users/albin/Code/jori/dist/layout-hunt/before/chat/CHAT-G02/cold-375/settled.png,/Users/albin/Code/jori/dist/layout-hunt/before/chat/CHAT-G02/cold-375/record.json,/Users/albin/Code/jori/dist/layout-hunt/chat-causes-all.json
SF4,CHAT-F04,confirmed,CHAT-G02,warm-1440,3136,,/Users/albin/Code/jori/dist/layout-hunt/before/chat/CHAT-G02/warm-1440/3000.png,/Users/albin/Code/jori/dist/layout-hunt/before/chat/CHAT-G02/warm-1440/settled.png,/Users/albin/Code/jori/dist/layout-hunt/before/chat/CHAT-G02/warm-1440/record.json,/Users/albin/Code/jori/dist/layout-hunt/chat-causes-all.json
SF4,CHAT-F04,confirmed,CHAT-G02,warm-375,1818,,/Users/albin/Code/jori/dist/layout-hunt/before/chat/CHAT-G02/warm-375/0.png,/Users/albin/Code/jori/dist/layout-hunt/before/chat/CHAT-G02/warm-375/settled.png,/Users/albin/Code/jori/dist/layout-hunt/before/chat/CHAT-G02/warm-375/record.json,/Users/albin/Code/jori/dist/layout-hunt/chat-causes-all.json
SF4,CHAT-F04,confirmed,CHAT-G04,cold-1440,16947,,/Users/albin/Code/jori/dist/layout-hunt/before/chat/CHAT-G04/cold-1440/0.png,/Users/albin/Code/jori/dist/layout-hunt/before/chat/CHAT-G04/cold-1440/settled.png,/Users/albin/Code/jori/dist/layout-hunt/before/chat/CHAT-G04/cold-1440/record.json,/Users/albin/Code/jori/dist/layout-hunt/chat-causes-all.json
SF4,CHAT-F04,confirmed,CHAT-G04,cold-375,14074,,/Users/albin/Code/jori/dist/layout-hunt/before/chat/CHAT-G04/cold-375/0.png,/Users/albin/Code/jori/dist/layout-hunt/before/chat/CHAT-G04/cold-375/settled.png,/Users/albin/Code/jori/dist/layout-hunt/before/chat/CHAT-G04/cold-375/record.json,/Users/albin/Code/jori/dist/layout-hunt/chat-causes-all.json
SF4,CHAT-F04,confirmed,CHAT-G04,warm-1440,1671,,/Users/albin/Code/jori/dist/layout-hunt/before/chat/CHAT-G04/warm-1440/0.png,/Users/albin/Code/jori/dist/layout-hunt/before/chat/CHAT-G04/warm-1440/settled.png,/Users/albin/Code/jori/dist/layout-hunt/before/chat/CHAT-G04/warm-1440/record.json,/Users/albin/Code/jori/dist/layout-hunt/chat-causes-all.json
SF4,CHAT-F04,confirmed,CHAT-G04,warm-375,1401,,/Users/albin/Code/jori/dist/layout-hunt/before/chat/CHAT-G04/warm-375/0.png,/Users/albin/Code/jori/dist/layout-hunt/before/chat/CHAT-G04/warm-375/settled.png,/Users/albin/Code/jori/dist/layout-hunt/before/chat/CHAT-G04/warm-375/record.json,/Users/albin/Code/jori/dist/layout-hunt/chat-causes-all.json
SF4,CHAT-F04,confirmed,CHAT-G09,cold-1440,13978,,/Users/albin/Code/jori/dist/layout-hunt/before/chat/CHAT-G09/cold-1440/0.png,/Users/albin/Code/jori/dist/layout-hunt/before/chat/CHAT-G09/cold-1440/settled.png,/Users/albin/Code/jori/dist/layout-hunt/before/chat/CHAT-G09/cold-1440/record.json,/Users/albin/Code/jori/dist/layout-hunt/chat-causes-all.json
SF4,CHAT-F04,confirmed,CHAT-G09,cold-375,13958,,/Users/albin/Code/jori/dist/layout-hunt/before/chat/CHAT-G09/cold-375/0.png,/Users/albin/Code/jori/dist/layout-hunt/before/chat/CHAT-G09/cold-375/settled.png,/Users/albin/Code/jori/dist/layout-hunt/before/chat/CHAT-G09/cold-375/record.json,/Users/albin/Code/jori/dist/layout-hunt/chat-causes-all.json
SF4,CHAT-F04,confirmed,CHAT-G09,warm-1440,1369,,/Users/albin/Code/jori/dist/layout-hunt/before/chat/CHAT-G09/warm-1440/0.png,/Users/albin/Code/jori/dist/layout-hunt/before/chat/CHAT-G09/warm-1440/settled.png,/Users/albin/Code/jori/dist/layout-hunt/before/chat/CHAT-G09/warm-1440/record.json,/Users/albin/Code/jori/dist/layout-hunt/chat-causes-all.json
SF4,CHAT-F04,confirmed,CHAT-G09,warm-375,1402,,/Users/albin/Code/jori/dist/layout-hunt/before/chat/CHAT-G09/warm-375/0.png,/Users/albin/Code/jori/dist/layout-hunt/before/chat/CHAT-G09/warm-375/settled.png,/Users/albin/Code/jori/dist/layout-hunt/before/chat/CHAT-G09/warm-375/record.json,/Users/albin/Code/jori/dist/layout-hunt/chat-causes-all.json
SF4,CHAT-F04,confirmed,CHAT-G01,cold-1440,16007,,/Users/albin/Code/jori/dist/layout-hunt/before/chat-v3/CHAT-G01/cold-1440/0.png,/Users/albin/Code/jori/dist/layout-hunt/before/chat-v3/CHAT-G01/cold-1440/settled.png,/Users/albin/Code/jori/dist/layout-hunt/before/chat-v3/CHAT-G01/cold-1440/record.json,/Users/albin/Code/jori/dist/layout-hunt/chat-causes-all.json
SF4,CHAT-F04,confirmed,CHAT-G01,cold-375,14892,,/Users/albin/Code/jori/dist/layout-hunt/before/chat-v3/CHAT-G01/cold-375/0.png,/Users/albin/Code/jori/dist/layout-hunt/before/chat-v3/CHAT-G01/cold-375/settled.png,/Users/albin/Code/jori/dist/layout-hunt/before/chat-v3/CHAT-G01/cold-375/record.json,/Users/albin/Code/jori/dist/layout-hunt/chat-causes-all.json
SF4,CHAT-F04,confirmed,CHAT-G01,warm-1440,2685,,/Users/albin/Code/jori/dist/layout-hunt/before/chat-v3/CHAT-G01/warm-1440/0.png,/Users/albin/Code/jori/dist/layout-hunt/before/chat-v3/CHAT-G01/warm-1440/settled.png,/Users/albin/Code/jori/dist/layout-hunt/before/chat-v3/CHAT-G01/warm-1440/record.json,/Users/albin/Code/jori/dist/layout-hunt/chat-causes-all.json
SF4,CHAT-F04,confirmed,CHAT-G01,warm-375,1702,,/Users/albin/Code/jori/dist/layout-hunt/before/chat-v3/CHAT-G01/warm-375/0.png,/Users/albin/Code/jori/dist/layout-hunt/before/chat-v3/CHAT-G01/warm-375/settled.png,/Users/albin/Code/jori/dist/layout-hunt/before/chat-v3/CHAT-G01/warm-375/record.json,/Users/albin/Code/jori/dist/layout-hunt/chat-causes-all.json
SF4,CHAT-F04,confirmed,CHAT-G02,cold-1440,15236,,/Users/albin/Code/jori/dist/layout-hunt/before/chat-v3/CHAT-G02/cold-1440/0.png,/Users/albin/Code/jori/dist/layout-hunt/before/chat-v3/CHAT-G02/cold-1440/settled.png,/Users/albin/Code/jori/dist/layout-hunt/before/chat-v3/CHAT-G02/cold-1440/record.json,/Users/albin/Code/jori/dist/layout-hunt/chat-causes-all.json
SF4,CHAT-F04,confirmed,CHAT-G02,cold-375,14821,,/Users/albin/Code/jori/dist/layout-hunt/before/chat-v3/CHAT-G02/cold-375/0.png,/Users/albin/Code/jori/dist/layout-hunt/before/chat-v3/CHAT-G02/cold-375/settled.png,/Users/albin/Code/jori/dist/layout-hunt/before/chat-v3/CHAT-G02/cold-375/record.json,/Users/albin/Code/jori/dist/layout-hunt/chat-causes-all.json
SF4,CHAT-F04,confirmed,CHAT-G02,warm-1440,1817,,/Users/albin/Code/jori/dist/layout-hunt/before/chat-v3/CHAT-G02/warm-1440/3000.png,/Users/albin/Code/jori/dist/layout-hunt/before/chat-v3/CHAT-G02/warm-1440/settled.png,/Users/albin/Code/jori/dist/layout-hunt/before/chat-v3/CHAT-G02/warm-1440/record.json,/Users/albin/Code/jori/dist/layout-hunt/chat-causes-all.json
SF4,CHAT-F04,confirmed,CHAT-G02,warm-375,1919,,/Users/albin/Code/jori/dist/layout-hunt/before/chat-v3/CHAT-G02/warm-375/0.png,/Users/albin/Code/jori/dist/layout-hunt/before/chat-v3/CHAT-G02/warm-375/settled.png,/Users/albin/Code/jori/dist/layout-hunt/before/chat-v3/CHAT-G02/warm-375/record.json,/Users/albin/Code/jori/dist/layout-hunt/chat-causes-all.json
SF4,CHAT-F04,confirmed,CHAT-G04,cold-1440,14554,,/Users/albin/Code/jori/dist/layout-hunt/before/chat-v3/CHAT-G04/cold-1440/0.png,/Users/albin/Code/jori/dist/layout-hunt/before/chat-v3/CHAT-G04/cold-1440/settled.png,/Users/albin/Code/jori/dist/layout-hunt/before/chat-v3/CHAT-G04/cold-1440/record.json,/Users/albin/Code/jori/dist/layout-hunt/chat-causes-all.json
SF4,CHAT-F04,confirmed,CHAT-G04,cold-375,14116,,/Users/albin/Code/jori/dist/layout-hunt/before/chat-v3/CHAT-G04/cold-375/0.png,/Users/albin/Code/jori/dist/layout-hunt/before/chat-v3/CHAT-G04/cold-375/settled.png,/Users/albin/Code/jori/dist/layout-hunt/before/chat-v3/CHAT-G04/cold-375/record.json,/Users/albin/Code/jori/dist/layout-hunt/chat-causes-all.json
SF4,CHAT-F04,confirmed,CHAT-G04,warm-1440,1402,,/Users/albin/Code/jori/dist/layout-hunt/before/chat-v3/CHAT-G04/warm-1440/0.png,/Users/albin/Code/jori/dist/layout-hunt/before/chat-v3/CHAT-G04/warm-1440/settled.png,/Users/albin/Code/jori/dist/layout-hunt/before/chat-v3/CHAT-G04/warm-1440/record.json,/Users/albin/Code/jori/dist/layout-hunt/chat-causes-all.json
SF4,CHAT-F04,confirmed,CHAT-G04,warm-375,1703,,/Users/albin/Code/jori/dist/layout-hunt/before/chat-v3/CHAT-G04/warm-375/0.png,/Users/albin/Code/jori/dist/layout-hunt/before/chat-v3/CHAT-G04/warm-375/settled.png,/Users/albin/Code/jori/dist/layout-hunt/before/chat-v3/CHAT-G04/warm-375/record.json,/Users/albin/Code/jori/dist/layout-hunt/chat-causes-all.json
SF4,CHAT-F04,confirmed,CHAT-G09,cold-1440,14035,,/Users/albin/Code/jori/dist/layout-hunt/before/chat-v3/CHAT-G09/cold-1440/0.png,/Users/albin/Code/jori/dist/layout-hunt/before/chat-v3/CHAT-G09/cold-1440/settled.png,/Users/albin/Code/jori/dist/layout-hunt/before/chat-v3/CHAT-G09/cold-1440/record.json,/Users/albin/Code/jori/dist/layout-hunt/chat-causes-all.json
SF4,CHAT-F04,confirmed,CHAT-G09,cold-375,13932,,/Users/albin/Code/jori/dist/layout-hunt/before/chat-v3/CHAT-G09/cold-375/0.png,/Users/albin/Code/jori/dist/layout-hunt/before/chat-v3/CHAT-G09/cold-375/settled.png,/Users/albin/Code/jori/dist/layout-hunt/before/chat-v3/CHAT-G09/cold-375/record.json,/Users/albin/Code/jori/dist/layout-hunt/chat-causes-all.json
SF4,CHAT-F04,confirmed,CHAT-G09,warm-1440,1936,,/Users/albin/Code/jori/dist/layout-hunt/before/chat-v3/CHAT-G09/warm-1440/0.png,/Users/albin/Code/jori/dist/layout-hunt/before/chat-v3/CHAT-G09/warm-1440/settled.png,/Users/albin/Code/jori/dist/layout-hunt/before/chat-v3/CHAT-G09/warm-1440/record.json,/Users/albin/Code/jori/dist/layout-hunt/chat-causes-all.json
SF4,CHAT-F04,confirmed,CHAT-G09,warm-375,2036,,/Users/albin/Code/jori/dist/layout-hunt/before/chat-v3/CHAT-G09/warm-375/0.png,/Users/albin/Code/jori/dist/layout-hunt/before/chat-v3/CHAT-G09/warm-375/settled.png,/Users/albin/Code/jori/dist/layout-hunt/before/chat-v3/CHAT-G09/warm-375/record.json,/Users/albin/Code/jori/dist/layout-hunt/chat-causes-all.json
SF5,SF5,confirmed,shell-protected-01-enter,cold-1440,15315,"SF4 composer readiness, SF5 breadcrumb; SF7 async sidebar on desktop; reserved full-viewport auth loading replacement.",/Users/albin/Code/jori/dist/layout-hunt/before/shell/shell-protected-01-enter/cold-1440/3000.png,/Users/albin/Code/jori/dist/layout-hunt/before/shell/shell-protected-01-enter/cold-1440/settled.png,/Users/albin/Code/jori/dist/layout-hunt/before/shell/shell-protected-01-enter/cold-1440/record.json,/Users/albin/Code/jori/dist/layout-hunt/SHELL_CAUSES.json
SF5,SF5,confirmed,shell-protected-01-enter,cold-375,15516,"SF4 composer readiness, SF5 breadcrumb; SF7 async sidebar on desktop; reserved full-viewport auth loading replacement.",/Users/albin/Code/jori/dist/layout-hunt/before/shell/shell-protected-01-enter/cold-375/3000.png,/Users/albin/Code/jori/dist/layout-hunt/before/shell/shell-protected-01-enter/cold-375/settled.png,/Users/albin/Code/jori/dist/layout-hunt/before/shell/shell-protected-01-enter/cold-375/record.json,/Users/albin/Code/jori/dist/layout-hunt/SHELL_CAUSES.json
SF5,SF5,confirmed,shell-protected-01-enter,warm-1440,1853,"SF4 composer readiness, SF5 breadcrumb; SF7 async sidebar on desktop; reserved full-viewport auth loading replacement.",/Users/albin/Code/jori/dist/layout-hunt/before/shell/shell-protected-01-enter/warm-1440/1000.png,/Users/albin/Code/jori/dist/layout-hunt/before/shell/shell-protected-01-enter/warm-1440/3000.png,/Users/albin/Code/jori/dist/layout-hunt/before/shell/shell-protected-01-enter/warm-1440/record.json,/Users/albin/Code/jori/dist/layout-hunt/SHELL_CAUSES.json
SF5,SF5,confirmed,shell-protected-01-enter,warm-375,2270,"SF4 composer readiness, SF5 breadcrumb; SF7 async sidebar on desktop; reserved full-viewport auth loading replacement.",/Users/albin/Code/jori/dist/layout-hunt/before/shell/shell-protected-01-enter/warm-375/1000.png,/Users/albin/Code/jori/dist/layout-hunt/before/shell/shell-protected-01-enter/warm-375/3000.png,/Users/albin/Code/jori/dist/layout-hunt/before/shell/shell-protected-01-enter/warm-375/record.json,/Users/albin/Code/jori/dist/layout-hunt/SHELL_CAUSES.json
SF5,CHAT-F05,confirmed,CHAT-G01,cold-1440,14899,,/Users/albin/Code/jori/dist/layout-hunt/before/chat/CHAT-G01/cold-1440/0.png,/Users/albin/Code/jori/dist/layout-hunt/before/chat/CHAT-G01/cold-1440/settled.png,/Users/albin/Code/jori/dist/layout-hunt/before/chat/CHAT-G01/cold-1440/record.json,/Users/albin/Code/jori/dist/layout-hunt/chat-causes-all.json
SF5,CHAT-F05,confirmed,CHAT-G01,cold-375,14699,,/Users/albin/Code/jori/dist/layout-hunt/before/chat/CHAT-G01/cold-375/0.png,/Users/albin/Code/jori/dist/layout-hunt/before/chat/CHAT-G01/cold-375/settled.png,/Users/albin/Code/jori/dist/layout-hunt/before/chat/CHAT-G01/cold-375/record.json,/Users/albin/Code/jori/dist/layout-hunt/chat-causes-all.json
SF5,CHAT-F05,confirmed,CHAT-G01,warm-1440,2151,,/Users/albin/Code/jori/dist/layout-hunt/before/chat/CHAT-G01/warm-1440/0.png,/Users/albin/Code/jori/dist/layout-hunt/before/chat/CHAT-G01/warm-1440/settled.png,/Users/albin/Code/jori/dist/layout-hunt/before/chat/CHAT-G01/warm-1440/record.json,/Users/albin/Code/jori/dist/layout-hunt/chat-causes-all.json
SF5,CHAT-F05,confirmed,CHAT-G01,warm-375,1650,,/Users/albin/Code/jori/dist/layout-hunt/before/chat/CHAT-G01/warm-375/0.png,/Users/albin/Code/jori/dist/layout-hunt/before/chat/CHAT-G01/warm-375/settled.png,/Users/albin/Code/jori/dist/layout-hunt/before/chat/CHAT-G01/warm-375/record.json,/Users/albin/Code/jori/dist/layout-hunt/chat-causes-all.json
SF5,CHAT-F05,confirmed,CHAT-G02,cold-1440,14934,,/Users/albin/Code/jori/dist/layout-hunt/before/chat/CHAT-G02/cold-1440/0.png,/Users/albin/Code/jori/dist/layout-hunt/before/chat/CHAT-G02/cold-1440/settled.png,/Users/albin/Code/jori/dist/layout-hunt/before/chat/CHAT-G02/cold-1440/record.json,/Users/albin/Code/jori/dist/layout-hunt/chat-causes-all.json
SF5,CHAT-F05,confirmed,CHAT-G02,cold-375,14904,,/Users/albin/Code/jori/dist/layout-hunt/before/chat/CHAT-G02/cold-375/0.png,/Users/albin/Code/jori/dist/layout-hunt/before/chat/CHAT-G02/cold-375/settled.png,/Users/albin/Code/jori/dist/layout-hunt/before/chat/CHAT-G02/cold-375/record.json,/Users/albin/Code/jori/dist/layout-hunt/chat-causes-all.json
SF5,CHAT-F05,confirmed,CHAT-G02,warm-1440,3069,,/Users/albin/Code/jori/dist/layout-hunt/before/chat/CHAT-G02/warm-1440/0.png,/Users/albin/Code/jori/dist/layout-hunt/before/chat/CHAT-G02/warm-1440/settled.png,/Users/albin/Code/jori/dist/layout-hunt/before/chat/CHAT-G02/warm-1440/record.json,/Users/albin/Code/jori/dist/layout-hunt/chat-causes-all.json
SF5,CHAT-F05,confirmed,CHAT-G02,warm-375,1751,,/Users/albin/Code/jori/dist/layout-hunt/before/chat/CHAT-G02/warm-375/0.png,/Users/albin/Code/jori/dist/layout-hunt/before/chat/CHAT-G02/warm-375/settled.png,/Users/albin/Code/jori/dist/layout-hunt/before/chat/CHAT-G02/warm-375/record.json,/Users/albin/Code/jori/dist/layout-hunt/chat-causes-all.json
SF5,CHAT-F05,confirmed,CHAT-G01,cold-1440,15665,,/Users/albin/Code/jori/dist/layout-hunt/before/chat-v3/CHAT-G01/cold-1440/0.png,/Users/albin/Code/jori/dist/layout-hunt/before/chat-v3/CHAT-G01/cold-1440/settled.png,/Users/albin/Code/jori/dist/layout-hunt/before/chat-v3/CHAT-G01/cold-1440/record.json,/Users/albin/Code/jori/dist/layout-hunt/chat-causes-all.json
SF5,CHAT-F05,confirmed,CHAT-G01,cold-375,14781,,/Users/albin/Code/jori/dist/layout-hunt/before/chat-v3/CHAT-G01/cold-375/0.png,/Users/albin/Code/jori/dist/layout-hunt/before/chat-v3/CHAT-G01/cold-375/settled.png,/Users/albin/Code/jori/dist/layout-hunt/before/chat-v3/CHAT-G01/cold-375/record.json,/Users/albin/Code/jori/dist/layout-hunt/chat-causes-all.json
SF5,CHAT-F05,confirmed,CHAT-G01,warm-1440,2650,,/Users/albin/Code/jori/dist/layout-hunt/before/chat-v3/CHAT-G01/warm-1440/0.png,/Users/albin/Code/jori/dist/layout-hunt/before/chat-v3/CHAT-G01/warm-1440/settled.png,/Users/albin/Code/jori/dist/layout-hunt/before/chat-v3/CHAT-G01/warm-1440/record.json,/Users/albin/Code/jori/dist/layout-hunt/chat-causes-all.json
SF5,CHAT-F05,confirmed,CHAT-G01,warm-375,1685,,/Users/albin/Code/jori/dist/layout-hunt/before/chat-v3/CHAT-G01/warm-375/0.png,/Users/albin/Code/jori/dist/layout-hunt/before/chat-v3/CHAT-G01/warm-375/settled.png,/Users/albin/Code/jori/dist/layout-hunt/before/chat-v3/CHAT-G01/warm-375/record.json,/Users/albin/Code/jori/dist/layout-hunt/chat-causes-all.json
SF5,CHAT-F05,confirmed,CHAT-G02,cold-1440,15164,,/Users/albin/Code/jori/dist/layout-hunt/before/chat-v3/CHAT-G02/cold-1440/0.png,/Users/albin/Code/jori/dist/layout-hunt/before/chat-v3/CHAT-G02/cold-1440/settled.png,/Users/albin/Code/jori/dist/layout-hunt/before/chat-v3/CHAT-G02/cold-1440/record.json,/Users/albin/Code/jori/dist/layout-hunt/chat-causes-all.json
SF5,CHAT-F05,confirmed,CHAT-G02,cold-375,14752,,/Users/albin/Code/jori/dist/layout-hunt/before/chat-v3/CHAT-G02/cold-375/0.png,/Users/albin/Code/jori/dist/layout-hunt/before/chat-v3/CHAT-G02/cold-375/settled.png,/Users/albin/Code/jori/dist/layout-hunt/before/chat-v3/CHAT-G02/cold-375/record.json,/Users/albin/Code/jori/dist/layout-hunt/chat-causes-all.json
SF5,CHAT-F05,confirmed,CHAT-G02,warm-1440,1800,,/Users/albin/Code/jori/dist/layout-hunt/before/chat-v3/CHAT-G02/warm-1440/0.png,/Users/albin/Code/jori/dist/layout-hunt/before/chat-v3/CHAT-G02/warm-1440/settled.png,/Users/albin/Code/jori/dist/layout-hunt/before/chat-v3/CHAT-G02/warm-1440/record.json,/Users/albin/Code/jori/dist/layout-hunt/chat-causes-all.json
SF5,CHAT-F05,confirmed,CHAT-G02,warm-375,1868,,/Users/albin/Code/jori/dist/layout-hunt/before/chat-v3/CHAT-G02/warm-375/0.png,/Users/albin/Code/jori/dist/layout-hunt/before/chat-v3/CHAT-G02/warm-375/settled.png,/Users/albin/Code/jori/dist/layout-hunt/before/chat-v3/CHAT-G02/warm-375/record.json,/Users/albin/Code/jori/dist/layout-hunt/chat-causes-all.json
SF6,SF6,confirmed,shell-route-pricing-back,cold-375,,"SF1 font buffered during back navigation; reserved header, below-view height. React418 hydration mismatch replaces86 nodes at identical visible geometry; cause unconfirmed.",,,/Users/albin/Code/jori/dist/layout-hunt/before/shell/shell-route-pricing-back/cold-375/record.json,/Users/albin/Code/jori/dist/layout-hunt/SHELL_CAUSES.json
SF6,SF6,confirmed,shell-async-editor,cold-375,,Incomplete in-view lazy editor recipe. Warm desktop placeholder616 to609.5px; mobile enclosing section minus2.5px but editor below viewport. Cold desktop remains placeholder. V2 scroll and readiness repeat. SF6 hydration error during cold mobile setup.,,,/Users/albin/Code/jori/dist/layout-hunt/before/shell-resume/shell-async-editor/cold-375/record.json,/Users/albin/Code/jori/dist/layout-hunt/SHELL_CAUSES.json
SF6,SF6,confirmed,shell-async-hero-thread,cold-375,,"SF1 cold font reflow, SF2 desktop initial sidebar growth. SF6 cold mobile hydration error and86 existing-node replacements. Hero animation source authored; thread is below viewport in this recipe so corrected V2 in-view drive remains queued.",,,/Users/albin/Code/jori/dist/layout-hunt/before/shell-resume/shell-async-hero-thread/cold-375/record.json,/Users/albin/Code/jori/dist/layout-hunt/SHELL_CAUSES.json
SF7,SF7,confirmed,shell-error-stale,cold-1440,12654,"Expected stale-page error; TanStack automatic reload clears shell to loader, SF7 collapsed group +40px",/Users/albin/Code/jori/dist/layout-hunt/before/shell/shell-error-stale/cold-1440/3000.png,/Users/albin/Code/jori/dist/layout-hunt/before/shell/shell-error-stale/cold-1440/before.png,/Users/albin/Code/jori/dist/layout-hunt/before/shell/shell-error-stale/cold-1440/record.json,/Users/albin/Code/jori/dist/layout-hunt/SHELL_CAUSES.json
SF7,SF7,confirmed,shell-error-stale,warm-1440,1755,"Expected stale-page error; automatic reload clears shell to loader, SF7 collapsed group +40px",/Users/albin/Code/jori/dist/layout-hunt/before/shell/shell-error-stale/warm-1440/1000.png,/Users/albin/Code/jori/dist/layout-hunt/before/shell/shell-error-stale/warm-1440/before.png,/Users/albin/Code/jori/dist/layout-hunt/before/shell/shell-error-stale/warm-1440/record.json,/Users/albin/Code/jori/dist/layout-hunt/SHELL_CAUSES.json
SF7,SF7,confirmed,shell-protected-01-back,cold-1440,14329,SF3 Recent recentering; SF4 model readiness; SF7 sidebar data insertion on desktop. Auth overlay appears for full-document back navigation.,/Users/albin/Code/jori/dist/layout-hunt/before/shell/shell-protected-01-back/cold-1440/3000.png,/Users/albin/Code/jori/dist/layout-hunt/before/shell/shell-protected-01-back/cold-1440/before.png,/Users/albin/Code/jori/dist/layout-hunt/before/shell/shell-protected-01-back/cold-1440/record.json,/Users/albin/Code/jori/dist/layout-hunt/SHELL_CAUSES.json
SF7,SF7,confirmed,shell-protected-01-back,warm-1440,2018,SF3 Recent recentering; SF4 model readiness; SF7 sidebar data insertion on desktop. Auth overlay appears for full-document back navigation.,/Users/albin/Code/jori/dist/layout-hunt/before/shell/shell-protected-01-back/warm-1440/1000.png,/Users/albin/Code/jori/dist/layout-hunt/before/shell/shell-protected-01-back/warm-1440/before.png,/Users/albin/Code/jori/dist/layout-hunt/before/shell/shell-protected-01-back/warm-1440/record.json,/Users/albin/Code/jori/dist/layout-hunt/SHELL_CAUSES.json
SF7,SF7,confirmed,shell-protected-01-enter,cold-1440,15143,"SF4 composer readiness, SF5 breadcrumb; SF7 async sidebar on desktop; reserved full-viewport auth loading replacement.",/Users/albin/Code/jori/dist/layout-hunt/before/shell/shell-protected-01-enter/cold-1440/3000.png,/Users/albin/Code/jori/dist/layout-hunt/before/shell/shell-protected-01-enter/cold-1440/settled.png,/Users/albin/Code/jori/dist/layout-hunt/before/shell/shell-protected-01-enter/cold-1440/record.json,/Users/albin/Code/jori/dist/layout-hunt/SHELL_CAUSES.json
SF7,SF7,confirmed,shell-protected-01-enter,warm-1440,1670,"SF4 composer readiness, SF5 breadcrumb; SF7 async sidebar on desktop; reserved full-viewport auth loading replacement.",/Users/albin/Code/jori/dist/layout-hunt/before/shell/shell-protected-01-enter/warm-1440/1000.png,/Users/albin/Code/jori/dist/layout-hunt/before/shell/shell-protected-01-enter/warm-1440/3000.png,/Users/albin/Code/jori/dist/layout-hunt/before/shell/shell-protected-01-enter/warm-1440/record.json,/Users/albin/Code/jori/dist/layout-hunt/SHELL_CAUSES.json
SF7,SF7,confirmed,shell-protected-02-back,cold-1440,11921,SF7,/Users/albin/Code/jori/dist/layout-hunt/before/shell/shell-protected-02-back/cold-1440/3000.png,/Users/albin/Code/jori/dist/layout-hunt/before/shell/shell-protected-02-back/cold-1440/before.png,/Users/albin/Code/jori/dist/layout-hunt/before/shell/shell-protected-02-back/cold-1440/record.json,/Users/albin/Code/jori/dist/layout-hunt/SHELL_CAUSES.json
SF7,SF7,confirmed,shell-protected-02-back,warm-1440,1621,SF7,/Users/albin/Code/jori/dist/layout-hunt/before/shell/shell-protected-02-back/warm-1440/1000.png,/Users/albin/Code/jori/dist/layout-hunt/before/shell/shell-protected-02-back/warm-1440/before.png,/Users/albin/Code/jori/dist/layout-hunt/before/shell/shell-protected-02-back/warm-1440/record.json,/Users/albin/Code/jori/dist/layout-hunt/SHELL_CAUSES.json
SF7,SF7,confirmed,shell-protected-02-enter,cold-1440,14426,SF3 Recent recentering; SF4 model readiness; SF7 sidebar data insertion on desktop. Auth overlay appears for full-document back navigation.,/Users/albin/Code/jori/dist/layout-hunt/before/shell/shell-protected-02-enter/cold-1440/3000.png,/Users/albin/Code/jori/dist/layout-hunt/before/shell/shell-protected-02-enter/cold-1440/settled.png,/Users/albin/Code/jori/dist/layout-hunt/before/shell/shell-protected-02-enter/cold-1440/record.json,/Users/albin/Code/jori/dist/layout-hunt/SHELL_CAUSES.json
SF7,SF7,confirmed,shell-protected-02-enter,warm-1440,3202,SF3 Recent recentering; SF4 model readiness; SF7 sidebar data insertion on desktop. Auth overlay appears for full-document back navigation.,/Users/albin/Code/jori/dist/layout-hunt/before/shell/shell-protected-02-enter/warm-1440/3000.png,/Users/albin/Code/jori/dist/layout-hunt/before/shell/shell-protected-02-enter/warm-1440/settled.png,/Users/albin/Code/jori/dist/layout-hunt/before/shell/shell-protected-02-enter/warm-1440/record.json,/Users/albin/Code/jori/dist/layout-hunt/SHELL_CAUSES.json
SF7,SF7,confirmed,shell-protected-03-back,cold-1440,14001,SF3/SF4/SF7 two-chat data,/Users/albin/Code/jori/dist/layout-hunt/before/shell/shell-protected-03-back/cold-1440/3000.png,/Users/albin/Code/jori/dist/layout-hunt/before/shell/shell-protected-03-back/cold-1440/before.png,/Users/albin/Code/jori/dist/layout-hunt/before/shell/shell-protected-03-back/cold-1440/record.json,/Users/albin/Code/jori/dist/layout-hunt/SHELL_CAUSES.json
SF7,SF7,confirmed,shell-protected-03-back,warm-1440,1754,SF3/SF4/SF7 two-chat data,/Users/albin/Code/jori/dist/layout-hunt/before/shell/shell-protected-03-back/warm-1440/1000.png,/Users/albin/Code/jori/dist/layout-hunt/before/shell/shell-protected-03-back/warm-1440/before.png,/Users/albin/Code/jori/dist/layout-hunt/before/shell/shell-protected-03-back/warm-1440/record.json,/Users/albin/Code/jori/dist/layout-hunt/SHELL_CAUSES.json
SF7,SF7,confirmed,shell-protected-03-enter,cold-1440,11895,SF7,/Users/albin/Code/jori/dist/layout-hunt/before/shell/shell-protected-03-enter/cold-1440/3000.png,/Users/albin/Code/jori/dist/layout-hunt/before/shell/shell-protected-03-enter/cold-1440/settled.png,/Users/albin/Code/jori/dist/layout-hunt/before/shell/shell-protected-03-enter/cold-1440/record.json,/Users/albin/Code/jori/dist/layout-hunt/SHELL_CAUSES.json
SF7,SF7,confirmed,shell-protected-03-enter,warm-1440,1553,SF7,/Users/albin/Code/jori/dist/layout-hunt/before/shell/shell-protected-03-enter/warm-1440/1000.png,/Users/albin/Code/jori/dist/layout-hunt/before/shell/shell-protected-03-enter/warm-1440/3000.png,/Users/albin/Code/jori/dist/layout-hunt/before/shell/shell-protected-03-enter/warm-1440/record.json,/Users/albin/Code/jori/dist/layout-hunt/SHELL_CAUSES.json
SF7,SF7,confirmed,shell-protected-04-back,cold-1440,14102,SF3/SF4/SF7,/Users/albin/Code/jori/dist/layout-hunt/before/shell/shell-protected-04-back/cold-1440/3000.png,/Users/albin/Code/jori/dist/layout-hunt/before/shell/shell-protected-04-back/cold-1440/before.png,/Users/albin/Code/jori/dist/layout-hunt/before/shell/shell-protected-04-back/cold-1440/record.json,/Users/albin/Code/jori/dist/layout-hunt/SHELL_CAUSES.json
SF7,SF7,confirmed,shell-protected-04-back,warm-1440,1618,SF3/SF4/SF7,/Users/albin/Code/jori/dist/layout-hunt/before/shell/shell-protected-04-back/warm-1440/1000.png,/Users/albin/Code/jori/dist/layout-hunt/before/shell/shell-protected-04-back/warm-1440/before.png,/Users/albin/Code/jori/dist/layout-hunt/before/shell/shell-protected-04-back/warm-1440/record.json,/Users/albin/Code/jori/dist/layout-hunt/SHELL_CAUSES.json
SF7,SF7,confirmed,shell-protected-04-enter,cold-1440,12170,SF7 105px two-chat group,/Users/albin/Code/jori/dist/layout-hunt/before/shell/shell-protected-04-enter/cold-1440/3000.png,/Users/albin/Code/jori/dist/layout-hunt/before/shell/shell-protected-04-enter/cold-1440/settled.png,/Users/albin/Code/jori/dist/layout-hunt/before/shell/shell-protected-04-enter/cold-1440/record.json,/Users/albin/Code/jori/dist/layout-hunt/SHELL_CAUSES.json
SF7,SF7,confirmed,shell-protected-04-enter,warm-1440,1720,SF7 105px two-chat group,/Users/albin/Code/jori/dist/layout-hunt/before/shell/shell-protected-04-enter/warm-1440/1000.png,/Users/albin/Code/jori/dist/layout-hunt/before/shell/shell-protected-04-enter/warm-1440/3000.png,/Users/albin/Code/jori/dist/layout-hunt/before/shell/shell-protected-04-enter/warm-1440/record.json,/Users/albin/Code/jori/dist/layout-hunt/SHELL_CAUSES.json
SF7,SF7,confirmed,shell-protected-05-back,cold-1440,14150,SF3/SF4/SF7; occlusion follow-up pending,/Users/albin/Code/jori/dist/layout-hunt/before/shell/shell-protected-05-back/cold-1440/3000.png,/Users/albin/Code/jori/dist/layout-hunt/before/shell/shell-protected-05-back/cold-1440/before.png,/Users/albin/Code/jori/dist/layout-hunt/before/shell/shell-protected-05-back/cold-1440/record.json,/Users/albin/Code/jori/dist/layout-hunt/SHELL_CAUSES.json
SF7,SF7,confirmed,shell-protected-05-back,warm-1440,1868,SF3/SF4/SF7; occlusion follow-up pending,/Users/albin/Code/jori/dist/layout-hunt/before/shell/shell-protected-05-back/warm-1440/1000.png,/Users/albin/Code/jori/dist/layout-hunt/before/shell/shell-protected-05-back/warm-1440/before.png,/Users/albin/Code/jori/dist/layout-hunt/before/shell/shell-protected-05-back/warm-1440/record.json,/Users/albin/Code/jori/dist/layout-hunt/SHELL_CAUSES.json
SF7,SF7,confirmed,shell-protected-05-enter,cold-1440,12304,SF7/SF9 Activity +28px,/Users/albin/Code/jori/dist/layout-hunt/before/shell/shell-protected-05-enter/cold-1440/3000.png,/Users/albin/Code/jori/dist/layout-hunt/before/shell/shell-protected-05-enter/cold-1440/settled.png,/Users/albin/Code/jori/dist/layout-hunt/before/shell/shell-protected-05-enter/cold-1440/record.json,/Users/albin/Code/jori/dist/layout-hunt/SHELL_CAUSES.json
SF7,SF7,confirmed,shell-protected-05-enter,warm-1440,1720,SF7/SF9 Activity +28px,/Users/albin/Code/jori/dist/layout-hunt/before/shell/shell-protected-05-enter/warm-1440/1000.png,/Users/albin/Code/jori/dist/layout-hunt/before/shell/shell-protected-05-enter/warm-1440/3000.png,/Users/albin/Code/jori/dist/layout-hunt/before/shell/shell-protected-05-enter/warm-1440/record.json,/Users/albin/Code/jori/dist/layout-hunt/SHELL_CAUSES.json
SF7,SF7,confirmed,shell-protected-06-enter,cold-1440,11416,SF7; overlay visibility pending,/Users/albin/Code/jori/dist/layout-hunt/before/shell/shell-protected-06-enter/cold-1440/3000.png,/Users/albin/Code/jori/dist/layout-hunt/before/shell/shell-protected-06-enter/cold-1440/settled.png,/Users/albin/Code/jori/dist/layout-hunt/before/shell/shell-protected-06-enter/cold-1440/record.json,/Users/albin/Code/jori/dist/layout-hunt/SHELL_CAUSES.json
SF7,SF7,confirmed,shell-protected-06-enter,warm-1440,2234,SF7; overlay visibility pending,/Users/albin/Code/jori/dist/layout-hunt/before/shell/shell-protected-06-enter/warm-1440/1000.png,/Users/albin/Code/jori/dist/layout-hunt/before/shell/shell-protected-06-enter/warm-1440/3000.png,/Users/albin/Code/jori/dist/layout-hunt/before/shell/shell-protected-06-enter/warm-1440/record.json,/Users/albin/Code/jori/dist/layout-hunt/SHELL_CAUSES.json
SF7,SF7,confirmed,shell-protected-07-back,cold-1440,14200,SF3/SF4/SF7; overlay visibility pending,/Users/albin/Code/jori/dist/layout-hunt/before/shell/shell-protected-07-back/cold-1440/3000.png,/Users/albin/Code/jori/dist/layout-hunt/before/shell/shell-protected-07-back/cold-1440/before.png,/Users/albin/Code/jori/dist/layout-hunt/before/shell/shell-protected-07-back/cold-1440/record.json,/Users/albin/Code/jori/dist/layout-hunt/SHELL_CAUSES.json
SF7,SF7,confirmed,shell-protected-07-back,warm-1440,1730,SF3/SF4/SF7; overlay visibility pending,/Users/albin/Code/jori/dist/layout-hunt/before/shell/shell-protected-07-back/warm-1440/1000.png,/Users/albin/Code/jori/dist/layout-hunt/before/shell/shell-protected-07-back/warm-1440/before.png,/Users/albin/Code/jori/dist/layout-hunt/before/shell/shell-protected-07-back/warm-1440/record.json,/Users/albin/Code/jori/dist/layout-hunt/SHELL_CAUSES.json
SF7,SF7,confirmed,shell-protected-07-enter,cold-1440,12417,SF7; overlay follow-up pending,/Users/albin/Code/jori/dist/layout-hunt/before/shell/shell-protected-07-enter/cold-1440/3000.png,/Users/albin/Code/jori/dist/layout-hunt/before/shell/shell-protected-07-enter/cold-1440/settled.png,/Users/albin/Code/jori/dist/layout-hunt/before/shell/shell-protected-07-enter/cold-1440/record.json,/Users/albin/Code/jori/dist/layout-hunt/SHELL_CAUSES.json
SF7,SF7,confirmed,shell-protected-07-enter,warm-1440,2552,SF7; overlay follow-up pending,/Users/albin/Code/jori/dist/layout-hunt/before/shell/shell-protected-07-enter/warm-1440/1000.png,/Users/albin/Code/jori/dist/layout-hunt/before/shell/shell-protected-07-enter/warm-1440/3000.png,/Users/albin/Code/jori/dist/layout-hunt/before/shell/shell-protected-07-enter/warm-1440/record.json,/Users/albin/Code/jori/dist/layout-hunt/SHELL_CAUSES.json
SF7,SF7,confirmed,shell-protected-08-enter,cold-1440,13891,SF7; overlay visibility pending,/Users/albin/Code/jori/dist/layout-hunt/before/shell/shell-protected-08-enter/cold-1440/3000.png,/Users/albin/Code/jori/dist/layout-hunt/before/shell/shell-protected-08-enter/cold-1440/settled.png,/Users/albin/Code/jori/dist/layout-hunt/before/shell/shell-protected-08-enter/cold-1440/record.json,/Users/albin/Code/jori/dist/layout-hunt/SHELL_CAUSES.json
SF7,SF7,confirmed,shell-protected-08-enter,warm-1440,1584,SF7; overlay visibility pending,/Users/albin/Code/jori/dist/layout-hunt/before/shell/shell-protected-08-enter/warm-1440/1000.png,/Users/albin/Code/jori/dist/layout-hunt/before/shell/shell-protected-08-enter/warm-1440/3000.png,/Users/albin/Code/jori/dist/layout-hunt/before/shell/shell-protected-08-enter/warm-1440/record.json,/Users/albin/Code/jori/dist/layout-hunt/SHELL_CAUSES.json
SF7,SF7,confirmed,shell-protected-09-back,cold-1440,13958,SF3/SF4/SF7; overlay visibility pending,/Users/albin/Code/jori/dist/layout-hunt/before/shell/shell-protected-09-back/cold-1440/3000.png,/Users/albin/Code/jori/dist/layout-hunt/before/shell/shell-protected-09-back/cold-1440/before.png,/Users/albin/Code/jori/dist/layout-hunt/before/shell/shell-protected-09-back/cold-1440/record.json,/Users/albin/Code/jori/dist/layout-hunt/SHELL_CAUSES.json
SF7,SF7,confirmed,shell-protected-09-back,warm-1440,1571,SF3/SF4/SF7; overlay visibility pending,/Users/albin/Code/jori/dist/layout-hunt/before/shell/shell-protected-09-back/warm-1440/1000.png,/Users/albin/Code/jori/dist/layout-hunt/before/shell/shell-protected-09-back/warm-1440/before.png,/Users/albin/Code/jori/dist/layout-hunt/before/shell/shell-protected-09-back/warm-1440/record.json,/Users/albin/Code/jori/dist/layout-hunt/SHELL_CAUSES.json
SF7,SF7,confirmed,shell-protected-09-enter,cold-1440,13604,SF7; overlay visibility pending,/Users/albin/Code/jori/dist/layout-hunt/before/shell/shell-protected-09-enter/cold-1440/3000.png,/Users/albin/Code/jori/dist/layout-hunt/before/shell/shell-protected-09-enter/cold-1440/settled.png,/Users/albin/Code/jori/dist/layout-hunt/before/shell/shell-protected-09-enter/cold-1440/record.json,/Users/albin/Code/jori/dist/layout-hunt/SHELL_CAUSES.json
SF7,SF7,confirmed,shell-protected-09-enter,warm-1440,1654,SF7; overlay visibility pending,/Users/albin/Code/jori/dist/layout-hunt/before/shell/shell-protected-09-enter/warm-1440/1000.png,/Users/albin/Code/jori/dist/layout-hunt/before/shell/shell-protected-09-enter/warm-1440/3000.png,/Users/albin/Code/jori/dist/layout-hunt/before/shell/shell-protected-09-enter/warm-1440/record.json,/Users/albin/Code/jori/dist/layout-hunt/SHELL_CAUSES.json
SF7,SF7,confirmed,shell-protected-10-back,cold-1440,14070,SF3/SF4/SF7; overlay visibility pending,/Users/albin/Code/jori/dist/layout-hunt/before/shell/shell-protected-10-back/cold-1440/3000.png,/Users/albin/Code/jori/dist/layout-hunt/before/shell/shell-protected-10-back/cold-1440/before.png,/Users/albin/Code/jori/dist/layout-hunt/before/shell/shell-protected-10-back/cold-1440/record.json,/Users/albin/Code/jori/dist/layout-hunt/SHELL_CAUSES.json
SF7,SF7,confirmed,shell-protected-10-back,warm-1440,1523,SF3/SF4/SF7; overlay visibility pending,/Users/albin/Code/jori/dist/layout-hunt/before/shell/shell-protected-10-back/warm-1440/1000.png,/Users/albin/Code/jori/dist/layout-hunt/before/shell/shell-protected-10-back/warm-1440/before.png,/Users/albin/Code/jori/dist/layout-hunt/before/shell/shell-protected-10-back/warm-1440/record.json,/Users/albin/Code/jori/dist/layout-hunt/SHELL_CAUSES.json
SF7,SF7,confirmed,shell-protected-10-enter,cold-1440,11855,SF7; overlay visibility pending,/Users/albin/Code/jori/dist/layout-hunt/before/shell/shell-protected-10-enter/cold-1440/3000.png,/Users/albin/Code/jori/dist/layout-hunt/before/shell/shell-protected-10-enter/cold-1440/settled.png,/Users/albin/Code/jori/dist/layout-hunt/before/shell/shell-protected-10-enter/cold-1440/record.json,/Users/albin/Code/jori/dist/layout-hunt/SHELL_CAUSES.json
SF7,SF7,confirmed,shell-protected-10-enter,warm-1440,1604,SF7; overlay visibility pending,/Users/albin/Code/jori/dist/layout-hunt/before/shell/shell-protected-10-enter/warm-1440/1000.png,/Users/albin/Code/jori/dist/layout-hunt/before/shell/shell-protected-10-enter/warm-1440/3000.png,/Users/albin/Code/jori/dist/layout-hunt/before/shell/shell-protected-10-enter/warm-1440/record.json,/Users/albin/Code/jori/dist/layout-hunt/SHELL_CAUSES.json
SF7,SF7,confirmed,shell-protected-11-back,cold-1440,14800,SF3/SF4/SF7; overlay visibility pending,/Users/albin/Code/jori/dist/layout-hunt/before/shell/shell-protected-11-back/cold-1440/3000.png,/Users/albin/Code/jori/dist/layout-hunt/before/shell/shell-protected-11-back/cold-1440/before.png,/Users/albin/Code/jori/dist/layout-hunt/before/shell/shell-protected-11-back/cold-1440/record.json,/Users/albin/Code/jori/dist/layout-hunt/SHELL_CAUSES.json
SF7,SF7,confirmed,shell-protected-11-back,warm-1440,1654,SF3/SF4/SF7; overlay visibility pending,/Users/albin/Code/jori/dist/layout-hunt/before/shell/shell-protected-11-back/warm-1440/1000.png,/Users/albin/Code/jori/dist/layout-hunt/before/shell/shell-protected-11-back/warm-1440/before.png,/Users/albin/Code/jori/dist/layout-hunt/before/shell/shell-protected-11-back/warm-1440/record.json,/Users/albin/Code/jori/dist/layout-hunt/SHELL_CAUSES.json
SF7,SF7,confirmed,shell-protected-11-enter,cold-1440,13655,SF7/SF10 usage stat details +25.5px; overlay visibility pending,/Users/albin/Code/jori/dist/layout-hunt/before/shell/shell-protected-11-enter/cold-1440/3000.png,/Users/albin/Code/jori/dist/layout-hunt/before/shell/shell-protected-11-enter/cold-1440/settled.png,/Users/albin/Code/jori/dist/layout-hunt/before/shell/shell-protected-11-enter/cold-1440/record.json,/Users/albin/Code/jori/dist/layout-hunt/SHELL_CAUSES.json
SF7,SF7,confirmed,shell-protected-11-enter,warm-1440,1619,SF7/SF10 usage stat details +25.5px; overlay visibility pending,/Users/albin/Code/jori/dist/layout-hunt/before/shell/shell-protected-11-enter/warm-1440/1000.png,/Users/albin/Code/jori/dist/layout-hunt/before/shell/shell-protected-11-enter/warm-1440/3000.png,/Users/albin/Code/jori/dist/layout-hunt/before/shell/shell-protected-11-enter/warm-1440/record.json,/Users/albin/Code/jori/dist/layout-hunt/SHELL_CAUSES.json
SF7,SF7,confirmed,shell-protected-12-back,cold-1440,14451,SF3/SF4/SF7; overlay visibility pending,/Users/albin/Code/jori/dist/layout-hunt/before/shell/shell-protected-12-back/cold-1440/3000.png,/Users/albin/Code/jori/dist/layout-hunt/before/shell/shell-protected-12-back/cold-1440/before.png,/Users/albin/Code/jori/dist/layout-hunt/before/shell/shell-protected-12-back/cold-1440/record.json,/Users/albin/Code/jori/dist/layout-hunt/SHELL_CAUSES.json
SF7,SF7,confirmed,shell-protected-12-back,warm-1440,1590,SF3/SF4/SF7; overlay visibility pending,/Users/albin/Code/jori/dist/layout-hunt/before/shell/shell-protected-12-back/warm-1440/1000.png,/Users/albin/Code/jori/dist/layout-hunt/before/shell/shell-protected-12-back/warm-1440/before.png,/Users/albin/Code/jori/dist/layout-hunt/before/shell/shell-protected-12-back/warm-1440/record.json,/Users/albin/Code/jori/dist/layout-hunt/SHELL_CAUSES.json
SF7,SF7,confirmed,shell-protected-12-enter,cold-1440,13107,SF7/SF11 Slack action width; overlay pending,/Users/albin/Code/jori/dist/layout-hunt/before/shell/shell-protected-12-enter/cold-1440/3000.png,/Users/albin/Code/jori/dist/layout-hunt/before/shell/shell-protected-12-enter/cold-1440/settled.png,/Users/albin/Code/jori/dist/layout-hunt/before/shell/shell-protected-12-enter/cold-1440/record.json,/Users/albin/Code/jori/dist/layout-hunt/SHELL_CAUSES.json
SF7,SF7,confirmed,shell-protected-12-enter,warm-1440,2250,SF7/SF11 Slack action width; overlay pending,/Users/albin/Code/jori/dist/layout-hunt/before/shell/shell-protected-12-enter/warm-1440/1000.png,/Users/albin/Code/jori/dist/layout-hunt/before/shell/shell-protected-12-enter/warm-1440/3000.png,/Users/albin/Code/jori/dist/layout-hunt/before/shell/shell-protected-12-enter/warm-1440/record.json,/Users/albin/Code/jori/dist/layout-hunt/SHELL_CAUSES.json
SF7,SF7,confirmed,shell-protected-13-back,cold-1440,15242,SF3/SF4/SF7; overlay visibility pending,/Users/albin/Code/jori/dist/layout-hunt/before/shell/shell-protected-13-back/cold-1440/3000.png,/Users/albin/Code/jori/dist/layout-hunt/before/shell/shell-protected-13-back/cold-1440/before.png,/Users/albin/Code/jori/dist/layout-hunt/before/shell/shell-protected-13-back/cold-1440/record.json,/Users/albin/Code/jori/dist/layout-hunt/SHELL_CAUSES.json
SF7,SF7,confirmed,shell-protected-13-back,warm-1440,1851,SF3/SF4/SF7; overlay visibility pending,/Users/albin/Code/jori/dist/layout-hunt/before/shell/shell-protected-13-back/warm-1440/1000.png,/Users/albin/Code/jori/dist/layout-hunt/before/shell/shell-protected-13-back/warm-1440/before.png,/Users/albin/Code/jori/dist/layout-hunt/before/shell/shell-protected-13-back/warm-1440/record.json,/Users/albin/Code/jori/dist/layout-hunt/SHELL_CAUSES.json
SF7,SF7,confirmed,shell-protected-13-enter,cold-1440,12984,SF7; overlay pending,/Users/albin/Code/jori/dist/layout-hunt/before/shell/shell-protected-13-enter/cold-1440/3000.png,/Users/albin/Code/jori/dist/layout-hunt/before/shell/shell-protected-13-enter/cold-1440/settled.png,/Users/albin/Code/jori/dist/layout-hunt/before/shell/shell-protected-13-enter/cold-1440/record.json,/Users/albin/Code/jori/dist/layout-hunt/SHELL_CAUSES.json
SF7,SF7,confirmed,shell-protected-13-enter,warm-1440,3037,SF7; overlay pending,/Users/albin/Code/jori/dist/layout-hunt/before/shell/shell-protected-13-enter/warm-1440/1000.png,/Users/albin/Code/jori/dist/layout-hunt/before/shell/shell-protected-13-enter/warm-1440/3000.png,/Users/albin/Code/jori/dist/layout-hunt/before/shell/shell-protected-13-enter/warm-1440/record.json,/Users/albin/Code/jori/dist/layout-hunt/SHELL_CAUSES.json
SF7,SF7,confirmed,shell-protected-14-enter,cold-1440,13980,SF7; overlay visibility pending,/Users/albin/Code/jori/dist/layout-hunt/before/shell/shell-protected-14-enter/cold-1440/3000.png,/Users/albin/Code/jori/dist/layout-hunt/before/shell/shell-protected-14-enter/cold-1440/settled.png,/Users/albin/Code/jori/dist/layout-hunt/before/shell/shell-protected-14-enter/cold-1440/record.json,/Users/albin/Code/jori/dist/layout-hunt/SHELL_CAUSES.json
SF7,SF7,confirmed,shell-protected-14-enter,warm-1440,1875,SF7; overlay visibility pending,/Users/albin/Code/jori/dist/layout-hunt/before/shell/shell-protected-14-enter/warm-1440/1000.png,/Users/albin/Code/jori/dist/layout-hunt/before/shell/shell-protected-14-enter/warm-1440/3000.png,/Users/albin/Code/jori/dist/layout-hunt/before/shell/shell-protected-14-enter/warm-1440/record.json,/Users/albin/Code/jori/dist/layout-hunt/SHELL_CAUSES.json
SF7,SF7,confirmed,shell-protected-15-enter,cold-1440,13189,"SF7 sidebar +105px, overlay visibility pending",/Users/albin/Code/jori/dist/layout-hunt/before/shell/shell-protected-15-enter/cold-1440/3000.png,/Users/albin/Code/jori/dist/layout-hunt/before/shell/shell-protected-15-enter/cold-1440/settled.png,/Users/albin/Code/jori/dist/layout-hunt/before/shell/shell-protected-15-enter/cold-1440/record.json,/Users/albin/Code/jori/dist/layout-hunt/SHELL_CAUSES.json
SF7,SF7,confirmed,shell-protected-15-enter,warm-1440,2035,"SF7 sidebar +105px, overlay visibility pending",/Users/albin/Code/jori/dist/layout-hunt/before/shell/shell-protected-15-enter/warm-1440/1000.png,/Users/albin/Code/jori/dist/layout-hunt/before/shell/shell-protected-15-enter/warm-1440/3000.png,/Users/albin/Code/jori/dist/layout-hunt/before/shell/shell-protected-15-enter/warm-1440/record.json,/Users/albin/Code/jori/dist/layout-hunt/SHELL_CAUSES.json
SF7,SF7,confirmed,shell-protected-16-back,cold-1440,14692,SF3/SF4/SF7; overlay visibility pending,/Users/albin/Code/jori/dist/layout-hunt/before/shell/shell-protected-16-back/cold-1440/3000.png,/Users/albin/Code/jori/dist/layout-hunt/before/shell/shell-protected-16-back/cold-1440/before.png,/Users/albin/Code/jori/dist/layout-hunt/before/shell/shell-protected-16-back/cold-1440/record.json,/Users/albin/Code/jori/dist/layout-hunt/SHELL_CAUSES.json
SF7,SF7,confirmed,shell-protected-16-back,warm-1440,1303,SF3/SF4/SF7; overlay visibility pending,/Users/albin/Code/jori/dist/layout-hunt/before/shell/shell-protected-16-back/warm-1440/1000.png,/Users/albin/Code/jori/dist/layout-hunt/before/shell/shell-protected-16-back/warm-1440/before.png,/Users/albin/Code/jori/dist/layout-hunt/before/shell/shell-protected-16-back/warm-1440/record.json,/Users/albin/Code/jori/dist/layout-hunt/SHELL_CAUSES.json
SF7,SF7,confirmed,shell-protected-16-enter,cold-1440,12910,"SF7 sidebar +105px, overlay visibility pending",/Users/albin/Code/jori/dist/layout-hunt/before/shell/shell-protected-16-enter/cold-1440/3000.png,/Users/albin/Code/jori/dist/layout-hunt/before/shell/shell-protected-16-enter/cold-1440/settled.png,/Users/albin/Code/jori/dist/layout-hunt/before/shell/shell-protected-16-enter/cold-1440/record.json,/Users/albin/Code/jori/dist/layout-hunt/SHELL_CAUSES.json
SF7,SF7,confirmed,shell-protected-16-enter,warm-1440,1943,"SF7 sidebar +105px, overlay visibility pending",/Users/albin/Code/jori/dist/layout-hunt/before/shell/shell-protected-16-enter/warm-1440/1000.png,/Users/albin/Code/jori/dist/layout-hunt/before/shell/shell-protected-16-enter/warm-1440/3000.png,/Users/albin/Code/jori/dist/layout-hunt/before/shell/shell-protected-16-enter/warm-1440/record.json,/Users/albin/Code/jori/dist/layout-hunt/SHELL_CAUSES.json
SF7,SF7,confirmed,shell-protected-17-back,cold-1440,14115,SF3/SF4/SF7 combined; overlay visibility pending,/Users/albin/Code/jori/dist/layout-hunt/before/shell/shell-protected-17-back/cold-1440/3000.png,/Users/albin/Code/jori/dist/layout-hunt/before/shell/shell-protected-17-back/cold-1440/before.png,/Users/albin/Code/jori/dist/layout-hunt/before/shell/shell-protected-17-back/cold-1440/record.json,/Users/albin/Code/jori/dist/layout-hunt/SHELL_CAUSES.json
SF7,SF7,confirmed,shell-protected-17-back,warm-1440,1372,SF3/SF4/SF7 combined; overlay visibility pending,/Users/albin/Code/jori/dist/layout-hunt/before/shell/shell-protected-17-back/warm-1440/1000.png,/Users/albin/Code/jori/dist/layout-hunt/before/shell/shell-protected-17-back/warm-1440/before.png,/Users/albin/Code/jori/dist/layout-hunt/before/shell/shell-protected-17-back/warm-1440/record.json,/Users/albin/Code/jori/dist/layout-hunt/SHELL_CAUSES.json
SF7,SF7,confirmed,shell-protected-17-enter,cold-1440,11954,"SF7 sidebar +105px, overlay visibility pending",/Users/albin/Code/jori/dist/layout-hunt/before/shell/shell-protected-17-enter/cold-1440/3000.png,/Users/albin/Code/jori/dist/layout-hunt/before/shell/shell-protected-17-enter/cold-1440/settled.png,/Users/albin/Code/jori/dist/layout-hunt/before/shell/shell-protected-17-enter/cold-1440/record.json,/Users/albin/Code/jori/dist/layout-hunt/SHELL_CAUSES.json
SF7,SF7,confirmed,shell-protected-17-enter,warm-1440,1602,"SF7 sidebar +105px, overlay visibility pending",/Users/albin/Code/jori/dist/layout-hunt/before/shell/shell-protected-17-enter/warm-1440/1000.png,/Users/albin/Code/jori/dist/layout-hunt/before/shell/shell-protected-17-enter/warm-1440/3000.png,/Users/albin/Code/jori/dist/layout-hunt/before/shell/shell-protected-17-enter/warm-1440/record.json,/Users/albin/Code/jori/dist/layout-hunt/SHELL_CAUSES.json
SF7,SF7,confirmed,shell-protected-18-enter,cold-1440,11421,"SF7 sidebar +105px, overlay visibility pending",/Users/albin/Code/jori/dist/layout-hunt/before/shell/shell-protected-18-enter/cold-1440/3000.png,/Users/albin/Code/jori/dist/layout-hunt/before/shell/shell-protected-18-enter/cold-1440/settled.png,/Users/albin/Code/jori/dist/layout-hunt/before/shell/shell-protected-18-enter/cold-1440/record.json,/Users/albin/Code/jori/dist/layout-hunt/SHELL_CAUSES.json
SF7,SF7,confirmed,shell-protected-18-enter,warm-1440,1569,"SF7 sidebar +105px, overlay visibility pending",/Users/albin/Code/jori/dist/layout-hunt/before/shell/shell-protected-18-enter/warm-1440/1000.png,/Users/albin/Code/jori/dist/layout-hunt/before/shell/shell-protected-18-enter/warm-1440/3000.png,/Users/albin/Code/jori/dist/layout-hunt/before/shell/shell-protected-18-enter/warm-1440/record.json,/Users/albin/Code/jori/dist/layout-hunt/SHELL_CAUSES.json
SF7,SF7,confirmed,shell-protected-19-back,cold-1440,14375,SF3/SF4/SF7; overlay visibility pending,/Users/albin/Code/jori/dist/layout-hunt/before/shell/shell-protected-19-back/cold-1440/3000.png,/Users/albin/Code/jori/dist/layout-hunt/before/shell/shell-protected-19-back/cold-1440/before.png,/Users/albin/Code/jori/dist/layout-hunt/before/shell/shell-protected-19-back/cold-1440/record.json,/Users/albin/Code/jori/dist/layout-hunt/SHELL_CAUSES.json
SF7,SF7,confirmed,shell-protected-19-back,warm-1440,1670,SF3/SF4/SF7; overlay visibility pending,/Users/albin/Code/jori/dist/layout-hunt/before/shell/shell-protected-19-back/warm-1440/1000.png,/Users/albin/Code/jori/dist/layout-hunt/before/shell/shell-protected-19-back/warm-1440/before.png,/Users/albin/Code/jori/dist/layout-hunt/before/shell/shell-protected-19-back/warm-1440/record.json,/Users/albin/Code/jori/dist/layout-hunt/SHELL_CAUSES.json
SF7,SF7,confirmed,shell-protected-19-enter,cold-1440,12383,"SF7 sidebar +105px, overlay visibility pending",/Users/albin/Code/jori/dist/layout-hunt/before/shell/shell-protected-19-enter/cold-1440/3000.png,/Users/albin/Code/jori/dist/layout-hunt/before/shell/shell-protected-19-enter/cold-1440/settled.png,/Users/albin/Code/jori/dist/layout-hunt/before/shell/shell-protected-19-enter/cold-1440/record.json,/Users/albin/Code/jori/dist/layout-hunt/SHELL_CAUSES.json
SF7,SF7,confirmed,shell-protected-19-enter,warm-1440,1756,"SF7 sidebar +105px, overlay visibility pending",/Users/albin/Code/jori/dist/layout-hunt/before/shell/shell-protected-19-enter/warm-1440/250.png,/Users/albin/Code/jori/dist/layout-hunt/before/shell/shell-protected-19-enter/warm-1440/1000.png,/Users/albin/Code/jori/dist/layout-hunt/before/shell/shell-protected-19-enter/warm-1440/record.json,/Users/albin/Code/jori/dist/layout-hunt/SHELL_CAUSES.json
SF7,SF7,confirmed,shell-protected-20-enter,cold-1440,12105,"SF7 sidebar +105px, overlay visibility pending",/Users/albin/Code/jori/dist/layout-hunt/before/shell/shell-protected-20-enter/cold-1440/3000.png,/Users/albin/Code/jori/dist/layout-hunt/before/shell/shell-protected-20-enter/cold-1440/settled.png,/Users/albin/Code/jori/dist/layout-hunt/before/shell/shell-protected-20-enter/cold-1440/record.json,/Users/albin/Code/jori/dist/layout-hunt/SHELL_CAUSES.json
SF7,SF7,confirmed,shell-protected-20-enter,warm-1440,1402,"SF7 sidebar +105px, overlay visibility pending",/Users/albin/Code/jori/dist/layout-hunt/before/shell/shell-protected-20-enter/warm-1440/1000.png,/Users/albin/Code/jori/dist/layout-hunt/before/shell/shell-protected-20-enter/warm-1440/3000.png,/Users/albin/Code/jori/dist/layout-hunt/before/shell/shell-protected-20-enter/warm-1440/record.json,/Users/albin/Code/jori/dist/layout-hunt/SHELL_CAUSES.json
SF7,SF7,confirmed,shell-protected-21-enter,cold-1440,13148,"SF7 sidebar +105px, overlay visibility pending",/Users/albin/Code/jori/dist/layout-hunt/before/shell/shell-protected-21-enter/cold-1440/3000.png,/Users/albin/Code/jori/dist/layout-hunt/before/shell/shell-protected-21-enter/cold-1440/settled.png,/Users/albin/Code/jori/dist/layout-hunt/before/shell/shell-protected-21-enter/cold-1440/record.json,/Users/albin/Code/jori/dist/layout-hunt/SHELL_CAUSES.json
SF7,SF7,confirmed,shell-protected-21-enter,warm-1440,1519,"SF7 sidebar +105px, overlay visibility pending",/Users/albin/Code/jori/dist/layout-hunt/before/shell/shell-protected-21-enter/warm-1440/1000.png,/Users/albin/Code/jori/dist/layout-hunt/before/shell/shell-protected-21-enter/warm-1440/3000.png,/Users/albin/Code/jori/dist/layout-hunt/before/shell/shell-protected-21-enter/warm-1440/record.json,/Users/albin/Code/jori/dist/layout-hunt/SHELL_CAUSES.json
SF7,SF7,confirmed,shell-auth-boundary-initialization,cold-1440,14110,"Loaded real console reached after member initialization. SF3 Recent three-row centering, SF4 model readiness and SF7 async sidebar candidates. Initial overlay opacity follow-up pending.",/Users/albin/Code/jori/dist/layout-hunt/before/shell-resume/shell-auth-boundary-initialization/cold-1440/3000.png,/Users/albin/Code/jori/dist/layout-hunt/before/shell-resume/shell-auth-boundary-initialization/cold-1440/settled.png,/Users/albin/Code/jori/dist/layout-hunt/before/shell-resume/shell-auth-boundary-initialization/cold-1440/record.json,/Users/albin/Code/jori/dist/layout-hunt/SHELL_CAUSES.json
SF7,SF7,confirmed,shell-auth-boundary-initialization,warm-1440,1768,"Loaded real console reached after member initialization. SF3 Recent three-row centering, SF4 model readiness and SF7 async sidebar candidates. Initial overlay opacity follow-up pending.",/Users/albin/Code/jori/dist/layout-hunt/before/shell-resume/shell-auth-boundary-initialization/warm-1440/1000.png,/Users/albin/Code/jori/dist/layout-hunt/before/shell-resume/shell-auth-boundary-initialization/warm-1440/3000.png,/Users/albin/Code/jori/dist/layout-hunt/before/shell-resume/shell-auth-boundary-initialization/warm-1440/record.json,/Users/albin/Code/jori/dist/layout-hunt/SHELL_CAUSES.json
SF7,SF7,confirmed,C163-load,cold-1440,12672,Initial screenshots show loader then final UI; native entries establish geometry movement but the PNG series does not bracket its visible start.,/Users/albin/Code/jori/dist/layout-hunt/before/controls/C163-load/cold-1440/0.png,/Users/albin/Code/jori/dist/layout-hunt/before/controls/C163-load/cold-1440/settled.png,/Users/albin/Code/jori/dist/layout-hunt/before/controls/C163-load/cold-1440/record.json,/Users/albin/Code/jori/dist/layout-hunt/CONTROLS_OCCURRENCES.json
SF7,SF7,confirmed,C163-load,warm-1440,2142,Initial screenshots show loader then final UI; native entries establish geometry movement but the PNG series does not bracket its visible start.,/Users/albin/Code/jori/dist/layout-hunt/before/controls/C163-load/warm-1440/0.png,/Users/albin/Code/jori/dist/layout-hunt/before/controls/C163-load/warm-1440/settled.png,/Users/albin/Code/jori/dist/layout-hunt/before/controls/C163-load/warm-1440/record.json,/Users/albin/Code/jori/dist/layout-hunt/CONTROLS_OCCURRENCES.json
SF7,SF7,confirmed,C156-load,cold-1440,13008,Initial screenshots show loader then final UI; native entries establish geometry movement but the PNG series does not bracket its visible start.,/Users/albin/Code/jori/dist/layout-hunt/before/controls/C156-load/cold-1440/0.png,/Users/albin/Code/jori/dist/layout-hunt/before/controls/C156-load/cold-1440/settled.png,/Users/albin/Code/jori/dist/layout-hunt/before/controls/C156-load/cold-1440/record.json,/Users/albin/Code/jori/dist/layout-hunt/CONTROLS_OCCURRENCES.json
SF7,SF7,confirmed,C156-load,warm-1440,1606,Initial screenshots show loader then final UI; native entries establish geometry movement but the PNG series does not bracket its visible start.,/Users/albin/Code/jori/dist/layout-hunt/before/controls/C156-load/warm-1440/0.png,/Users/albin/Code/jori/dist/layout-hunt/before/controls/C156-load/warm-1440/settled.png,/Users/albin/Code/jori/dist/layout-hunt/before/controls/C156-load/warm-1440/record.json,/Users/albin/Code/jori/dist/layout-hunt/CONTROLS_OCCURRENCES.json
SF7,SF7,confirmed,C169-load,cold-1440,15653,Initial screenshots show loader then final UI; native entries establish geometry movement but the PNG series does not bracket its visible start.,/Users/albin/Code/jori/dist/layout-hunt/before/controls/C169-load/cold-1440/0.png,/Users/albin/Code/jori/dist/layout-hunt/before/controls/C169-load/cold-1440/settled.png,/Users/albin/Code/jori/dist/layout-hunt/before/controls/C169-load/cold-1440/record.json,/Users/albin/Code/jori/dist/layout-hunt/CONTROLS_OCCURRENCES.json
SF7,SF7,confirmed,C169-load,warm-1440,1553,Initial screenshots show loader then final UI; native entries establish geometry movement but the PNG series does not bracket its visible start.,/Users/albin/Code/jori/dist/layout-hunt/before/controls/C169-load/warm-1440/0.png,/Users/albin/Code/jori/dist/layout-hunt/before/controls/C169-load/warm-1440/settled.png,/Users/albin/Code/jori/dist/layout-hunt/before/controls/C169-load/warm-1440/record.json,/Users/albin/Code/jori/dist/layout-hunt/CONTROLS_OCCURRENCES.json
SF7,SF7,confirmed,C170-load,cold-1440,"12157,12470",Initial screenshots show loader then final UI; native entries establish geometry movement but the PNG series does not bracket its visible start.,/Users/albin/Code/jori/dist/layout-hunt/before/controls/C170-load/cold-1440/0.png,/Users/albin/Code/jori/dist/layout-hunt/before/controls/C170-load/cold-1440/settled.png,/Users/albin/Code/jori/dist/layout-hunt/before/controls/C170-load/cold-1440/record.json,/Users/albin/Code/jori/dist/layout-hunt/CONTROLS_OCCURRENCES.json
SF7,SF7,confirmed,C170-load,warm-1440,"2056,2203",Initial screenshots show loader then final UI; native entries establish geometry movement but the PNG series does not bracket its visible start.,/Users/albin/Code/jori/dist/layout-hunt/before/controls/C170-load/warm-1440/0.png,/Users/albin/Code/jori/dist/layout-hunt/before/controls/C170-load/warm-1440/settled.png,/Users/albin/Code/jori/dist/layout-hunt/before/controls/C170-load/warm-1440/record.json,/Users/albin/Code/jori/dist/layout-hunt/CONTROLS_OCCURRENCES.json
SF8,SF8,confirmed,shell-protected-03-enter,warm-375,1435,SF8 source placeholder height,/Users/albin/Code/jori/dist/layout-hunt/before/shell/shell-protected-03-enter/warm-375/1000.png,/Users/albin/Code/jori/dist/layout-hunt/before/shell/shell-protected-03-enter/warm-375/3000.png,/Users/albin/Code/jori/dist/layout-hunt/before/shell/shell-protected-03-enter/warm-375/record.json,/Users/albin/Code/jori/dist/layout-hunt/SHELL_CAUSES.json
SF8,SF8,confirmed,C163-load,cold-375,11961,Initial screenshots show loader then final UI; native entries establish geometry movement but the PNG series does not bracket its visible start.,/Users/albin/Code/jori/dist/layout-hunt/before/controls/C163-load/cold-375/0.png,/Users/albin/Code/jori/dist/layout-hunt/before/controls/C163-load/cold-375/settled.png,/Users/albin/Code/jori/dist/layout-hunt/before/controls/C163-load/cold-375/record.json,/Users/albin/Code/jori/dist/layout-hunt/CONTROLS_OCCURRENCES.json
SF8,SF8,confirmed,C163-load,warm-375,1470,Initial screenshots show loader then final UI; native entries establish geometry movement but the PNG series does not bracket its visible start.,/Users/albin/Code/jori/dist/layout-hunt/before/controls/C163-load/warm-375/0.png,/Users/albin/Code/jori/dist/layout-hunt/before/controls/C163-load/warm-375/settled.png,/Users/albin/Code/jori/dist/layout-hunt/before/controls/C163-load/warm-375/record.json,/Users/albin/Code/jori/dist/layout-hunt/CONTROLS_OCCURRENCES.json
SF9,SF9,confirmed,shell-protected-05-enter,cold-1440,12646,SF7/SF9 Activity +28px,/Users/albin/Code/jori/dist/layout-hunt/before/shell/shell-protected-05-enter/cold-1440/3000.png,/Users/albin/Code/jori/dist/layout-hunt/before/shell/shell-protected-05-enter/cold-1440/settled.png,/Users/albin/Code/jori/dist/layout-hunt/before/shell/shell-protected-05-enter/cold-1440/record.json,/Users/albin/Code/jori/dist/layout-hunt/SHELL_CAUSES.json
SF9,SF9,confirmed,shell-protected-05-enter,cold-375,12101,SF9 Activity +47.5px,/Users/albin/Code/jori/dist/layout-hunt/before/shell/shell-protected-05-enter/cold-375/3000.png,/Users/albin/Code/jori/dist/layout-hunt/before/shell/shell-protected-05-enter/cold-375/settled.png,/Users/albin/Code/jori/dist/layout-hunt/before/shell/shell-protected-05-enter/cold-375/record.json,/Users/albin/Code/jori/dist/layout-hunt/SHELL_CAUSES.json
SF9,SF9,confirmed,shell-protected-05-enter,warm-1440,1851,SF7/SF9 Activity +28px,/Users/albin/Code/jori/dist/layout-hunt/before/shell/shell-protected-05-enter/warm-1440/1000.png,/Users/albin/Code/jori/dist/layout-hunt/before/shell/shell-protected-05-enter/warm-1440/3000.png,/Users/albin/Code/jori/dist/layout-hunt/before/shell/shell-protected-05-enter/warm-1440/record.json,/Users/albin/Code/jori/dist/layout-hunt/SHELL_CAUSES.json
SF9,SF9,confirmed,shell-protected-05-enter,warm-375,1519,SF9 Activity +47.5px,/Users/albin/Code/jori/dist/layout-hunt/before/shell/shell-protected-05-enter/warm-375/1000.png,/Users/albin/Code/jori/dist/layout-hunt/before/shell/shell-protected-05-enter/warm-375/3000.png,/Users/albin/Code/jori/dist/layout-hunt/before/shell/shell-protected-05-enter/warm-375/record.json,/Users/albin/Code/jori/dist/layout-hunt/SHELL_CAUSES.json
SF9,SF9,confirmed,C163-workstreams,cold-1440,1339,"The native list shift is recorded, but PNGs skip from prior route to already resolved Activity.",/Users/albin/Code/jori/dist/layout-hunt/before/controls/C163-workstreams/cold-1440/before.png,/Users/albin/Code/jori/dist/layout-hunt/before/controls/C163-workstreams/cold-1440/1000.png,/Users/albin/Code/jori/dist/layout-hunt/before/controls/C163-workstreams/cold-1440/record.json,/Users/albin/Code/jori/dist/layout-hunt/CONTROLS_OCCURRENCES.json
SF9,SF9,confirmed,C163-workstreams,warm-1440,541,,/Users/albin/Code/jori/dist/layout-hunt/before/controls/C163-workstreams/warm-1440/250.png,/Users/albin/Code/jori/dist/layout-hunt/before/controls/C163-workstreams/warm-1440/1000.png,/Users/albin/Code/jori/dist/layout-hunt/before/controls/C163-workstreams/warm-1440/record.json,/Users/albin/Code/jori/dist/layout-hunt/CONTROLS_OCCURRENCES.json
SF9,SF9,confirmed,C163-workstreams,cold-375,1772,,/Users/albin/Code/jori/dist/layout-hunt/before/controls/C163-workstreams/cold-375/1000.png,/Users/albin/Code/jori/dist/layout-hunt/before/controls/C163-workstreams/cold-375/3000.png,/Users/albin/Code/jori/dist/layout-hunt/before/controls/C163-workstreams/cold-375/record.json,/Users/albin/Code/jori/dist/layout-hunt/CONTROLS_OCCURRENCES.json
SF9,SF9,confirmed,C163-workstreams,warm-375,566,,/Users/albin/Code/jori/dist/layout-hunt/before/controls/C163-workstreams/warm-375/250.png,/Users/albin/Code/jori/dist/layout-hunt/before/controls/C163-workstreams/warm-375/1000.png,/Users/albin/Code/jori/dist/layout-hunt/before/controls/C163-workstreams/warm-375/record.json,/Users/albin/Code/jori/dist/layout-hunt/CONTROLS_OCCURRENCES.json
SF9,SF9,confirmed,C170-load,cold-1440,"12157,12470",Initial screenshots show loader then final UI; native entries establish geometry movement but the PNG series does not bracket its visible start.,/Users/albin/Code/jori/dist/layout-hunt/before/controls/C170-load/cold-1440/0.png,/Users/albin/Code/jori/dist/layout-hunt/before/controls/C170-load/cold-1440/settled.png,/Users/albin/Code/jori/dist/layout-hunt/before/controls/C170-load/cold-1440/record.json,/Users/albin/Code/jori/dist/layout-hunt/CONTROLS_OCCURRENCES.json
SF9,SF9,confirmed,C170-load,warm-1440,"2056,2203",Initial screenshots show loader then final UI; native entries establish geometry movement but the PNG series does not bracket its visible start.,/Users/albin/Code/jori/dist/layout-hunt/before/controls/C170-load/warm-1440/0.png,/Users/albin/Code/jori/dist/layout-hunt/before/controls/C170-load/warm-1440/settled.png,/Users/albin/Code/jori/dist/layout-hunt/before/controls/C170-load/warm-1440/record.json,/Users/albin/Code/jori/dist/layout-hunt/CONTROLS_OCCURRENCES.json
SF9,SF9,confirmed,C170-load,cold-375,12290,Initial screenshots show loader then final UI; native entries establish geometry movement but the PNG series does not bracket its visible start.,/Users/albin/Code/jori/dist/layout-hunt/before/controls/C170-load/cold-375/0.png,/Users/albin/Code/jori/dist/layout-hunt/before/controls/C170-load/cold-375/settled.png,/Users/albin/Code/jori/dist/layout-hunt/before/controls/C170-load/cold-375/record.json,/Users/albin/Code/jori/dist/layout-hunt/CONTROLS_OCCURRENCES.json
SF9,SF9,confirmed,C170-load,warm-375,1635,Initial screenshots show loader then final UI; native entries establish geometry movement but the PNG series does not bracket its visible start.,/Users/albin/Code/jori/dist/layout-hunt/before/controls/C170-load/warm-375/0.png,/Users/albin/Code/jori/dist/layout-hunt/before/controls/C170-load/warm-375/settled.png,/Users/albin/Code/jori/dist/layout-hunt/before/controls/C170-load/warm-375/record.json,/Users/albin/Code/jori/dist/layout-hunt/CONTROLS_OCCURRENCES.json
SF10,SF10,confirmed,shell-protected-11-enter,cold-1440,13655,SF7/SF10 usage stat details +25.5px; overlay visibility pending,/Users/albin/Code/jori/dist/layout-hunt/before/shell/shell-protected-11-enter/cold-1440/3000.png,/Users/albin/Code/jori/dist/layout-hunt/before/shell/shell-protected-11-enter/cold-1440/settled.png,/Users/albin/Code/jori/dist/layout-hunt/before/shell/shell-protected-11-enter/cold-1440/record.json,/Users/albin/Code/jori/dist/layout-hunt/SHELL_CAUSES.json
SF10,SF10,confirmed,shell-protected-11-enter,cold-375,13589,SF10 usage stat details +51px; overlay visibility pending,/Users/albin/Code/jori/dist/layout-hunt/before/shell/shell-protected-11-enter/cold-375/3000.png,/Users/albin/Code/jori/dist/layout-hunt/before/shell/shell-protected-11-enter/cold-375/settled.png,/Users/albin/Code/jori/dist/layout-hunt/before/shell/shell-protected-11-enter/cold-375/record.json,/Users/albin/Code/jori/dist/layout-hunt/SHELL_CAUSES.json
SF10,SF10,confirmed,shell-protected-11-enter,warm-1440,1619,SF7/SF10 usage stat details +25.5px; overlay visibility pending,/Users/albin/Code/jori/dist/layout-hunt/before/shell/shell-protected-11-enter/warm-1440/1000.png,/Users/albin/Code/jori/dist/layout-hunt/before/shell/shell-protected-11-enter/warm-1440/3000.png,/Users/albin/Code/jori/dist/layout-hunt/before/shell/shell-protected-11-enter/warm-1440/record.json,/Users/albin/Code/jori/dist/layout-hunt/SHELL_CAUSES.json
SF10,SF10,confirmed,shell-protected-11-enter,warm-375,1391,SF10 usage stat details +51px; overlay visibility pending,/Users/albin/Code/jori/dist/layout-hunt/before/shell/shell-protected-11-enter/warm-375/1000.png,/Users/albin/Code/jori/dist/layout-hunt/before/shell/shell-protected-11-enter/warm-375/3000.png,/Users/albin/Code/jori/dist/layout-hunt/before/shell/shell-protected-11-enter/warm-375/record.json,/Users/albin/Code/jori/dist/layout-hunt/SHELL_CAUSES.json
SF10,SF10,confirmed,shell-live-usage-30-to-7,cold-1440,"404,725","SF10 visible usage details disappear/reappear during range query, 25.5px desktop/51px mobile band shrink/growth. Stats nodes also remount on placeholder replacement; retained bottom labels move. Range select label width129.13 to120.09px shifts calendar icon9.03px; zero scroll.",/Users/albin/Code/jori/dist/layout-hunt/before/shell-resume/shell-live-usage-30-to-7/cold-1440/before.png,/Users/albin/Code/jori/dist/layout-hunt/before/shell-resume/shell-live-usage-30-to-7/cold-1440/0.png,/Users/albin/Code/jori/dist/layout-hunt/before/shell-resume/shell-live-usage-30-to-7/cold-1440/record.json,/Users/albin/Code/jori/dist/layout-hunt/SHELL_CAUSES.json
SF10,SF10,confirmed,shell-live-usage-30-to-7,cold-375,"419,830","SF10 visible usage details disappear/reappear during range query, 25.5px desktop/51px mobile band shrink/growth. Stats nodes also remount on placeholder replacement; retained bottom labels move. Range select label width129.13 to120.09px shifts calendar icon9.03px; zero scroll.",/Users/albin/Code/jori/dist/layout-hunt/before/shell-resume/shell-live-usage-30-to-7/cold-375/before.png,/Users/albin/Code/jori/dist/layout-hunt/before/shell-resume/shell-live-usage-30-to-7/cold-375/0.png,/Users/albin/Code/jori/dist/layout-hunt/before/shell-resume/shell-live-usage-30-to-7/cold-375/record.json,/Users/albin/Code/jori/dist/layout-hunt/SHELL_CAUSES.json
SF10,SF10,confirmed,shell-live-usage-30-to-7,warm-1440,"158,367","SF10 visible usage details disappear/reappear during range query, 25.5px desktop/51px mobile band shrink/growth. Stats nodes also remount on placeholder replacement; retained bottom labels move. Range select label width129.13 to120.09px shifts calendar icon9.03px; zero scroll.",/Users/albin/Code/jori/dist/layout-hunt/before/shell-resume/shell-live-usage-30-to-7/warm-1440/before.png,/Users/albin/Code/jori/dist/layout-hunt/before/shell-resume/shell-live-usage-30-to-7/warm-1440/0.png,/Users/albin/Code/jori/dist/layout-hunt/before/shell-resume/shell-live-usage-30-to-7/warm-1440/record.json,/Users/albin/Code/jori/dist/layout-hunt/SHELL_CAUSES.json
SF10,SF10,confirmed,shell-live-usage-30-to-7,warm-375,"127,350","SF10 visible usage details disappear/reappear during range query, 25.5px desktop/51px mobile band shrink/growth. Stats nodes also remount on placeholder replacement; retained bottom labels move. Range select label width129.13 to120.09px shifts calendar icon9.03px; zero scroll.",/Users/albin/Code/jori/dist/layout-hunt/before/shell-resume/shell-live-usage-30-to-7/warm-375/before.png,/Users/albin/Code/jori/dist/layout-hunt/before/shell-resume/shell-live-usage-30-to-7/warm-375/0.png,/Users/albin/Code/jori/dist/layout-hunt/before/shell-resume/shell-live-usage-30-to-7/warm-375/record.json,/Users/albin/Code/jori/dist/layout-hunt/SHELL_CAUSES.json
SF10,SF10,confirmed,shell-live-usage-7-to-30,cold-1440,"333,1003","SF10 visible usage details disappear/reappear during range query, 25.5px desktop/51px mobile band shrink/growth. Stats nodes also remount on placeholder replacement; retained bottom labels move. Range select label width129.13 to120.09px shifts calendar icon9.03px; zero scroll.",/Users/albin/Code/jori/dist/layout-hunt/before/shell-resume/shell-live-usage-7-to-30/cold-1440/before.png,/Users/albin/Code/jori/dist/layout-hunt/before/shell-resume/shell-live-usage-7-to-30/cold-1440/0.png,/Users/albin/Code/jori/dist/layout-hunt/before/shell-resume/shell-live-usage-7-to-30/cold-1440/record.json,/Users/albin/Code/jori/dist/layout-hunt/SHELL_CAUSES.json
SF10,SF10,confirmed,shell-live-usage-7-to-30,cold-375,"355,789","SF10 visible usage details disappear/reappear during range query, 25.5px desktop/51px mobile band shrink/growth. Stats nodes also remount on placeholder replacement; retained bottom labels move. Range select label width129.13 to120.09px shifts calendar icon9.03px; zero scroll.",/Users/albin/Code/jori/dist/layout-hunt/before/shell-resume/shell-live-usage-7-to-30/cold-375/before.png,/Users/albin/Code/jori/dist/layout-hunt/before/shell-resume/shell-live-usage-7-to-30/cold-375/0.png,/Users/albin/Code/jori/dist/layout-hunt/before/shell-resume/shell-live-usage-7-to-30/cold-375/record.json,/Users/albin/Code/jori/dist/layout-hunt/SHELL_CAUSES.json
SF10,SF10,confirmed,shell-live-usage-7-to-30,warm-1440,"138,402","SF10 visible usage details disappear/reappear during range query, 25.5px desktop/51px mobile band shrink/growth. Stats nodes also remount on placeholder replacement; retained bottom labels move. Range select label width129.13 to120.09px shifts calendar icon9.03px; zero scroll.",/Users/albin/Code/jori/dist/layout-hunt/before/shell-resume/shell-live-usage-7-to-30/warm-1440/before.png,/Users/albin/Code/jori/dist/layout-hunt/before/shell-resume/shell-live-usage-7-to-30/warm-1440/0.png,/Users/albin/Code/jori/dist/layout-hunt/before/shell-resume/shell-live-usage-7-to-30/warm-1440/record.json,/Users/albin/Code/jori/dist/layout-hunt/SHELL_CAUSES.json
SF10,SF10,confirmed,shell-live-usage-7-to-30,warm-375,"220,493","SF10 visible usage details disappear/reappear during range query, 25.5px desktop/51px mobile band shrink/growth. Stats nodes also remount on placeholder replacement; retained bottom labels move. Range select label width129.13 to120.09px shifts calendar icon9.03px; zero scroll.",/Users/albin/Code/jori/dist/layout-hunt/before/shell-resume/shell-live-usage-7-to-30/warm-375/before.png,/Users/albin/Code/jori/dist/layout-hunt/before/shell-resume/shell-live-usage-7-to-30/warm-375/0.png,/Users/albin/Code/jori/dist/layout-hunt/before/shell-resume/shell-live-usage-7-to-30/warm-375/record.json,/Users/albin/Code/jori/dist/layout-hunt/SHELL_CAUSES.json
SF11,SF11,confirmed,shell-protected-12-enter,cold-1440,13107,SF7/SF11 Slack action width; overlay pending,/Users/albin/Code/jori/dist/layout-hunt/before/shell/shell-protected-12-enter/cold-1440/3000.png,/Users/albin/Code/jori/dist/layout-hunt/before/shell/shell-protected-12-enter/cold-1440/settled.png,/Users/albin/Code/jori/dist/layout-hunt/before/shell/shell-protected-12-enter/cold-1440/record.json,/Users/albin/Code/jori/dist/layout-hunt/SHELL_CAUSES.json
SF11,SF11,confirmed,shell-protected-12-enter,cold-375,11882,SF11 Slack card -20px; overlay pending,/Users/albin/Code/jori/dist/layout-hunt/before/shell/shell-protected-12-enter/cold-375/3000.png,/Users/albin/Code/jori/dist/layout-hunt/before/shell/shell-protected-12-enter/cold-375/settled.png,/Users/albin/Code/jori/dist/layout-hunt/before/shell/shell-protected-12-enter/cold-375/record.json,/Users/albin/Code/jori/dist/layout-hunt/SHELL_CAUSES.json
SF11,SF11,confirmed,shell-protected-12-enter,warm-1440,2250,SF7/SF11 Slack action width; overlay pending,/Users/albin/Code/jori/dist/layout-hunt/before/shell/shell-protected-12-enter/warm-1440/1000.png,/Users/albin/Code/jori/dist/layout-hunt/before/shell/shell-protected-12-enter/warm-1440/3000.png,/Users/albin/Code/jori/dist/layout-hunt/before/shell/shell-protected-12-enter/warm-1440/record.json,/Users/albin/Code/jori/dist/layout-hunt/SHELL_CAUSES.json
SF11,SF11,confirmed,shell-protected-12-enter,warm-375,1319,SF11 Slack card -20px; overlay pending,/Users/albin/Code/jori/dist/layout-hunt/before/shell/shell-protected-12-enter/warm-375/1000.png,/Users/albin/Code/jori/dist/layout-hunt/before/shell/shell-protected-12-enter/warm-375/3000.png,/Users/albin/Code/jori/dist/layout-hunt/before/shell/shell-protected-12-enter/warm-375/record.json,/Users/albin/Code/jori/dist/layout-hunt/SHELL_CAUSES.json
SF11,SF11,confirmed,shell-protected-13-enter,cold-375,12098,SF11 Calendar status row -16px; overlay pending,/Users/albin/Code/jori/dist/layout-hunt/before/shell/shell-protected-13-enter/cold-375/3000.png,/Users/albin/Code/jori/dist/layout-hunt/before/shell/shell-protected-13-enter/cold-375/settled.png,/Users/albin/Code/jori/dist/layout-hunt/before/shell/shell-protected-13-enter/cold-375/record.json,/Users/albin/Code/jori/dist/layout-hunt/SHELL_CAUSES.json
SF11,SF11,confirmed,shell-protected-13-enter,warm-375,1403,SF11 Calendar status row -16px; overlay pending,/Users/albin/Code/jori/dist/layout-hunt/before/shell/shell-protected-13-enter/warm-375/1000.png,/Users/albin/Code/jori/dist/layout-hunt/before/shell/shell-protected-13-enter/warm-375/3000.png,/Users/albin/Code/jori/dist/layout-hunt/before/shell/shell-protected-13-enter/warm-375/record.json,/Users/albin/Code/jori/dist/layout-hunt/SHELL_CAUSES.json
SF11,CF-15,confirmed,C156-personal,cold-375,787,,/Users/albin/Code/jori/dist/layout-hunt/before/controls/C156-personal/cold-375/0.png,/Users/albin/Code/jori/dist/layout-hunt/before/controls/C156-personal/cold-375/250.png,/Users/albin/Code/jori/dist/layout-hunt/before/controls/C156-personal/cold-375/record.json,/Users/albin/Code/jori/dist/layout-hunt/CONTROLS_OCCURRENCES.json
SF11,CF-15,confirmed,C156-personal,warm-375,316,,/Users/albin/Code/jori/dist/layout-hunt/before/controls/C156-personal/warm-375/0.png,/Users/albin/Code/jori/dist/layout-hunt/before/controls/C156-personal/warm-375/250.png,/Users/albin/Code/jori/dist/layout-hunt/before/controls/C156-personal/warm-375/record.json,/Users/albin/Code/jori/dist/layout-hunt/CONTROLS_OCCURRENCES.json
SF11,CF-15,confirmed,C156-return,cold-1440,656,,/Users/albin/Code/jori/dist/layout-hunt/before/controls/C156-return/cold-1440/250.png,/Users/albin/Code/jori/dist/layout-hunt/before/controls/C156-return/cold-1440/1000.png,/Users/albin/Code/jori/dist/layout-hunt/before/controls/C156-return/cold-1440/record.json,/Users/albin/Code/jori/dist/layout-hunt/CONTROLS_OCCURRENCES.json
SF11,CF-15,confirmed,C156-return,warm-1440,226,,/Users/albin/Code/jori/dist/layout-hunt/before/controls/C156-return/warm-1440/0.png,/Users/albin/Code/jori/dist/layout-hunt/before/controls/C156-return/warm-1440/1000.png,/Users/albin/Code/jori/dist/layout-hunt/before/controls/C156-return/warm-1440/record.json,/Users/albin/Code/jori/dist/layout-hunt/CONTROLS_OCCURRENCES.json
SF11,CF-15,confirmed,C156-return,cold-375,664,,/Users/albin/Code/jori/dist/layout-hunt/before/controls/C156-return/cold-375/250.png,/Users/albin/Code/jori/dist/layout-hunt/before/controls/C156-return/cold-375/1000.png,/Users/albin/Code/jori/dist/layout-hunt/before/controls/C156-return/cold-375/record.json,/Users/albin/Code/jori/dist/layout-hunt/CONTROLS_OCCURRENCES.json
SF11,CF-15,confirmed,C156-return,warm-375,230,,/Users/albin/Code/jori/dist/layout-hunt/before/controls/C156-return/warm-375/0.png,/Users/albin/Code/jori/dist/layout-hunt/before/controls/C156-return/warm-375/1000.png,/Users/albin/Code/jori/dist/layout-hunt/before/controls/C156-return/warm-375/record.json,/Users/albin/Code/jori/dist/layout-hunt/CONTROLS_OCCURRENCES.json
SF11,CF-15,confirmed,C156-load,cold-1440,13008,Initial screenshots show loader then final UI; native entries establish geometry movement but the PNG series does not bracket its visible start.,/Users/albin/Code/jori/dist/layout-hunt/before/controls/C156-load/cold-1440/0.png,/Users/albin/Code/jori/dist/layout-hunt/before/controls/C156-load/cold-1440/settled.png,/Users/albin/Code/jori/dist/layout-hunt/before/controls/C156-load/cold-1440/record.json,/Users/albin/Code/jori/dist/layout-hunt/CONTROLS_OCCURRENCES.json
SF11,CF-15,confirmed,C156-load,warm-1440,1606,Initial screenshots show loader then final UI; native entries establish geometry movement but the PNG series does not bracket its visible start.,/Users/albin/Code/jori/dist/layout-hunt/before/controls/C156-load/warm-1440/0.png,/Users/albin/Code/jori/dist/layout-hunt/before/controls/C156-load/warm-1440/settled.png,/Users/albin/Code/jori/dist/layout-hunt/before/controls/C156-load/warm-1440/record.json,/Users/albin/Code/jori/dist/layout-hunt/CONTROLS_OCCURRENCES.json
SF11,CF-15,confirmed,C156-load,cold-375,12870,Initial screenshots show loader then final UI; native entries establish geometry movement but the PNG series does not bracket its visible start.,/Users/albin/Code/jori/dist/layout-hunt/before/controls/C156-load/cold-375/0.png,/Users/albin/Code/jori/dist/layout-hunt/before/controls/C156-load/cold-375/settled.png,/Users/albin/Code/jori/dist/layout-hunt/before/controls/C156-load/cold-375/record.json,/Users/albin/Code/jori/dist/layout-hunt/CONTROLS_OCCURRENCES.json
SF11,CF-15,confirmed,C156-load,warm-375,1487,Initial screenshots show loader then final UI; native entries establish geometry movement but the PNG series does not bracket its visible start.,/Users/albin/Code/jori/dist/layout-hunt/before/controls/C156-load/warm-375/0.png,/Users/albin/Code/jori/dist/layout-hunt/before/controls/C156-load/warm-375/settled.png,/Users/albin/Code/jori/dist/layout-hunt/before/controls/C156-load/warm-375/record.json,/Users/albin/Code/jori/dist/layout-hunt/CONTROLS_OCCURRENCES.json
SF12,SF12,candidate,shell-protected-14-enter,cold-375,13004,SF12 folder +16px / SF13 instructions +16px; overlay pending,/Users/albin/Code/jori/dist/layout-hunt/before/shell/shell-protected-14-enter/cold-375/3000.png,/Users/albin/Code/jori/dist/layout-hunt/before/shell/shell-protected-14-enter/cold-375/settled.png,/Users/albin/Code/jori/dist/layout-hunt/before/shell/shell-protected-14-enter/cold-375/record.json,/Users/albin/Code/jori/dist/layout-hunt/SHELL_CAUSES.json
SF12,SF12,candidate,shell-protected-14-enter,warm-375,1501,SF12 folder +16px / SF13 instructions +16px; overlay pending,/Users/albin/Code/jori/dist/layout-hunt/before/shell/shell-protected-14-enter/warm-375/1000.png,/Users/albin/Code/jori/dist/layout-hunt/before/shell/shell-protected-14-enter/warm-375/3000.png,/Users/albin/Code/jori/dist/layout-hunt/before/shell/shell-protected-14-enter/warm-375/record.json,/Users/albin/Code/jori/dist/layout-hunt/SHELL_CAUSES.json
SF13,SF13,candidate,shell-protected-14-enter,cold-375,16083,SF12 folder +16px / SF13 instructions +16px; overlay pending,/Users/albin/Code/jori/dist/layout-hunt/before/shell/shell-protected-14-enter/cold-375/3000.png,/Users/albin/Code/jori/dist/layout-hunt/before/shell/shell-protected-14-enter/cold-375/settled.png,/Users/albin/Code/jori/dist/layout-hunt/before/shell/shell-protected-14-enter/cold-375/record.json,/Users/albin/Code/jori/dist/layout-hunt/SHELL_CAUSES.json
SF13,SF13,candidate,shell-protected-14-enter,warm-375,1501,SF12 folder +16px / SF13 instructions +16px; overlay pending,/Users/albin/Code/jori/dist/layout-hunt/before/shell/shell-protected-14-enter/warm-375/1000.png,/Users/albin/Code/jori/dist/layout-hunt/before/shell/shell-protected-14-enter/warm-375/3000.png,/Users/albin/Code/jori/dist/layout-hunt/before/shell/shell-protected-14-enter/warm-375/record.json,/Users/albin/Code/jori/dist/layout-hunt/SHELL_CAUSES.json
SF14,SF14,confirmed,shell-waitlist-email-clear,cold-1440,31,"SF14 unreserved FieldError insertion/removal changes field height27.5px and moves later fields/footer by27.5px. All4 native entries retained, zero scroll; visible before/0/250 pairs.",/Users/albin/Code/jori/dist/layout-hunt/before/shell-resume/shell-waitlist-email-clear/cold-1440/before.png,/Users/albin/Code/jori/dist/layout-hunt/before/shell-resume/shell-waitlist-email-clear/cold-1440/0.png,/Users/albin/Code/jori/dist/layout-hunt/before/shell-resume/shell-waitlist-email-clear/cold-1440/record.json,/Users/albin/Code/jori/dist/layout-hunt/SHELL_CAUSES.json
SF14,SF14,confirmed,shell-waitlist-email-clear,cold-375,27,"SF14 unreserved FieldError insertion/removal changes field height27.5px and moves later fields/footer by27.5px. All4 native entries retained, zero scroll; visible before/0/250 pairs.",/Users/albin/Code/jori/dist/layout-hunt/before/shell-resume/shell-waitlist-email-clear/cold-375/before.png,/Users/albin/Code/jori/dist/layout-hunt/before/shell-resume/shell-waitlist-email-clear/cold-375/0.png,/Users/albin/Code/jori/dist/layout-hunt/before/shell-resume/shell-waitlist-email-clear/cold-375/record.json,/Users/albin/Code/jori/dist/layout-hunt/SHELL_CAUSES.json
SF14,SF14,confirmed,shell-waitlist-email-clear,warm-1440,60,"SF14 unreserved FieldError insertion/removal changes field height27.5px and moves later fields/footer by27.5px. All4 native entries retained, zero scroll; visible before/0/250 pairs.",/Users/albin/Code/jori/dist/layout-hunt/before/shell-resume/shell-waitlist-email-clear/warm-1440/before.png,/Users/albin/Code/jori/dist/layout-hunt/before/shell-resume/shell-waitlist-email-clear/warm-1440/0.png,/Users/albin/Code/jori/dist/layout-hunt/before/shell-resume/shell-waitlist-email-clear/warm-1440/record.json,/Users/albin/Code/jori/dist/layout-hunt/SHELL_CAUSES.json
SF14,SF14,confirmed,shell-waitlist-email-clear,warm-375,17,"SF14 unreserved FieldError insertion/removal changes field height27.5px and moves later fields/footer by27.5px. All4 native entries retained, zero scroll; visible before/0/250 pairs.",/Users/albin/Code/jori/dist/layout-hunt/before/shell-resume/shell-waitlist-email-clear/warm-375/0.png,/Users/albin/Code/jori/dist/layout-hunt/before/shell-resume/shell-waitlist-email-clear/warm-375/250.png,/Users/albin/Code/jori/dist/layout-hunt/before/shell-resume/shell-waitlist-email-clear/warm-375/record.json,/Users/albin/Code/jori/dist/layout-hunt/SHELL_CAUSES.json
SF14,SF14,confirmed,shell-waitlist-email-error,cold-1440,88,"SF14 unreserved FieldError insertion/removal changes field height27.5px and moves later fields/footer by27.5px. All4 native entries retained, zero scroll; visible before/0/250 pairs.",/Users/albin/Code/jori/dist/layout-hunt/before/shell-resume/shell-waitlist-email-error/cold-1440/before.png,/Users/albin/Code/jori/dist/layout-hunt/before/shell-resume/shell-waitlist-email-error/cold-1440/0.png,/Users/albin/Code/jori/dist/layout-hunt/before/shell-resume/shell-waitlist-email-error/cold-1440/record.json,/Users/albin/Code/jori/dist/layout-hunt/SHELL_CAUSES.json
SF14,SF14,confirmed,shell-waitlist-email-error,cold-375,95,"SF14 unreserved FieldError insertion/removal changes field height27.5px and moves later fields/footer by27.5px. All4 native entries retained, zero scroll; visible before/0/250 pairs.",/Users/albin/Code/jori/dist/layout-hunt/before/shell-resume/shell-waitlist-email-error/cold-375/before.png,/Users/albin/Code/jori/dist/layout-hunt/before/shell-resume/shell-waitlist-email-error/cold-375/0.png,/Users/albin/Code/jori/dist/layout-hunt/before/shell-resume/shell-waitlist-email-error/cold-375/record.json,/Users/albin/Code/jori/dist/layout-hunt/SHELL_CAUSES.json
SF14,SF14,confirmed,shell-waitlist-email-error,warm-1440,47,"SF14 unreserved FieldError insertion/removal changes field height27.5px and moves later fields/footer by27.5px. All4 native entries retained, zero scroll; visible before/0/250 pairs.",/Users/albin/Code/jori/dist/layout-hunt/before/shell-resume/shell-waitlist-email-error/warm-1440/before.png,/Users/albin/Code/jori/dist/layout-hunt/before/shell-resume/shell-waitlist-email-error/warm-1440/0.png,/Users/albin/Code/jori/dist/layout-hunt/before/shell-resume/shell-waitlist-email-error/warm-1440/record.json,/Users/albin/Code/jori/dist/layout-hunt/SHELL_CAUSES.json
SF14,SF14,confirmed,shell-waitlist-email-error,warm-375,47,"SF14 unreserved FieldError insertion/removal changes field height27.5px and moves later fields/footer by27.5px. All4 native entries retained, zero scroll; visible before/0/250 pairs.",/Users/albin/Code/jori/dist/layout-hunt/before/shell-resume/shell-waitlist-email-error/warm-375/before.png,/Users/albin/Code/jori/dist/layout-hunt/before/shell-resume/shell-waitlist-email-error/warm-375/0.png,/Users/albin/Code/jori/dist/layout-hunt/before/shell-resume/shell-waitlist-email-error/warm-375/record.json,/Users/albin/Code/jori/dist/layout-hunt/SHELL_CAUSES.json
SF14,SF14,confirmed,shell-waitlist-failed,cold-1440,75,"Invalid test-build outcome: missing VITE_JORI_US_SITE_URL throws before mocked request, so only generic configuration-error path reached. Form-error FieldError adds31.5px and pushes visible desktop footer31.5px (mobile footer outside viewport). Rerun all4 after V2 config correction/CDP fixture.",/Users/albin/Code/jori/dist/layout-hunt/before/shell-resume/shell-waitlist-failed/cold-1440/before.png,/Users/albin/Code/jori/dist/layout-hunt/before/shell-resume/shell-waitlist-failed/cold-1440/0.png,/Users/albin/Code/jori/dist/layout-hunt/before/shell-resume/shell-waitlist-failed/cold-1440/record.json,/Users/albin/Code/jori/dist/layout-hunt/SHELL_CAUSES.json
SF14,SF14,confirmed,shell-waitlist-failed,cold-375,,"Invalid test-build outcome: missing VITE_JORI_US_SITE_URL throws before mocked request, so only generic configuration-error path reached. Form-error FieldError adds31.5px and pushes visible desktop footer31.5px (mobile footer outside viewport). Rerun all4 after V2 config correction/CDP fixture.",,,/Users/albin/Code/jori/dist/layout-hunt/before/shell-resume/shell-waitlist-failed/cold-375/record.json,/Users/albin/Code/jori/dist/layout-hunt/SHELL_CAUSES.json
SF14,SF14,confirmed,shell-waitlist-failed,warm-1440,38,"Invalid test-build outcome: missing VITE_JORI_US_SITE_URL throws before mocked request, so only generic configuration-error path reached. Form-error FieldError adds31.5px and pushes visible desktop footer31.5px (mobile footer outside viewport). Rerun all4 after V2 config correction/CDP fixture.",/Users/albin/Code/jori/dist/layout-hunt/before/shell-resume/shell-waitlist-failed/warm-1440/before.png,/Users/albin/Code/jori/dist/layout-hunt/before/shell-resume/shell-waitlist-failed/warm-1440/0.png,/Users/albin/Code/jori/dist/layout-hunt/before/shell-resume/shell-waitlist-failed/warm-1440/record.json,/Users/albin/Code/jori/dist/layout-hunt/SHELL_CAUSES.json
SF14,SF14,confirmed,shell-waitlist-failed,warm-375,,"Invalid test-build outcome: missing VITE_JORI_US_SITE_URL throws before mocked request, so only generic configuration-error path reached. Form-error FieldError adds31.5px and pushes visible desktop footer31.5px (mobile footer outside viewport). Rerun all4 after V2 config correction/CDP fixture.",,,/Users/albin/Code/jori/dist/layout-hunt/before/shell-resume/shell-waitlist-failed/warm-375/record.json,/Users/albin/Code/jori/dist/layout-hunt/SHELL_CAUSES.json
SF14,SF14,confirmed,shell-waitlist-joined,cold-1440,63,"Invalid test-build outcome: missing VITE_JORI_US_SITE_URL throws before mocked request, only generic configuration-error state reached. Form-error adds31.5px and desktop footer follows31.5px. All4 rerun after V2 public-config correction.",/Users/albin/Code/jori/dist/layout-hunt/before/shell-resume/shell-waitlist-joined/cold-1440/before.png,/Users/albin/Code/jori/dist/layout-hunt/before/shell-resume/shell-waitlist-joined/cold-1440/0.png,/Users/albin/Code/jori/dist/layout-hunt/before/shell-resume/shell-waitlist-joined/cold-1440/record.json,/Users/albin/Code/jori/dist/layout-hunt/SHELL_CAUSES.json
SF14,SF14,confirmed,shell-waitlist-joined,cold-375,,"Invalid test-build outcome: missing VITE_JORI_US_SITE_URL throws before mocked request, only generic configuration-error state reached. Form-error adds31.5px and desktop footer follows31.5px. All4 rerun after V2 public-config correction.",,,/Users/albin/Code/jori/dist/layout-hunt/before/shell-resume/shell-waitlist-joined/cold-375/record.json,/Users/albin/Code/jori/dist/layout-hunt/SHELL_CAUSES.json
SF14,SF14,confirmed,shell-waitlist-joined,warm-1440,30,"Invalid test-build outcome: missing VITE_JORI_US_SITE_URL throws before mocked request, only generic configuration-error state reached. Form-error adds31.5px and desktop footer follows31.5px. All4 rerun after V2 public-config correction.",/Users/albin/Code/jori/dist/layout-hunt/before/shell-resume/shell-waitlist-joined/warm-1440/before.png,/Users/albin/Code/jori/dist/layout-hunt/before/shell-resume/shell-waitlist-joined/warm-1440/0.png,/Users/albin/Code/jori/dist/layout-hunt/before/shell-resume/shell-waitlist-joined/warm-1440/record.json,/Users/albin/Code/jori/dist/layout-hunt/SHELL_CAUSES.json
SF14,SF14,confirmed,shell-waitlist-joined,warm-375,,"Invalid test-build outcome: missing VITE_JORI_US_SITE_URL throws before mocked request, only generic configuration-error state reached. Form-error adds31.5px and desktop footer follows31.5px. All4 rerun after V2 public-config correction.",,,/Users/albin/Code/jori/dist/layout-hunt/before/shell-resume/shell-waitlist-joined/warm-375/record.json,/Users/albin/Code/jori/dist/layout-hunt/SHELL_CAUSES.json
SF14,SF14,confirmed,shell-waitlist-pending,cold-1440,76,"Invalid test-build outcome: missing VITE_JORI_US_SITE_URL throws before mocked request, so only generic configuration-error path reached. Form-error FieldError adds31.5px and pushes visible desktop footer31.5px (mobile footer outside viewport). Rerun all4 after V2 config correction/CDP fixture.",/Users/albin/Code/jori/dist/layout-hunt/before/shell-resume/shell-waitlist-pending/cold-1440/before.png,/Users/albin/Code/jori/dist/layout-hunt/before/shell-resume/shell-waitlist-pending/cold-1440/0.png,/Users/albin/Code/jori/dist/layout-hunt/before/shell-resume/shell-waitlist-pending/cold-1440/record.json,/Users/albin/Code/jori/dist/layout-hunt/SHELL_CAUSES.json
SF14,SF14,confirmed,shell-waitlist-pending,cold-375,,"Invalid test-build outcome: missing VITE_JORI_US_SITE_URL throws before mocked request, so only generic configuration-error path reached. Form-error FieldError adds31.5px and pushes visible desktop footer31.5px (mobile footer outside viewport). Rerun all4 after V2 config correction/CDP fixture.",,,/Users/albin/Code/jori/dist/layout-hunt/before/shell-resume/shell-waitlist-pending/cold-375/record.json,/Users/albin/Code/jori/dist/layout-hunt/SHELL_CAUSES.json
SF14,SF14,confirmed,shell-waitlist-pending,warm-1440,43,"Invalid test-build outcome: missing VITE_JORI_US_SITE_URL throws before mocked request, so only generic configuration-error path reached. Form-error FieldError adds31.5px and pushes visible desktop footer31.5px (mobile footer outside viewport). Rerun all4 after V2 config correction/CDP fixture.",/Users/albin/Code/jori/dist/layout-hunt/before/shell-resume/shell-waitlist-pending/warm-1440/before.png,/Users/albin/Code/jori/dist/layout-hunt/before/shell-resume/shell-waitlist-pending/warm-1440/0.png,/Users/albin/Code/jori/dist/layout-hunt/before/shell-resume/shell-waitlist-pending/warm-1440/record.json,/Users/albin/Code/jori/dist/layout-hunt/SHELL_CAUSES.json
SF14,SF14,confirmed,shell-waitlist-pending,warm-375,,"Invalid test-build outcome: missing VITE_JORI_US_SITE_URL throws before mocked request, so only generic configuration-error path reached. Form-error FieldError adds31.5px and pushes visible desktop footer31.5px (mobile footer outside viewport). Rerun all4 after V2 config correction/CDP fixture.",,,/Users/albin/Code/jori/dist/layout-hunt/before/shell-resume/shell-waitlist-pending/warm-375/record.json,/Users/albin/Code/jori/dist/layout-hunt/SHELL_CAUSES.json
SF14,SF14,confirmed,shell-waitlist-rejected,cold-1440,66,"Invalid test-build outcome: missing VITE_JORI_US_SITE_URL throws before mocked request, only generic configuration-error state reached. Form-error adds31.5px and desktop footer follows31.5px. All4 rerun after V2 public-config correction.",/Users/albin/Code/jori/dist/layout-hunt/before/shell-resume/shell-waitlist-rejected/cold-1440/before.png,/Users/albin/Code/jori/dist/layout-hunt/before/shell-resume/shell-waitlist-rejected/cold-1440/0.png,/Users/albin/Code/jori/dist/layout-hunt/before/shell-resume/shell-waitlist-rejected/cold-1440/record.json,/Users/albin/Code/jori/dist/layout-hunt/SHELL_CAUSES.json
SF14,SF14,confirmed,shell-waitlist-rejected,cold-375,,"Invalid test-build outcome: missing VITE_JORI_US_SITE_URL throws before mocked request, only generic configuration-error state reached. Form-error adds31.5px and desktop footer follows31.5px. All4 rerun after V2 public-config correction.",,,/Users/albin/Code/jori/dist/layout-hunt/before/shell-resume/shell-waitlist-rejected/cold-375/record.json,/Users/albin/Code/jori/dist/layout-hunt/SHELL_CAUSES.json
SF14,SF14,confirmed,shell-waitlist-rejected,warm-1440,34,"Invalid test-build outcome: missing VITE_JORI_US_SITE_URL throws before mocked request, only generic configuration-error state reached. Form-error adds31.5px and desktop footer follows31.5px. All4 rerun after V2 public-config correction.",/Users/albin/Code/jori/dist/layout-hunt/before/shell-resume/shell-waitlist-rejected/warm-1440/before.png,/Users/albin/Code/jori/dist/layout-hunt/before/shell-resume/shell-waitlist-rejected/warm-1440/0.png,/Users/albin/Code/jori/dist/layout-hunt/before/shell-resume/shell-waitlist-rejected/warm-1440/record.json,/Users/albin/Code/jori/dist/layout-hunt/SHELL_CAUSES.json
SF14,SF14,confirmed,shell-waitlist-rejected,warm-375,,"Invalid test-build outcome: missing VITE_JORI_US_SITE_URL throws before mocked request, only generic configuration-error state reached. Form-error adds31.5px and desktop footer follows31.5px. All4 rerun after V2 public-config correction.",,,/Users/albin/Code/jori/dist/layout-hunt/before/shell-resume/shell-waitlist-rejected/warm-375/record.json,/Users/albin/Code/jori/dist/layout-hunt/SHELL_CAUSES.json
SF14,SF14,confirmed,shell-waitlist-throttled,cold-1440,49,"Invalid test-build outcome: missing VITE_JORI_US_SITE_URL throws before mocked request, so only generic configuration-error path reached. Form-error FieldError adds31.5px and pushes visible desktop footer31.5px (mobile footer outside viewport). Rerun all4 after V2 config correction/CDP fixture.",/Users/albin/Code/jori/dist/layout-hunt/before/shell-resume/shell-waitlist-throttled/cold-1440/before.png,/Users/albin/Code/jori/dist/layout-hunt/before/shell-resume/shell-waitlist-throttled/cold-1440/0.png,/Users/albin/Code/jori/dist/layout-hunt/before/shell-resume/shell-waitlist-throttled/cold-1440/record.json,/Users/albin/Code/jori/dist/layout-hunt/SHELL_CAUSES.json
SF14,SF14,confirmed,shell-waitlist-throttled,cold-375,,"Invalid test-build outcome: missing VITE_JORI_US_SITE_URL throws before mocked request, so only generic configuration-error path reached. Form-error FieldError adds31.5px and pushes visible desktop footer31.5px (mobile footer outside viewport). Rerun all4 after V2 config correction/CDP fixture.",,,/Users/albin/Code/jori/dist/layout-hunt/before/shell-resume/shell-waitlist-throttled/cold-375/record.json,/Users/albin/Code/jori/dist/layout-hunt/SHELL_CAUSES.json
SF14,SF14,confirmed,shell-waitlist-throttled,warm-1440,37,"Invalid test-build outcome: missing VITE_JORI_US_SITE_URL throws before mocked request, so only generic configuration-error path reached. Form-error FieldError adds31.5px and pushes visible desktop footer31.5px (mobile footer outside viewport). Rerun all4 after V2 config correction/CDP fixture.",/Users/albin/Code/jori/dist/layout-hunt/before/shell-resume/shell-waitlist-throttled/warm-1440/before.png,/Users/albin/Code/jori/dist/layout-hunt/before/shell-resume/shell-waitlist-throttled/warm-1440/0.png,/Users/albin/Code/jori/dist/layout-hunt/before/shell-resume/shell-waitlist-throttled/warm-1440/record.json,/Users/albin/Code/jori/dist/layout-hunt/SHELL_CAUSES.json
SF14,SF14,confirmed,shell-waitlist-throttled,warm-375,,"Invalid test-build outcome: missing VITE_JORI_US_SITE_URL throws before mocked request, so only generic configuration-error path reached. Form-error FieldError adds31.5px and pushes visible desktop footer31.5px (mobile footer outside viewport). Rerun all4 after V2 config correction/CDP fixture.",,,/Users/albin/Code/jori/dist/layout-hunt/before/shell-resume/shell-waitlist-throttled/warm-375/record.json,/Users/albin/Code/jori/dist/layout-hunt/SHELL_CAUSES.json
SF14,SF14,confirmed,shell-waitlist-work-clear,cold-1440,16,"SF14 unreserved work FieldError mounts/unmounts27.5px; region/submit/footer move ±27.5px, all4 native entries preserved. No scroll. Visible before→0/250 pairs.",/Users/albin/Code/jori/dist/layout-hunt/before/shell-resume/shell-waitlist-work-clear/cold-1440/before.png,/Users/albin/Code/jori/dist/layout-hunt/before/shell-resume/shell-waitlist-work-clear/cold-1440/0.png,/Users/albin/Code/jori/dist/layout-hunt/before/shell-resume/shell-waitlist-work-clear/cold-1440/record.json,/Users/albin/Code/jori/dist/layout-hunt/SHELL_CAUSES.json
SF14,SF14,confirmed,shell-waitlist-work-clear,cold-375,35,"SF14 unreserved work FieldError mounts/unmounts27.5px; region/submit/footer move ±27.5px, all4 native entries preserved. No scroll. Visible before→0/250 pairs.",/Users/albin/Code/jori/dist/layout-hunt/before/shell-resume/shell-waitlist-work-clear/cold-375/before.png,/Users/albin/Code/jori/dist/layout-hunt/before/shell-resume/shell-waitlist-work-clear/cold-375/0.png,/Users/albin/Code/jori/dist/layout-hunt/before/shell-resume/shell-waitlist-work-clear/cold-375/record.json,/Users/albin/Code/jori/dist/layout-hunt/SHELL_CAUSES.json
SF14,SF14,confirmed,shell-waitlist-work-clear,warm-1440,22,"SF14 unreserved work FieldError mounts/unmounts27.5px; region/submit/footer move ±27.5px, all4 native entries preserved. No scroll. Visible before→0/250 pairs.",/Users/albin/Code/jori/dist/layout-hunt/before/shell-resume/shell-waitlist-work-clear/warm-1440/0.png,/Users/albin/Code/jori/dist/layout-hunt/before/shell-resume/shell-waitlist-work-clear/warm-1440/250.png,/Users/albin/Code/jori/dist/layout-hunt/before/shell-resume/shell-waitlist-work-clear/warm-1440/record.json,/Users/albin/Code/jori/dist/layout-hunt/SHELL_CAUSES.json
SF14,SF14,confirmed,shell-waitlist-work-clear,warm-375,17,"SF14 unreserved work FieldError mounts/unmounts27.5px; region/submit/footer move ±27.5px, all4 native entries preserved. No scroll. Visible before→0/250 pairs.",/Users/albin/Code/jori/dist/layout-hunt/before/shell-resume/shell-waitlist-work-clear/warm-375/0.png,/Users/albin/Code/jori/dist/layout-hunt/before/shell-resume/shell-waitlist-work-clear/warm-375/250.png,/Users/albin/Code/jori/dist/layout-hunt/before/shell-resume/shell-waitlist-work-clear/warm-375/record.json,/Users/albin/Code/jori/dist/layout-hunt/SHELL_CAUSES.json
SF14,SF14,confirmed,shell-waitlist-work-error,cold-1440,74,"SF14 unreserved work FieldError mounts/unmounts27.5px; region/submit/footer move ±27.5px, all4 native entries preserved. No scroll. Visible before→0/250 pairs.",/Users/albin/Code/jori/dist/layout-hunt/before/shell-resume/shell-waitlist-work-error/cold-1440/before.png,/Users/albin/Code/jori/dist/layout-hunt/before/shell-resume/shell-waitlist-work-error/cold-1440/0.png,/Users/albin/Code/jori/dist/layout-hunt/before/shell-resume/shell-waitlist-work-error/cold-1440/record.json,/Users/albin/Code/jori/dist/layout-hunt/SHELL_CAUSES.json
SF14,SF14,confirmed,shell-waitlist-work-error,cold-375,67,"SF14 unreserved work FieldError mounts/unmounts27.5px; region/submit/footer move ±27.5px, all4 native entries preserved. No scroll. Visible before→0/250 pairs.",/Users/albin/Code/jori/dist/layout-hunt/before/shell-resume/shell-waitlist-work-error/cold-375/before.png,/Users/albin/Code/jori/dist/layout-hunt/before/shell-resume/shell-waitlist-work-error/cold-375/0.png,/Users/albin/Code/jori/dist/layout-hunt/before/shell-resume/shell-waitlist-work-error/cold-375/record.json,/Users/albin/Code/jori/dist/layout-hunt/SHELL_CAUSES.json
SF14,SF14,confirmed,shell-waitlist-work-error,warm-1440,48,"SF14 unreserved work FieldError mounts/unmounts27.5px; region/submit/footer move ±27.5px, all4 native entries preserved. No scroll. Visible before→0/250 pairs.",/Users/albin/Code/jori/dist/layout-hunt/before/shell-resume/shell-waitlist-work-error/warm-1440/before.png,/Users/albin/Code/jori/dist/layout-hunt/before/shell-resume/shell-waitlist-work-error/warm-1440/0.png,/Users/albin/Code/jori/dist/layout-hunt/before/shell-resume/shell-waitlist-work-error/warm-1440/record.json,/Users/albin/Code/jori/dist/layout-hunt/SHELL_CAUSES.json
SF14,SF14,confirmed,shell-waitlist-work-error,warm-375,47,"SF14 unreserved work FieldError mounts/unmounts27.5px; region/submit/footer move ±27.5px, all4 native entries preserved. No scroll. Visible before→0/250 pairs.",/Users/albin/Code/jori/dist/layout-hunt/before/shell-resume/shell-waitlist-work-error/warm-375/before.png,/Users/albin/Code/jori/dist/layout-hunt/before/shell-resume/shell-waitlist-work-error/warm-375/0.png,/Users/albin/Code/jori/dist/layout-hunt/before/shell-resume/shell-waitlist-work-error/warm-375/record.json,/Users/albin/Code/jori/dist/layout-hunt/SHELL_CAUSES.json
SF15,SF15,candidate,shell-legal-waitlist,warm-1440,,"Warm SPA legal→home anchor reaches intended state; warm1440 briefly shows hero before scrolling to waitlist (candidate SF15). Cold final PNGs still Terms: capture ends before lazy home resolves, unmeasured destination. Repeat queued.",/Users/albin/Code/jori/dist/layout-hunt/before/shell-resume/shell-legal-waitlist/warm-1440/250.png,/Users/albin/Code/jori/dist/layout-hunt/before/shell-resume/shell-legal-waitlist/warm-1440/1000.png,/Users/albin/Code/jori/dist/layout-hunt/before/shell-resume/shell-legal-waitlist/warm-1440/record.json,/Users/albin/Code/jori/dist/layout-hunt/SHELL_CAUSES.json
SF16,SF16,confirmed,shell-auth-google-pending,cold-1440,,,before.png,0.png,/Users/albin/Code/jori/dist/layout-hunt/before/shell-resume/shell-auth-google-pending/cold-1440/record.json,/Users/albin/Code/jori/dist/layout-hunt/SHELL_CAUSES.json
SF16,SF16,confirmed,shell-auth-google-pending,warm-1440,,,before.png,250.png,/Users/albin/Code/jori/dist/layout-hunt/before/shell-resume/shell-auth-google-pending/warm-1440/record.json,/Users/albin/Code/jori/dist/layout-hunt/SHELL_CAUSES.json
SF16,SF16,confirmed,shell-auth-google-pending,cold-375,,,before.png,0.png,/Users/albin/Code/jori/dist/layout-hunt/before/shell-resume/shell-auth-google-pending/cold-375/record.json,/Users/albin/Code/jori/dist/layout-hunt/SHELL_CAUSES.json
SF16,SF16,confirmed,shell-auth-google-pending,warm-375,,,before.png,250.png,/Users/albin/Code/jori/dist/layout-hunt/before/shell-resume/shell-auth-google-pending/warm-375/record.json,/Users/albin/Code/jori/dist/layout-hunt/SHELL_CAUSES.json
SF16,SF16,confirmed,shell-auth-google-error,cold-1440,,,before.png,0.png,/Users/albin/Code/jori/dist/layout-hunt/before/shell-resume/shell-auth-google-error/cold-1440/record.json,/Users/albin/Code/jori/dist/layout-hunt/SHELL_CAUSES.json
SF16,SF16,confirmed,shell-auth-google-error,warm-1440,,,before.png,0.png,/Users/albin/Code/jori/dist/layout-hunt/before/shell-resume/shell-auth-google-error/warm-1440/record.json,/Users/albin/Code/jori/dist/layout-hunt/SHELL_CAUSES.json
SF16,SF16,confirmed,shell-auth-google-error,cold-375,,,before.png,0.png,/Users/albin/Code/jori/dist/layout-hunt/before/shell-resume/shell-auth-google-error/cold-375/record.json,/Users/albin/Code/jori/dist/layout-hunt/SHELL_CAUSES.json
SF16,SF16,confirmed,shell-auth-google-error,warm-375,,,before.png,250.png,/Users/albin/Code/jori/dist/layout-hunt/before/shell-resume/shell-auth-google-error/warm-375/record.json,/Users/albin/Code/jori/dist/layout-hunt/SHELL_CAUSES.json
SF16,SF16,confirmed,shell-auth-microsoft-pending,cold-1440,,,before.png,0.png,/Users/albin/Code/jori/dist/layout-hunt/before/shell-resume/shell-auth-microsoft-pending/cold-1440/record.json,/Users/albin/Code/jori/dist/layout-hunt/SHELL_CAUSES.json
SF16,SF16,confirmed,shell-auth-microsoft-pending,warm-1440,,,before.png,0.png,/Users/albin/Code/jori/dist/layout-hunt/before/shell-resume/shell-auth-microsoft-pending/warm-1440/record.json,/Users/albin/Code/jori/dist/layout-hunt/SHELL_CAUSES.json
SF16,SF16,confirmed,shell-auth-microsoft-pending,cold-375,,,before.png,0.png,/Users/albin/Code/jori/dist/layout-hunt/before/shell-resume/shell-auth-microsoft-pending/cold-375/record.json,/Users/albin/Code/jori/dist/layout-hunt/SHELL_CAUSES.json
SF16,SF16,confirmed,shell-auth-microsoft-pending,warm-375,,,before.png,250.png,/Users/albin/Code/jori/dist/layout-hunt/before/shell-resume/shell-auth-microsoft-pending/warm-375/record.json,/Users/albin/Code/jori/dist/layout-hunt/SHELL_CAUSES.json
SF16,SF16,confirmed,shell-auth-microsoft-error,cold-1440,,,before.png,0.png,/Users/albin/Code/jori/dist/layout-hunt/before/shell-resume/shell-auth-microsoft-error/cold-1440/record.json,/Users/albin/Code/jori/dist/layout-hunt/SHELL_CAUSES.json
SF16,SF16,confirmed,shell-auth-microsoft-error,warm-1440,,,before.png,0.png,/Users/albin/Code/jori/dist/layout-hunt/before/shell-resume/shell-auth-microsoft-error/warm-1440/record.json,/Users/albin/Code/jori/dist/layout-hunt/SHELL_CAUSES.json
SF16,SF16,confirmed,shell-auth-microsoft-error,cold-375,,,before.png,0.png,/Users/albin/Code/jori/dist/layout-hunt/before/shell-resume/shell-auth-microsoft-error/cold-375/record.json,/Users/albin/Code/jori/dist/layout-hunt/SHELL_CAUSES.json
SF16,SF16,confirmed,shell-auth-microsoft-error,warm-375,,,before.png,250.png,/Users/albin/Code/jori/dist/layout-hunt/before/shell-resume/shell-auth-microsoft-error/warm-375/record.json,/Users/albin/Code/jori/dist/layout-hunt/SHELL_CAUSES.json
SF17,SF17,candidate,shell-async-editor,warm-1440,,Incomplete in-view lazy editor recipe. Warm desktop placeholder616 to609.5px; mobile enclosing section minus2.5px but editor below viewport. Cold desktop remains placeholder. V2 scroll and readiness repeat. SF6 hydration error during cold mobile setup.,,,/Users/albin/Code/jori/dist/layout-hunt/before/shell-resume/shell-async-editor/warm-1440/record.json,/Users/albin/Code/jori/dist/layout-hunt/SHELL_CAUSES.json
SF17,SF17,candidate,shell-async-editor,warm-375,,Incomplete in-view lazy editor recipe. Warm desktop placeholder616 to609.5px; mobile enclosing section minus2.5px but editor below viewport. Cold desktop remains placeholder. V2 scroll and readiness repeat. SF6 hydration error during cold mobile setup.,,,/Users/albin/Code/jori/dist/layout-hunt/before/shell-resume/shell-async-editor/warm-375/record.json,/Users/albin/Code/jori/dist/layout-hunt/SHELL_CAUSES.json
SF18,SF18,candidate,shell-root-missing-home,warm-1440,,SF2; reserved header/avatar and below-viewport sharing height -2px,,,/Users/albin/Code/jori/dist/layout-hunt/before/shell/shell-root-missing-home/warm-1440/record.json,/Users/albin/Code/jori/dist/layout-hunt/SHELL_CAUSES.json
SF18,SF18,candidate,shell-root-missing-home,warm-375,,Reserved header and below-viewport sharing height -2px,,,/Users/albin/Code/jori/dist/layout-hunt/before/shell/shell-root-missing-home/warm-375/record.json,/Users/albin/Code/jori/dist/layout-hunt/SHELL_CAUSES.json
SF18,SF18,candidate,shell-route-home-enter,warm-1440,,"SF2 initial sidebar, reserved header/avatar, below-viewport document height",,,/Users/albin/Code/jori/dist/layout-hunt/before/shell/shell-route-home-enter/warm-1440/record.json,/Users/albin/Code/jori/dist/layout-hunt/SHELL_CAUSES.json
SF18,SF18,candidate,shell-route-home-enter,warm-375,,"Reserved header, below-viewport document height",,,/Users/albin/Code/jori/dist/layout-hunt/before/shell/shell-route-home-enter/warm-375/record.json,/Users/albin/Code/jori/dist/layout-hunt/SHELL_CAUSES.json
SF18,SF18,candidate,shell-route-pricing-back,cold-1440,,SF1 font and SF2 sidebar buffered during back navigation; post-action reserved header/avatar and below-view height.,,,/Users/albin/Code/jori/dist/layout-hunt/before/shell/shell-route-pricing-back/cold-1440/record.json,/Users/albin/Code/jori/dist/layout-hunt/SHELL_CAUSES.json
SF18,SF18,candidate,shell-route-pricing-back,cold-375,,"SF1 font buffered during back navigation; reserved header, below-view height. React418 hydration mismatch replaces86 nodes at identical visible geometry; cause unconfirmed.",,,/Users/albin/Code/jori/dist/layout-hunt/before/shell/shell-route-pricing-back/cold-375/record.json,/Users/albin/Code/jori/dist/layout-hunt/SHELL_CAUSES.json
SF18,SF18,candidate,shell-route-pricing-back,warm-1440,,SF2 initial sidebar; reserved header/avatar and below-view document height.,,,/Users/albin/Code/jori/dist/layout-hunt/before/shell/shell-route-pricing-back/warm-1440/record.json,/Users/albin/Code/jori/dist/layout-hunt/SHELL_CAUSES.json
SF18,SF18,candidate,shell-route-pricing-back,warm-375,,Reserved header and below-view document height.,,,/Users/albin/Code/jori/dist/layout-hunt/before/shell/shell-route-pricing-back/warm-375/record.json,/Users/albin/Code/jori/dist/layout-hunt/SHELL_CAUSES.json
SF18,SF18,candidate,shell-route-privacy-back,cold-1440,,SF1 font and SF2 sidebar buffered during back navigation; post-action reserved header/avatar and below-view height.,,,/Users/albin/Code/jori/dist/layout-hunt/before/shell/shell-route-privacy-back/cold-1440/record.json,/Users/albin/Code/jori/dist/layout-hunt/SHELL_CAUSES.json
SF18,SF18,candidate,shell-route-privacy-back,cold-375,,SF1 font buffered during back navigation; reserved header and below-view document height.,,,/Users/albin/Code/jori/dist/layout-hunt/before/shell/shell-route-privacy-back/cold-375/record.json,/Users/albin/Code/jori/dist/layout-hunt/SHELL_CAUSES.json
SF18,SF18,candidate,shell-route-privacy-back,warm-1440,,SF2 initial sidebar; reserved header/avatar and below-view document height.,,,/Users/albin/Code/jori/dist/layout-hunt/before/shell/shell-route-privacy-back/warm-1440/record.json,/Users/albin/Code/jori/dist/layout-hunt/SHELL_CAUSES.json
SF18,SF18,candidate,shell-route-privacy-back,warm-375,,Reserved header and below-view document height.,,,/Users/albin/Code/jori/dist/layout-hunt/before/shell/shell-route-privacy-back/warm-375/record.json,/Users/albin/Code/jori/dist/layout-hunt/SHELL_CAUSES.json
SF18,SF18,candidate,shell-route-sign-in-back,cold-1440,,SF1 font and SF2 sidebar buffered during back navigation; post-action reserved header/avatar and below-view height.,,,/Users/albin/Code/jori/dist/layout-hunt/before/shell/shell-route-sign-in-back/cold-1440/record.json,/Users/albin/Code/jori/dist/layout-hunt/SHELL_CAUSES.json
SF18,SF18,candidate,shell-route-sign-in-back,cold-375,,SF1 font buffered during back navigation; reserved header and below-view document height.,,,/Users/albin/Code/jori/dist/layout-hunt/before/shell/shell-route-sign-in-back/cold-375/record.json,/Users/albin/Code/jori/dist/layout-hunt/SHELL_CAUSES.json
SF18,SF18,candidate,shell-route-sign-in-back,warm-1440,,SF2 initial sidebar; reserved header/avatar and below-view document height.,,,/Users/albin/Code/jori/dist/layout-hunt/before/shell/shell-route-sign-in-back/warm-1440/record.json,/Users/albin/Code/jori/dist/layout-hunt/SHELL_CAUSES.json
SF18,SF18,candidate,shell-route-sign-in-back,warm-375,,Reserved header and below-view document height.,,,/Users/albin/Code/jori/dist/layout-hunt/before/shell/shell-route-sign-in-back/warm-375/record.json,/Users/albin/Code/jori/dist/layout-hunt/SHELL_CAUSES.json
SF18,SF18,candidate,shell-route-terms-back,cold-1440,,SF1 font and SF2 sidebar buffered during back navigation; post-action reserved header/avatar and below-view height.,,,/Users/albin/Code/jori/dist/layout-hunt/before/shell/shell-route-terms-back/cold-1440/record.json,/Users/albin/Code/jori/dist/layout-hunt/SHELL_CAUSES.json
SF18,SF18,candidate,shell-route-terms-back,cold-375,,SF1 font buffered during back navigation; reserved header and below-view document height.,,,/Users/albin/Code/jori/dist/layout-hunt/before/shell/shell-route-terms-back/cold-375/record.json,/Users/albin/Code/jori/dist/layout-hunt/SHELL_CAUSES.json
SF18,SF18,candidate,shell-route-terms-back,warm-1440,,SF2 initial sidebar; reserved header/avatar and below-view document height.,,,/Users/albin/Code/jori/dist/layout-hunt/before/shell/shell-route-terms-back/warm-1440/record.json,/Users/albin/Code/jori/dist/layout-hunt/SHELL_CAUSES.json
SF18,SF18,candidate,shell-route-terms-back,warm-375,,Reserved header and below-view document height.,,,/Users/albin/Code/jori/dist/layout-hunt/before/shell/shell-route-terms-back/warm-375/record.json,/Users/albin/Code/jori/dist/layout-hunt/SHELL_CAUSES.json
SF18,SF18,candidate,shell-route-trust-back,cold-1440,,SF1 font and SF2 sidebar buffered during back navigation; post-action reserved header/avatar and below-view height.,,,/Users/albin/Code/jori/dist/layout-hunt/before/shell/shell-route-trust-back/cold-1440/record.json,/Users/albin/Code/jori/dist/layout-hunt/SHELL_CAUSES.json
SF18,SF18,candidate,shell-route-trust-back,cold-375,,SF1 font buffered during back navigation; reserved header and below-view document height.,,,/Users/albin/Code/jori/dist/layout-hunt/before/shell/shell-route-trust-back/cold-375/record.json,/Users/albin/Code/jori/dist/layout-hunt/SHELL_CAUSES.json
SF18,SF18,candidate,shell-route-trust-back,warm-1440,,SF2 initial sidebar; reserved header/avatar and below-view document height.,,,/Users/albin/Code/jori/dist/layout-hunt/before/shell/shell-route-trust-back/warm-1440/record.json,/Users/albin/Code/jori/dist/layout-hunt/SHELL_CAUSES.json
SF18,SF18,candidate,shell-route-trust-back,warm-375,,Reserved header and below-view document height.,,,/Users/albin/Code/jori/dist/layout-hunt/before/shell/shell-route-trust-back/warm-375/record.json,/Users/albin/Code/jori/dist/layout-hunt/SHELL_CAUSES.json
SF18,SF18,candidate,shell-async-font,warm-1440,,"SF1 cold font reflow and SF2 desktop initial sidebar growth reproduce; reserved header publication, below-fold document extent changes retained as sharing candidate.",,,/Users/albin/Code/jori/dist/layout-hunt/before/shell-resume/shell-async-font/warm-1440/record.json,/Users/albin/Code/jori/dist/layout-hunt/SHELL_CAUSES.json
SF18,SF18,candidate,shell-async-font,warm-375,,"SF1 cold font reflow and SF2 desktop initial sidebar growth reproduce; reserved header publication, below-fold document extent changes retained as sharing candidate.",,,/Users/albin/Code/jori/dist/layout-hunt/before/shell-resume/shell-async-font/warm-375/record.json,/Users/albin/Code/jori/dist/layout-hunt/SHELL_CAUSES.json
SF18,SF18,candidate,shell-async-hero-thread,warm-1440,,"SF1 cold font reflow, SF2 desktop initial sidebar growth. SF6 cold mobile hydration error and86 existing-node replacements. Hero animation source authored; thread is below viewport in this recipe so corrected V2 in-view drive remains queued.",,,/Users/albin/Code/jori/dist/layout-hunt/before/shell-resume/shell-async-hero-thread/warm-1440/record.json,/Users/albin/Code/jori/dist/layout-hunt/SHELL_CAUSES.json
SF18,SF18,candidate,shell-async-hero-thread,warm-375,,"SF1 cold font reflow, SF2 desktop initial sidebar growth. SF6 cold mobile hydration error and86 existing-node replacements. Hero animation source authored; thread is below viewport in this recipe so corrected V2 in-view drive remains queued.",,,/Users/albin/Code/jori/dist/layout-hunt/before/shell-resume/shell-async-hero-thread/warm-375/record.json,/Users/albin/Code/jori/dist/layout-hunt/SHELL_CAUSES.json
SF18,SF18,candidate,shell-waitlist-joined-reset,cold-1440,,"Invalid starting state: reload resets generic configuration failure, not Joined, due missing public waitlist URL. All PNGs reviewed; cold reload buffers SF1/font and SF2/sidebar before timed PNGs; requested new-document replacements, warm2px hash-scroll adjustment retained. All4 repeat after corrected config.",,,/Users/albin/Code/jori/dist/layout-hunt/before/shell-resume/shell-waitlist-joined-reset/cold-1440/record.json,/Users/albin/Code/jori/dist/layout-hunt/SHELL_CAUSES.json
SF18,SF18,candidate,shell-waitlist-joined-reset,cold-375,,"Invalid starting state: reload resets generic configuration failure, not Joined, due missing public waitlist URL. All PNGs reviewed; cold reload buffers SF1/font and SF2/sidebar before timed PNGs; requested new-document replacements, warm2px hash-scroll adjustment retained. All4 repeat after corrected config.",,,/Users/albin/Code/jori/dist/layout-hunt/before/shell-resume/shell-waitlist-joined-reset/cold-375/record.json,/Users/albin/Code/jori/dist/layout-hunt/SHELL_CAUSES.json
SF18,SF18,candidate,shell-waitlist-joined-reset,warm-1440,,"Invalid starting state: reload resets generic configuration failure, not Joined, due missing public waitlist URL. All PNGs reviewed; cold reload buffers SF1/font and SF2/sidebar before timed PNGs; requested new-document replacements, warm2px hash-scroll adjustment retained. All4 repeat after corrected config.",,,/Users/albin/Code/jori/dist/layout-hunt/before/shell-resume/shell-waitlist-joined-reset/warm-1440/record.json,/Users/albin/Code/jori/dist/layout-hunt/SHELL_CAUSES.json
SF18,SF18,candidate,shell-waitlist-joined-reset,warm-375,,"Invalid starting state: reload resets generic configuration failure, not Joined, due missing public waitlist URL. All PNGs reviewed; cold reload buffers SF1/font and SF2/sidebar before timed PNGs; requested new-document replacements, warm2px hash-scroll adjustment retained. All4 repeat after corrected config.",,,/Users/albin/Code/jori/dist/layout-hunt/before/shell-resume/shell-waitlist-joined-reset/warm-375/record.json,/Users/albin/Code/jori/dist/layout-hunt/SHELL_CAUSES.json
Q1,Q1,question,shell-header-focus-in,cold-1440,113,"Q1 explicitly authored hover/focus title padding: nav124.16→136.16px (reverse on exit), text ±6px. Existing body fixed; zero scroll. All seven changed nodes belong to material breadcrumb.",/Users/albin/Code/jori/dist/layout-hunt/before/shell-resume/shell-header-focus-in/cold-1440/0.png,/Users/albin/Code/jori/dist/layout-hunt/before/shell-resume/shell-header-focus-in/cold-1440/250.png,/Users/albin/Code/jori/dist/layout-hunt/before/shell-resume/shell-header-focus-in/cold-1440/record.json,/Users/albin/Code/jori/dist/layout-hunt/SHELL_CAUSES.json
Q1,Q1,question,shell-header-focus-in,cold-375,,"Q1 explicitly authored hover/focus title padding: nav124.16→136.16px (reverse on exit), text ±6px. Existing body fixed; zero scroll. All seven changed nodes belong to material breadcrumb.",,,/Users/albin/Code/jori/dist/layout-hunt/before/shell-resume/shell-header-focus-in/cold-375/record.json,/Users/albin/Code/jori/dist/layout-hunt/SHELL_CAUSES.json
Q1,Q1,question,shell-header-focus-in,warm-1440,,"Q1 explicitly authored hover/focus title padding: nav124.16→136.16px (reverse on exit), text ±6px. Existing body fixed; zero scroll. All seven changed nodes belong to material breadcrumb.",,,/Users/albin/Code/jori/dist/layout-hunt/before/shell-resume/shell-header-focus-in/warm-1440/record.json,/Users/albin/Code/jori/dist/layout-hunt/SHELL_CAUSES.json
Q1,Q1,question,shell-header-focus-in,warm-375,,"Q1 explicitly authored hover/focus title padding: nav124.16→136.16px (reverse on exit), text ±6px. Existing body fixed; zero scroll. All seven changed nodes belong to material breadcrumb.",,,/Users/albin/Code/jori/dist/layout-hunt/before/shell-resume/shell-header-focus-in/warm-375/record.json,/Users/albin/Code/jori/dist/layout-hunt/SHELL_CAUSES.json
Q1,Q1,question,shell-header-focus-out,cold-1440,,"Q1 explicitly authored hover/focus title padding: nav124.16→136.16px (reverse on exit), text ±6px. Existing body fixed; zero scroll. All seven changed nodes belong to material breadcrumb.",,,/Users/albin/Code/jori/dist/layout-hunt/before/shell-resume/shell-header-focus-out/cold-1440/record.json,/Users/albin/Code/jori/dist/layout-hunt/SHELL_CAUSES.json
Q1,Q1,question,shell-header-focus-out,cold-375,,"Q1 explicitly authored hover/focus title padding: nav124.16→136.16px (reverse on exit), text ±6px. Existing body fixed; zero scroll. All seven changed nodes belong to material breadcrumb.",,,/Users/albin/Code/jori/dist/layout-hunt/before/shell-resume/shell-header-focus-out/cold-375/record.json,/Users/albin/Code/jori/dist/layout-hunt/SHELL_CAUSES.json
Q1,Q1,question,shell-header-focus-out,warm-1440,,"Q1 explicitly authored hover/focus title padding: nav124.16→136.16px (reverse on exit), text ±6px. Existing body fixed; zero scroll. All seven changed nodes belong to material breadcrumb.",,,/Users/albin/Code/jori/dist/layout-hunt/before/shell-resume/shell-header-focus-out/warm-1440/record.json,/Users/albin/Code/jori/dist/layout-hunt/SHELL_CAUSES.json
Q1,Q1,question,shell-header-focus-out,warm-375,,"Q1 explicitly authored hover/focus title padding: nav124.16→136.16px (reverse on exit), text ±6px. Existing body fixed; zero scroll. All seven changed nodes belong to material breadcrumb.",,,/Users/albin/Code/jori/dist/layout-hunt/before/shell-resume/shell-header-focus-out/warm-375/record.json,/Users/albin/Code/jori/dist/layout-hunt/SHELL_CAUSES.json
Q1,Q1,question,shell-header-hover-in,cold-1440,198,"Q1 explicitly authored hover/focus title padding: nav124.16→136.16px (reverse on exit), text ±6px. Existing body fixed; zero scroll. All seven changed nodes belong to material breadcrumb.",/Users/albin/Code/jori/dist/layout-hunt/before/shell-resume/shell-header-hover-in/cold-1440/0.png,/Users/albin/Code/jori/dist/layout-hunt/before/shell-resume/shell-header-hover-in/cold-1440/250.png,/Users/albin/Code/jori/dist/layout-hunt/before/shell-resume/shell-header-hover-in/cold-1440/record.json,/Users/albin/Code/jori/dist/layout-hunt/SHELL_CAUSES.json
Q1,Q1,question,shell-header-hover-in,cold-375,251,"Q1 explicitly authored hover/focus title padding: nav124.16→136.16px (reverse on exit), text ±6px. Existing body fixed; zero scroll. All seven changed nodes belong to material breadcrumb.",/Users/albin/Code/jori/dist/layout-hunt/before/shell-resume/shell-header-hover-in/cold-375/0.png,/Users/albin/Code/jori/dist/layout-hunt/before/shell-resume/shell-header-hover-in/cold-375/250.png,/Users/albin/Code/jori/dist/layout-hunt/before/shell-resume/shell-header-hover-in/cold-375/record.json,/Users/albin/Code/jori/dist/layout-hunt/SHELL_CAUSES.json
Q1,Q1,question,shell-header-hover-in,warm-1440,137,"Q1 explicitly authored hover/focus title padding: nav124.16→136.16px (reverse on exit), text ±6px. Existing body fixed; zero scroll. All seven changed nodes belong to material breadcrumb.",/Users/albin/Code/jori/dist/layout-hunt/before/shell-resume/shell-header-hover-in/warm-1440/0.png,/Users/albin/Code/jori/dist/layout-hunt/before/shell-resume/shell-header-hover-in/warm-1440/250.png,/Users/albin/Code/jori/dist/layout-hunt/before/shell-resume/shell-header-hover-in/warm-1440/record.json,/Users/albin/Code/jori/dist/layout-hunt/SHELL_CAUSES.json
Q1,Q1,question,shell-header-hover-in,warm-375,163,"Q1 explicitly authored hover/focus title padding: nav124.16→136.16px (reverse on exit), text ±6px. Existing body fixed; zero scroll. All seven changed nodes belong to material breadcrumb.",/Users/albin/Code/jori/dist/layout-hunt/before/shell-resume/shell-header-hover-in/warm-375/0.png,/Users/albin/Code/jori/dist/layout-hunt/before/shell-resume/shell-header-hover-in/warm-375/250.png,/Users/albin/Code/jori/dist/layout-hunt/before/shell-resume/shell-header-hover-in/warm-375/record.json,/Users/albin/Code/jori/dist/layout-hunt/SHELL_CAUSES.json
Q1,Q1,question,shell-header-hover-out,cold-1440,,"Q1 explicitly authored hover/focus title padding: nav124.16→136.16px (reverse on exit), text ±6px. Existing body fixed; zero scroll. All seven changed nodes belong to material breadcrumb.",,,/Users/albin/Code/jori/dist/layout-hunt/before/shell-resume/shell-header-hover-out/cold-1440/record.json,/Users/albin/Code/jori/dist/layout-hunt/SHELL_CAUSES.json
Q1,Q1,question,shell-header-hover-out,cold-375,151,"Q1 explicitly authored hover/focus title padding: nav124.16→136.16px (reverse on exit), text ±6px. Existing body fixed; zero scroll. All seven changed nodes belong to material breadcrumb.",/Users/albin/Code/jori/dist/layout-hunt/before/shell-resume/shell-header-hover-out/cold-375/0.png,/Users/albin/Code/jori/dist/layout-hunt/before/shell-resume/shell-header-hover-out/cold-375/250.png,/Users/albin/Code/jori/dist/layout-hunt/before/shell-resume/shell-header-hover-out/cold-375/record.json,/Users/albin/Code/jori/dist/layout-hunt/SHELL_CAUSES.json
Q1,Q1,question,shell-header-hover-out,warm-1440,,"Q1 explicitly authored hover/focus title padding: nav124.16→136.16px (reverse on exit), text ±6px. Existing body fixed; zero scroll. All seven changed nodes belong to material breadcrumb.",,,/Users/albin/Code/jori/dist/layout-hunt/before/shell-resume/shell-header-hover-out/warm-1440/record.json,/Users/albin/Code/jori/dist/layout-hunt/SHELL_CAUSES.json
Q1,Q1,question,shell-header-hover-out,warm-375,,"Q1 explicitly authored hover/focus title padding: nav124.16→136.16px (reverse on exit), text ±6px. Existing body fixed; zero scroll. All seven changed nodes belong to material breadcrumb.",,,/Users/albin/Code/jori/dist/layout-hunt/before/shell-resume/shell-header-hover-out/warm-375/record.json,/Users/albin/Code/jori/dist/layout-hunt/SHELL_CAUSES.json
Q1,Q1,question,shell-material-menu-open,cold-1440,543,"Q1 explicit material title padding expands12px, text+6px; requested dropdown scale/fade. Retained body fixed; zero scroll. Cold1440 one recent-input native entry at543ms.",/Users/albin/Code/jori/dist/layout-hunt/before/shell-resume/shell-material-menu-open/cold-1440/0.png,/Users/albin/Code/jori/dist/layout-hunt/before/shell-resume/shell-material-menu-open/cold-1440/250.png,/Users/albin/Code/jori/dist/layout-hunt/before/shell-resume/shell-material-menu-open/cold-1440/record.json,/Users/albin/Code/jori/dist/layout-hunt/SHELL_CAUSES.json
Q1,Q1,question,shell-material-menu-open,cold-375,,"Q1 explicit material title padding expands12px, text+6px; requested dropdown scale/fade. Retained body fixed; zero scroll. Cold1440 one recent-input native entry at543ms.",,,/Users/albin/Code/jori/dist/layout-hunt/before/shell-resume/shell-material-menu-open/cold-375/record.json,/Users/albin/Code/jori/dist/layout-hunt/SHELL_CAUSES.json
Q1,Q1,question,shell-material-menu-open,warm-1440,,"Q1 explicit material title padding expands12px, text+6px; requested dropdown scale/fade. Retained body fixed; zero scroll. Cold1440 one recent-input native entry at543ms.",,,/Users/albin/Code/jori/dist/layout-hunt/before/shell-resume/shell-material-menu-open/warm-1440/record.json,/Users/albin/Code/jori/dist/layout-hunt/SHELL_CAUSES.json
Q1,Q1,question,shell-material-menu-open,warm-375,,"Q1 explicit material title padding expands12px, text+6px; requested dropdown scale/fade. Retained body fixed; zero scroll. Cold1440 one recent-input native entry at543ms.",,,/Users/albin/Code/jori/dist/layout-hunt/before/shell-resume/shell-material-menu-open/warm-375/record.json,/Users/albin/Code/jori/dist/layout-hunt/SHELL_CAUSES.json
Q2,Q2,question,shell-desktop-sidebar-close,cold-1440,"151,248,361,381,396,414,431,556",Q2 explicit requested sidebar width/group collapse. All native entries recent-input; content follows width. No scroll. Mobile control excluded by breakpoint design.,/Users/albin/Code/jori/dist/layout-hunt/before/shell-resume/shell-desktop-sidebar-close/cold-1440/before.png,/Users/albin/Code/jori/dist/layout-hunt/before/shell-resume/shell-desktop-sidebar-close/cold-1440/0.png,/Users/albin/Code/jori/dist/layout-hunt/before/shell-resume/shell-desktop-sidebar-close/cold-1440/record.json,/Users/albin/Code/jori/dist/layout-hunt/SHELL_CAUSES.json
Q2,Q2,question,shell-desktop-sidebar-close,warm-1440,"57,118,148,151,168,185,201,218,235,251,268,284,301,350",Q2 explicit requested sidebar width/group collapse. All native entries recent-input; content follows width. No scroll. Mobile control excluded by breakpoint design.,/Users/albin/Code/jori/dist/layout-hunt/before/shell-resume/shell-desktop-sidebar-close/warm-1440/before.png,/Users/albin/Code/jori/dist/layout-hunt/before/shell-resume/shell-desktop-sidebar-close/warm-1440/0.png,/Users/albin/Code/jori/dist/layout-hunt/before/shell-resume/shell-desktop-sidebar-close/warm-1440/record.json,/Users/albin/Code/jori/dist/layout-hunt/SHELL_CAUSES.json
Q2,Q2,question,shell-desktop-sidebar-open,cold-1440,"118,146,252,278,290,309,326",Q2 explicit requested sidebar width and group-height animation. All native entries recent-input; content follows width. No scroll. Mobile control excluded by breakpoint design.,/Users/albin/Code/jori/dist/layout-hunt/before/shell-resume/shell-desktop-sidebar-open/cold-1440/before.png,/Users/albin/Code/jori/dist/layout-hunt/before/shell-resume/shell-desktop-sidebar-open/cold-1440/0.png,/Users/albin/Code/jori/dist/layout-hunt/before/shell-resume/shell-desktop-sidebar-open/cold-1440/record.json,/Users/albin/Code/jori/dist/layout-hunt/SHELL_CAUSES.json
Q2,Q2,question,shell-desktop-sidebar-open,warm-1440,"36,59,75,92,110,125,142,159,176,192,210,226,243",Q2 explicit requested sidebar width and group-height animation. All native entries recent-input; content follows width. No scroll. Mobile control excluded by breakpoint design.,/Users/albin/Code/jori/dist/layout-hunt/before/shell-resume/shell-desktop-sidebar-open/warm-1440/before.png,/Users/albin/Code/jori/dist/layout-hunt/before/shell-resume/shell-desktop-sidebar-open/warm-1440/0.png,/Users/albin/Code/jori/dist/layout-hunt/before/shell-resume/shell-desktop-sidebar-open/warm-1440/record.json,/Users/albin/Code/jori/dist/layout-hunt/SHELL_CAUSES.json
Q2,Q2,question,shell-sidebar-chats-close,cold-1440,"389,472,570,573","Q2 explicitly requested group height animation; retained subsequent sidebar groups follow, main body fixed. All native entries recent-input; zero scroll.",/Users/albin/Code/jori/dist/layout-hunt/before/shell-resume/shell-sidebar-chats-close/cold-1440/before.png,/Users/albin/Code/jori/dist/layout-hunt/before/shell-resume/shell-sidebar-chats-close/cold-1440/0.png,/Users/albin/Code/jori/dist/layout-hunt/before/shell-resume/shell-sidebar-chats-close/cold-1440/record.json,/Users/albin/Code/jori/dist/layout-hunt/SHELL_CAUSES.json
Q2,Q2,question,shell-sidebar-chats-close,warm-1440,"196,206,223,239,257,356,357","Q2 explicitly requested group height animation; retained subsequent sidebar groups follow, main body fixed. All native entries recent-input; zero scroll.",/Users/albin/Code/jori/dist/layout-hunt/before/shell-resume/shell-sidebar-chats-close/warm-1440/0.png,/Users/albin/Code/jori/dist/layout-hunt/before/shell-resume/shell-sidebar-chats-close/warm-1440/250.png,/Users/albin/Code/jori/dist/layout-hunt/before/shell-resume/shell-sidebar-chats-close/warm-1440/record.json,/Users/albin/Code/jori/dist/layout-hunt/SHELL_CAUSES.json
Q2,Q2,question,shell-sidebar-chats-open,cold-1440,"181,196,213,291","Q2 explicitly requested group height animation; retained subsequent sidebar groups follow, main body fixed. All native entries recent-input; zero scroll.",/Users/albin/Code/jori/dist/layout-hunt/before/shell-resume/shell-sidebar-chats-open/cold-1440/before.png,/Users/albin/Code/jori/dist/layout-hunt/before/shell-resume/shell-sidebar-chats-open/cold-1440/0.png,/Users/albin/Code/jori/dist/layout-hunt/before/shell-resume/shell-sidebar-chats-open/cold-1440/record.json,/Users/albin/Code/jori/dist/layout-hunt/SHELL_CAUSES.json
Q2,Q2,question,shell-sidebar-chats-open,warm-1440,"76,105,122,139,155","Q2 explicitly requested group height animation; retained subsequent sidebar groups follow, main body fixed. All native entries recent-input; zero scroll.",/Users/albin/Code/jori/dist/layout-hunt/before/shell-resume/shell-sidebar-chats-open/warm-1440/0.png,/Users/albin/Code/jori/dist/layout-hunt/before/shell-resume/shell-sidebar-chats-open/warm-1440/250.png,/Users/albin/Code/jori/dist/layout-hunt/before/shell-resume/shell-sidebar-chats-open/warm-1440/record.json,/Users/albin/Code/jori/dist/layout-hunt/SHELL_CAUSES.json
Q2,Q2,question,shell-sidebar-resources-close,cold-1440,"343,358,378,392,475,492,508,523,527","Q2 explicitly requested group height animation; retained subsequent sidebar groups follow, main body fixed. All native entries recent-input; zero scroll.",/Users/albin/Code/jori/dist/layout-hunt/before/shell-resume/shell-sidebar-resources-close/cold-1440/before.png,/Users/albin/Code/jori/dist/layout-hunt/before/shell-resume/shell-sidebar-resources-close/cold-1440/0.png,/Users/albin/Code/jori/dist/layout-hunt/before/shell-resume/shell-sidebar-resources-close/cold-1440/record.json,/Users/albin/Code/jori/dist/layout-hunt/SHELL_CAUSES.json
Q2,Q2,question,shell-sidebar-resources-close,warm-1440,"280,296,312,353,361,379,396,413,429,446,462,464","Q2 explicitly requested group height animation; retained subsequent sidebar groups follow, main body fixed. All native entries recent-input; zero scroll.",/Users/albin/Code/jori/dist/layout-hunt/before/shell-resume/shell-sidebar-resources-close/warm-1440/before.png,/Users/albin/Code/jori/dist/layout-hunt/before/shell-resume/shell-sidebar-resources-close/warm-1440/0.png,/Users/albin/Code/jori/dist/layout-hunt/before/shell-resume/shell-sidebar-resources-close/warm-1440/record.json,/Users/albin/Code/jori/dist/layout-hunt/SHELL_CAUSES.json
Q2,Q2,question,shell-sidebar-resources-open,cold-1440,"90,92,109,126,142,159,176,192,210","Q2 explicitly requested group height animation; retained subsequent sidebar groups follow, main body fixed. All native entries recent-input; zero scroll.",/Users/albin/Code/jori/dist/layout-hunt/before/shell-resume/shell-sidebar-resources-open/cold-1440/0.png,/Users/albin/Code/jori/dist/layout-hunt/before/shell-resume/shell-sidebar-resources-open/cold-1440/250.png,/Users/albin/Code/jori/dist/layout-hunt/before/shell-resume/shell-sidebar-resources-open/cold-1440/record.json,/Users/albin/Code/jori/dist/layout-hunt/SHELL_CAUSES.json
Q2,Q2,question,shell-sidebar-resources-open,warm-1440,"73,74,85,100,117,134,150,167,184,200,217","Q2 explicitly requested group height animation; retained subsequent sidebar groups follow, main body fixed. All native entries recent-input; zero scroll.",/Users/albin/Code/jori/dist/layout-hunt/before/shell-resume/shell-sidebar-resources-open/warm-1440/0.png,/Users/albin/Code/jori/dist/layout-hunt/before/shell-resume/shell-sidebar-resources-open/warm-1440/250.png,/Users/albin/Code/jori/dist/layout-hunt/before/shell-resume/shell-sidebar-resources-open/warm-1440/record.json,/Users/albin/Code/jori/dist/layout-hunt/SHELL_CAUSES.json
Q4,Q4,question,shell-live-usage-30-to-7,cold-1440,404,"SF10 visible usage details disappear/reappear during range query, 25.5px desktop/51px mobile band shrink/growth. Stats nodes also remount on placeholder replacement; retained bottom labels move. Range select label width129.13 to120.09px shifts calendar icon9.03px; zero scroll.",/Users/albin/Code/jori/dist/layout-hunt/before/shell-resume/shell-live-usage-30-to-7/cold-1440/before.png,/Users/albin/Code/jori/dist/layout-hunt/before/shell-resume/shell-live-usage-30-to-7/cold-1440/0.png,/Users/albin/Code/jori/dist/layout-hunt/before/shell-resume/shell-live-usage-30-to-7/cold-1440/record.json,/Users/albin/Code/jori/dist/layout-hunt/SHELL_CAUSES.json
Q4,Q4,question,shell-live-usage-30-to-7,cold-375,419,"SF10 visible usage details disappear/reappear during range query, 25.5px desktop/51px mobile band shrink/growth. Stats nodes also remount on placeholder replacement; retained bottom labels move. Range select label width129.13 to120.09px shifts calendar icon9.03px; zero scroll.",/Users/albin/Code/jori/dist/layout-hunt/before/shell-resume/shell-live-usage-30-to-7/cold-375/before.png,/Users/albin/Code/jori/dist/layout-hunt/before/shell-resume/shell-live-usage-30-to-7/cold-375/0.png,/Users/albin/Code/jori/dist/layout-hunt/before/shell-resume/shell-live-usage-30-to-7/cold-375/record.json,/Users/albin/Code/jori/dist/layout-hunt/SHELL_CAUSES.json
Q4,Q4,question,shell-live-usage-30-to-7,warm-1440,158,"SF10 visible usage details disappear/reappear during range query, 25.5px desktop/51px mobile band shrink/growth. Stats nodes also remount on placeholder replacement; retained bottom labels move. Range select label width129.13 to120.09px shifts calendar icon9.03px; zero scroll.",/Users/albin/Code/jori/dist/layout-hunt/before/shell-resume/shell-live-usage-30-to-7/warm-1440/before.png,/Users/albin/Code/jori/dist/layout-hunt/before/shell-resume/shell-live-usage-30-to-7/warm-1440/0.png,/Users/albin/Code/jori/dist/layout-hunt/before/shell-resume/shell-live-usage-30-to-7/warm-1440/record.json,/Users/albin/Code/jori/dist/layout-hunt/SHELL_CAUSES.json
Q4,Q4,question,shell-live-usage-30-to-7,warm-375,127,"SF10 visible usage details disappear/reappear during range query, 25.5px desktop/51px mobile band shrink/growth. Stats nodes also remount on placeholder replacement; retained bottom labels move. Range select label width129.13 to120.09px shifts calendar icon9.03px; zero scroll.",/Users/albin/Code/jori/dist/layout-hunt/before/shell-resume/shell-live-usage-30-to-7/warm-375/before.png,/Users/albin/Code/jori/dist/layout-hunt/before/shell-resume/shell-live-usage-30-to-7/warm-375/0.png,/Users/albin/Code/jori/dist/layout-hunt/before/shell-resume/shell-live-usage-30-to-7/warm-375/record.json,/Users/albin/Code/jori/dist/layout-hunt/SHELL_CAUSES.json
Q4,Q4,question,shell-live-usage-7-to-30,cold-1440,333,"SF10 visible usage details disappear/reappear during range query, 25.5px desktop/51px mobile band shrink/growth. Stats nodes also remount on placeholder replacement; retained bottom labels move. Range select label width129.13 to120.09px shifts calendar icon9.03px; zero scroll.",/Users/albin/Code/jori/dist/layout-hunt/before/shell-resume/shell-live-usage-7-to-30/cold-1440/before.png,/Users/albin/Code/jori/dist/layout-hunt/before/shell-resume/shell-live-usage-7-to-30/cold-1440/0.png,/Users/albin/Code/jori/dist/layout-hunt/before/shell-resume/shell-live-usage-7-to-30/cold-1440/record.json,/Users/albin/Code/jori/dist/layout-hunt/SHELL_CAUSES.json
Q4,Q4,question,shell-live-usage-7-to-30,cold-375,355,"SF10 visible usage details disappear/reappear during range query, 25.5px desktop/51px mobile band shrink/growth. Stats nodes also remount on placeholder replacement; retained bottom labels move. Range select label width129.13 to120.09px shifts calendar icon9.03px; zero scroll.",/Users/albin/Code/jori/dist/layout-hunt/before/shell-resume/shell-live-usage-7-to-30/cold-375/before.png,/Users/albin/Code/jori/dist/layout-hunt/before/shell-resume/shell-live-usage-7-to-30/cold-375/0.png,/Users/albin/Code/jori/dist/layout-hunt/before/shell-resume/shell-live-usage-7-to-30/cold-375/record.json,/Users/albin/Code/jori/dist/layout-hunt/SHELL_CAUSES.json
Q4,Q4,question,shell-live-usage-7-to-30,warm-1440,138,"SF10 visible usage details disappear/reappear during range query, 25.5px desktop/51px mobile band shrink/growth. Stats nodes also remount on placeholder replacement; retained bottom labels move. Range select label width129.13 to120.09px shifts calendar icon9.03px; zero scroll.",/Users/albin/Code/jori/dist/layout-hunt/before/shell-resume/shell-live-usage-7-to-30/warm-1440/before.png,/Users/albin/Code/jori/dist/layout-hunt/before/shell-resume/shell-live-usage-7-to-30/warm-1440/0.png,/Users/albin/Code/jori/dist/layout-hunt/before/shell-resume/shell-live-usage-7-to-30/warm-1440/record.json,/Users/albin/Code/jori/dist/layout-hunt/SHELL_CAUSES.json
Q4,Q4,question,shell-live-usage-7-to-30,warm-375,220,"SF10 visible usage details disappear/reappear during range query, 25.5px desktop/51px mobile band shrink/growth. Stats nodes also remount on placeholder replacement; retained bottom labels move. Range select label width129.13 to120.09px shifts calendar icon9.03px; zero scroll.",/Users/albin/Code/jori/dist/layout-hunt/before/shell-resume/shell-live-usage-7-to-30/warm-375/before.png,/Users/albin/Code/jori/dist/layout-hunt/before/shell-resume/shell-live-usage-7-to-30/warm-375/0.png,/Users/albin/Code/jori/dist/layout-hunt/before/shell-resume/shell-live-usage-7-to-30/warm-375/record.json,/Users/albin/Code/jori/dist/layout-hunt/SHELL_CAUSES.json
CHAT-F01,CHAT-F01,confirmed,CHAT-011,cold-1440,,,/Users/albin/Code/jori/dist/layout-hunt/before/chat/CHAT-011/cold-1440/before.png,/Users/albin/Code/jori/dist/layout-hunt/before/chat/CHAT-011/cold-1440/0.png,/Users/albin/Code/jori/dist/layout-hunt/before/chat/CHAT-011/cold-1440/record.json,/Users/albin/Code/jori/dist/layout-hunt/chat-causes-all.json
CHAT-F01,CHAT-F01,confirmed,CHAT-011,cold-375,,,/Users/albin/Code/jori/dist/layout-hunt/before/chat/CHAT-011/cold-375/before.png,/Users/albin/Code/jori/dist/layout-hunt/before/chat/CHAT-011/cold-375/0.png,/Users/albin/Code/jori/dist/layout-hunt/before/chat/CHAT-011/cold-375/record.json,/Users/albin/Code/jori/dist/layout-hunt/chat-causes-all.json
CHAT-F01,CHAT-F01,confirmed,CHAT-011,warm-1440,,,/Users/albin/Code/jori/dist/layout-hunt/before/chat/CHAT-011/warm-1440/before.png,/Users/albin/Code/jori/dist/layout-hunt/before/chat/CHAT-011/warm-1440/0.png,/Users/albin/Code/jori/dist/layout-hunt/before/chat/CHAT-011/warm-1440/record.json,/Users/albin/Code/jori/dist/layout-hunt/chat-causes-all.json
CHAT-F01,CHAT-F01,confirmed,CHAT-011,warm-375,,,/Users/albin/Code/jori/dist/layout-hunt/before/chat/CHAT-011/warm-375/before.png,/Users/albin/Code/jori/dist/layout-hunt/before/chat/CHAT-011/warm-375/0.png,/Users/albin/Code/jori/dist/layout-hunt/before/chat/CHAT-011/warm-375/record.json,/Users/albin/Code/jori/dist/layout-hunt/chat-causes-all.json
CHAT-F01,CHAT-F01,confirmed,CHAT-012,cold-1440,,,/Users/albin/Code/jori/dist/layout-hunt/before/chat/CHAT-012/cold-1440/before.png,/Users/albin/Code/jori/dist/layout-hunt/before/chat/CHAT-012/cold-1440/0.png,/Users/albin/Code/jori/dist/layout-hunt/before/chat/CHAT-012/cold-1440/record.json,/Users/albin/Code/jori/dist/layout-hunt/chat-causes-all.json
CHAT-F01,CHAT-F01,confirmed,CHAT-012,cold-375,,,/Users/albin/Code/jori/dist/layout-hunt/before/chat/CHAT-012/cold-375/before.png,/Users/albin/Code/jori/dist/layout-hunt/before/chat/CHAT-012/cold-375/0.png,/Users/albin/Code/jori/dist/layout-hunt/before/chat/CHAT-012/cold-375/record.json,/Users/albin/Code/jori/dist/layout-hunt/chat-causes-all.json
CHAT-F01,CHAT-F01,confirmed,CHAT-012,warm-1440,,,/Users/albin/Code/jori/dist/layout-hunt/before/chat/CHAT-012/warm-1440/before.png,/Users/albin/Code/jori/dist/layout-hunt/before/chat/CHAT-012/warm-1440/0.png,/Users/albin/Code/jori/dist/layout-hunt/before/chat/CHAT-012/warm-1440/record.json,/Users/albin/Code/jori/dist/layout-hunt/chat-causes-all.json
CHAT-F01,CHAT-F01,confirmed,CHAT-012,warm-375,,,/Users/albin/Code/jori/dist/layout-hunt/before/chat/CHAT-012/warm-375/before.png,/Users/albin/Code/jori/dist/layout-hunt/before/chat/CHAT-012/warm-375/0.png,/Users/albin/Code/jori/dist/layout-hunt/before/chat/CHAT-012/warm-375/record.json,/Users/albin/Code/jori/dist/layout-hunt/chat-causes-all.json
CHAT-F01,CHAT-F01,confirmed,CHAT-013,cold-1440,,,/Users/albin/Code/jori/dist/layout-hunt/before/chat/CHAT-013/cold-1440/before.png,/Users/albin/Code/jori/dist/layout-hunt/before/chat/CHAT-013/cold-1440/0.png,/Users/albin/Code/jori/dist/layout-hunt/before/chat/CHAT-013/cold-1440/record.json,/Users/albin/Code/jori/dist/layout-hunt/chat-causes-all.json
CHAT-F01,CHAT-F01,confirmed,CHAT-013,cold-375,,,/Users/albin/Code/jori/dist/layout-hunt/before/chat/CHAT-013/cold-375/before.png,/Users/albin/Code/jori/dist/layout-hunt/before/chat/CHAT-013/cold-375/0.png,/Users/albin/Code/jori/dist/layout-hunt/before/chat/CHAT-013/cold-375/record.json,/Users/albin/Code/jori/dist/layout-hunt/chat-causes-all.json
CHAT-F01,CHAT-F01,confirmed,CHAT-013,warm-1440,,,/Users/albin/Code/jori/dist/layout-hunt/before/chat/CHAT-013/warm-1440/before.png,/Users/albin/Code/jori/dist/layout-hunt/before/chat/CHAT-013/warm-1440/0.png,/Users/albin/Code/jori/dist/layout-hunt/before/chat/CHAT-013/warm-1440/record.json,/Users/albin/Code/jori/dist/layout-hunt/chat-causes-all.json
CHAT-F01,CHAT-F01,confirmed,CHAT-013,warm-375,,,/Users/albin/Code/jori/dist/layout-hunt/before/chat/CHAT-013/warm-375/before.png,/Users/albin/Code/jori/dist/layout-hunt/before/chat/CHAT-013/warm-375/0.png,/Users/albin/Code/jori/dist/layout-hunt/before/chat/CHAT-013/warm-375/record.json,/Users/albin/Code/jori/dist/layout-hunt/chat-causes-all.json
CHAT-F01,CHAT-F01,confirmed,CHAT-014,cold-1440,,,/Users/albin/Code/jori/dist/layout-hunt/before/chat/CHAT-014/cold-1440/before.png,/Users/albin/Code/jori/dist/layout-hunt/before/chat/CHAT-014/cold-1440/0.png,/Users/albin/Code/jori/dist/layout-hunt/before/chat/CHAT-014/cold-1440/record.json,/Users/albin/Code/jori/dist/layout-hunt/chat-causes-all.json
CHAT-F01,CHAT-F01,confirmed,CHAT-014,cold-375,,,/Users/albin/Code/jori/dist/layout-hunt/before/chat/CHAT-014/cold-375/before.png,/Users/albin/Code/jori/dist/layout-hunt/before/chat/CHAT-014/cold-375/0.png,/Users/albin/Code/jori/dist/layout-hunt/before/chat/CHAT-014/cold-375/record.json,/Users/albin/Code/jori/dist/layout-hunt/chat-causes-all.json
CHAT-F01,CHAT-F01,confirmed,CHAT-014,warm-1440,,,/Users/albin/Code/jori/dist/layout-hunt/before/chat/CHAT-014/warm-1440/before.png,/Users/albin/Code/jori/dist/layout-hunt/before/chat/CHAT-014/warm-1440/0.png,/Users/albin/Code/jori/dist/layout-hunt/before/chat/CHAT-014/warm-1440/record.json,/Users/albin/Code/jori/dist/layout-hunt/chat-causes-all.json
CHAT-F01,CHAT-F01,confirmed,CHAT-014,warm-375,,,/Users/albin/Code/jori/dist/layout-hunt/before/chat/CHAT-014/warm-375/before.png,/Users/albin/Code/jori/dist/layout-hunt/before/chat/CHAT-014/warm-375/0.png,/Users/albin/Code/jori/dist/layout-hunt/before/chat/CHAT-014/warm-375/record.json,/Users/albin/Code/jori/dist/layout-hunt/chat-causes-all.json
CHAT-F01,CHAT-F01,confirmed,CHAT-015,cold-1440,,,/Users/albin/Code/jori/dist/layout-hunt/before/chat/CHAT-015/cold-1440/before.png,/Users/albin/Code/jori/dist/layout-hunt/before/chat/CHAT-015/cold-1440/0.png,/Users/albin/Code/jori/dist/layout-hunt/before/chat/CHAT-015/cold-1440/record.json,/Users/albin/Code/jori/dist/layout-hunt/chat-causes-all.json
CHAT-F01,CHAT-F01,confirmed,CHAT-015,cold-375,,,/Users/albin/Code/jori/dist/layout-hunt/before/chat/CHAT-015/cold-375/before.png,/Users/albin/Code/jori/dist/layout-hunt/before/chat/CHAT-015/cold-375/0.png,/Users/albin/Code/jori/dist/layout-hunt/before/chat/CHAT-015/cold-375/record.json,/Users/albin/Code/jori/dist/layout-hunt/chat-causes-all.json
CHAT-F01,CHAT-F01,confirmed,CHAT-015,warm-1440,,,/Users/albin/Code/jori/dist/layout-hunt/before/chat/CHAT-015/warm-1440/before.png,/Users/albin/Code/jori/dist/layout-hunt/before/chat/CHAT-015/warm-1440/0.png,/Users/albin/Code/jori/dist/layout-hunt/before/chat/CHAT-015/warm-1440/record.json,/Users/albin/Code/jori/dist/layout-hunt/chat-causes-all.json
CHAT-F01,CHAT-F01,confirmed,CHAT-015,warm-375,,,/Users/albin/Code/jori/dist/layout-hunt/before/chat/CHAT-015/warm-375/before.png,/Users/albin/Code/jori/dist/layout-hunt/before/chat/CHAT-015/warm-375/0.png,/Users/albin/Code/jori/dist/layout-hunt/before/chat/CHAT-015/warm-375/record.json,/Users/albin/Code/jori/dist/layout-hunt/chat-causes-all.json
CHAT-F01,CHAT-F01,confirmed,CHAT-016,cold-1440,,,/Users/albin/Code/jori/dist/layout-hunt/before/chat/CHAT-016/cold-1440/before.png,/Users/albin/Code/jori/dist/layout-hunt/before/chat/CHAT-016/cold-1440/0.png,/Users/albin/Code/jori/dist/layout-hunt/before/chat/CHAT-016/cold-1440/record.json,/Users/albin/Code/jori/dist/layout-hunt/chat-causes-all.json
CHAT-F01,CHAT-F01,confirmed,CHAT-016,cold-375,,,/Users/albin/Code/jori/dist/layout-hunt/before/chat/CHAT-016/cold-375/before.png,/Users/albin/Code/jori/dist/layout-hunt/before/chat/CHAT-016/cold-375/0.png,/Users/albin/Code/jori/dist/layout-hunt/before/chat/CHAT-016/cold-375/record.json,/Users/albin/Code/jori/dist/layout-hunt/chat-causes-all.json
CHAT-F01,CHAT-F01,confirmed,CHAT-016,warm-1440,,,/Users/albin/Code/jori/dist/layout-hunt/before/chat/CHAT-016/warm-1440/before.png,/Users/albin/Code/jori/dist/layout-hunt/before/chat/CHAT-016/warm-1440/0.png,/Users/albin/Code/jori/dist/layout-hunt/before/chat/CHAT-016/warm-1440/record.json,/Users/albin/Code/jori/dist/layout-hunt/chat-causes-all.json
CHAT-F01,CHAT-F01,confirmed,CHAT-016,warm-375,,,/Users/albin/Code/jori/dist/layout-hunt/before/chat/CHAT-016/warm-375/before.png,/Users/albin/Code/jori/dist/layout-hunt/before/chat/CHAT-016/warm-375/0.png,/Users/albin/Code/jori/dist/layout-hunt/before/chat/CHAT-016/warm-375/record.json,/Users/albin/Code/jori/dist/layout-hunt/chat-causes-all.json
CHAT-F01,CHAT-F01,confirmed,CHAT-017,cold-1440,,,/Users/albin/Code/jori/dist/layout-hunt/before/chat/CHAT-017/cold-1440/before.png,/Users/albin/Code/jori/dist/layout-hunt/before/chat/CHAT-017/cold-1440/0.png,/Users/albin/Code/jori/dist/layout-hunt/before/chat/CHAT-017/cold-1440/record.json,/Users/albin/Code/jori/dist/layout-hunt/chat-causes-all.json
CHAT-F01,CHAT-F01,confirmed,CHAT-017,cold-375,,,/Users/albin/Code/jori/dist/layout-hunt/before/chat/CHAT-017/cold-375/before.png,/Users/albin/Code/jori/dist/layout-hunt/before/chat/CHAT-017/cold-375/0.png,/Users/albin/Code/jori/dist/layout-hunt/before/chat/CHAT-017/cold-375/record.json,/Users/albin/Code/jori/dist/layout-hunt/chat-causes-all.json
CHAT-F01,CHAT-F01,confirmed,CHAT-017,warm-1440,,,/Users/albin/Code/jori/dist/layout-hunt/before/chat/CHAT-017/warm-1440/before.png,/Users/albin/Code/jori/dist/layout-hunt/before/chat/CHAT-017/warm-1440/0.png,/Users/albin/Code/jori/dist/layout-hunt/before/chat/CHAT-017/warm-1440/record.json,/Users/albin/Code/jori/dist/layout-hunt/chat-causes-all.json
CHAT-F01,CHAT-F01,confirmed,CHAT-017,warm-375,,,/Users/albin/Code/jori/dist/layout-hunt/before/chat/CHAT-017/warm-375/before.png,/Users/albin/Code/jori/dist/layout-hunt/before/chat/CHAT-017/warm-375/0.png,/Users/albin/Code/jori/dist/layout-hunt/before/chat/CHAT-017/warm-375/record.json,/Users/albin/Code/jori/dist/layout-hunt/chat-causes-all.json
CHAT-F01,CHAT-F01,confirmed,CHAT-018,cold-1440,,,/Users/albin/Code/jori/dist/layout-hunt/before/chat/CHAT-018/cold-1440/before.png,/Users/albin/Code/jori/dist/layout-hunt/before/chat/CHAT-018/cold-1440/0.png,/Users/albin/Code/jori/dist/layout-hunt/before/chat/CHAT-018/cold-1440/record.json,/Users/albin/Code/jori/dist/layout-hunt/chat-causes-all.json
CHAT-F01,CHAT-F01,confirmed,CHAT-018,cold-375,,,/Users/albin/Code/jori/dist/layout-hunt/before/chat/CHAT-018/cold-375/before.png,/Users/albin/Code/jori/dist/layout-hunt/before/chat/CHAT-018/cold-375/0.png,/Users/albin/Code/jori/dist/layout-hunt/before/chat/CHAT-018/cold-375/record.json,/Users/albin/Code/jori/dist/layout-hunt/chat-causes-all.json
CHAT-F01,CHAT-F01,confirmed,CHAT-018,warm-1440,,,/Users/albin/Code/jori/dist/layout-hunt/before/chat/CHAT-018/warm-1440/before.png,/Users/albin/Code/jori/dist/layout-hunt/before/chat/CHAT-018/warm-1440/0.png,/Users/albin/Code/jori/dist/layout-hunt/before/chat/CHAT-018/warm-1440/record.json,/Users/albin/Code/jori/dist/layout-hunt/chat-causes-all.json
CHAT-F01,CHAT-F01,confirmed,CHAT-018,warm-375,,,/Users/albin/Code/jori/dist/layout-hunt/before/chat/CHAT-018/warm-375/before.png,/Users/albin/Code/jori/dist/layout-hunt/before/chat/CHAT-018/warm-375/0.png,/Users/albin/Code/jori/dist/layout-hunt/before/chat/CHAT-018/warm-375/record.json,/Users/albin/Code/jori/dist/layout-hunt/chat-causes-all.json
CHAT-F01,CHAT-F01,confirmed,CHAT-019,cold-1440,,,/Users/albin/Code/jori/dist/layout-hunt/before/chat/CHAT-019/cold-1440/before.png,/Users/albin/Code/jori/dist/layout-hunt/before/chat/CHAT-019/cold-1440/0.png,/Users/albin/Code/jori/dist/layout-hunt/before/chat/CHAT-019/cold-1440/record.json,/Users/albin/Code/jori/dist/layout-hunt/chat-causes-all.json
CHAT-F01,CHAT-F01,confirmed,CHAT-019,cold-375,,,/Users/albin/Code/jori/dist/layout-hunt/before/chat/CHAT-019/cold-375/before.png,/Users/albin/Code/jori/dist/layout-hunt/before/chat/CHAT-019/cold-375/0.png,/Users/albin/Code/jori/dist/layout-hunt/before/chat/CHAT-019/cold-375/record.json,/Users/albin/Code/jori/dist/layout-hunt/chat-causes-all.json
CHAT-F01,CHAT-F01,confirmed,CHAT-019,warm-1440,,,/Users/albin/Code/jori/dist/layout-hunt/before/chat/CHAT-019/warm-1440/before.png,/Users/albin/Code/jori/dist/layout-hunt/before/chat/CHAT-019/warm-1440/0.png,/Users/albin/Code/jori/dist/layout-hunt/before/chat/CHAT-019/warm-1440/record.json,/Users/albin/Code/jori/dist/layout-hunt/chat-causes-all.json
CHAT-F01,CHAT-F01,confirmed,CHAT-019,warm-375,,,/Users/albin/Code/jori/dist/layout-hunt/before/chat/CHAT-019/warm-375/before.png,/Users/albin/Code/jori/dist/layout-hunt/before/chat/CHAT-019/warm-375/0.png,/Users/albin/Code/jori/dist/layout-hunt/before/chat/CHAT-019/warm-375/record.json,/Users/albin/Code/jori/dist/layout-hunt/chat-causes-all.json
CHAT-F01,CHAT-F01,confirmed,CHAT-020,cold-1440,,,/Users/albin/Code/jori/dist/layout-hunt/before/chat/CHAT-020/cold-1440/before.png,/Users/albin/Code/jori/dist/layout-hunt/before/chat/CHAT-020/cold-1440/0.png,/Users/albin/Code/jori/dist/layout-hunt/before/chat/CHAT-020/cold-1440/record.json,/Users/albin/Code/jori/dist/layout-hunt/chat-causes-all.json
CHAT-F01,CHAT-F01,confirmed,CHAT-020,cold-375,,,/Users/albin/Code/jori/dist/layout-hunt/before/chat/CHAT-020/cold-375/before.png,/Users/albin/Code/jori/dist/layout-hunt/before/chat/CHAT-020/cold-375/0.png,/Users/albin/Code/jori/dist/layout-hunt/before/chat/CHAT-020/cold-375/record.json,/Users/albin/Code/jori/dist/layout-hunt/chat-causes-all.json
CHAT-F01,CHAT-F01,confirmed,CHAT-020,warm-1440,,,/Users/albin/Code/jori/dist/layout-hunt/before/chat/CHAT-020/warm-1440/before.png,/Users/albin/Code/jori/dist/layout-hunt/before/chat/CHAT-020/warm-1440/0.png,/Users/albin/Code/jori/dist/layout-hunt/before/chat/CHAT-020/warm-1440/record.json,/Users/albin/Code/jori/dist/layout-hunt/chat-causes-all.json
CHAT-F01,CHAT-F01,confirmed,CHAT-020,warm-375,,,/Users/albin/Code/jori/dist/layout-hunt/before/chat/CHAT-020/warm-375/before.png,/Users/albin/Code/jori/dist/layout-hunt/before/chat/CHAT-020/warm-375/0.png,/Users/albin/Code/jori/dist/layout-hunt/before/chat/CHAT-020/warm-375/record.json,/Users/albin/Code/jori/dist/layout-hunt/chat-causes-all.json
CHAT-F01,CHAT-F01,confirmed,CHAT-021,cold-1440,,,/Users/albin/Code/jori/dist/layout-hunt/before/chat/CHAT-021/cold-1440/before.png,/Users/albin/Code/jori/dist/layout-hunt/before/chat/CHAT-021/cold-1440/0.png,/Users/albin/Code/jori/dist/layout-hunt/before/chat/CHAT-021/cold-1440/record.json,/Users/albin/Code/jori/dist/layout-hunt/chat-causes-all.json
CHAT-F01,CHAT-F01,confirmed,CHAT-021,cold-375,,,/Users/albin/Code/jori/dist/layout-hunt/before/chat/CHAT-021/cold-375/before.png,/Users/albin/Code/jori/dist/layout-hunt/before/chat/CHAT-021/cold-375/0.png,/Users/albin/Code/jori/dist/layout-hunt/before/chat/CHAT-021/cold-375/record.json,/Users/albin/Code/jori/dist/layout-hunt/chat-causes-all.json
CHAT-F01,CHAT-F01,confirmed,CHAT-021,warm-1440,,,/Users/albin/Code/jori/dist/layout-hunt/before/chat/CHAT-021/warm-1440/before.png,/Users/albin/Code/jori/dist/layout-hunt/before/chat/CHAT-021/warm-1440/0.png,/Users/albin/Code/jori/dist/layout-hunt/before/chat/CHAT-021/warm-1440/record.json,/Users/albin/Code/jori/dist/layout-hunt/chat-causes-all.json
CHAT-F01,CHAT-F01,confirmed,CHAT-021,warm-375,,,/Users/albin/Code/jori/dist/layout-hunt/before/chat/CHAT-021/warm-375/before.png,/Users/albin/Code/jori/dist/layout-hunt/before/chat/CHAT-021/warm-375/0.png,/Users/albin/Code/jori/dist/layout-hunt/before/chat/CHAT-021/warm-375/record.json,/Users/albin/Code/jori/dist/layout-hunt/chat-causes-all.json
CHAT-F01,CHAT-F01,confirmed,CHAT-022,cold-1440,,,/Users/albin/Code/jori/dist/layout-hunt/before/chat/CHAT-022/cold-1440/before.png,/Users/albin/Code/jori/dist/layout-hunt/before/chat/CHAT-022/cold-1440/0.png,/Users/albin/Code/jori/dist/layout-hunt/before/chat/CHAT-022/cold-1440/record.json,/Users/albin/Code/jori/dist/layout-hunt/chat-causes-all.json
CHAT-F01,CHAT-F01,confirmed,CHAT-022,cold-375,,,/Users/albin/Code/jori/dist/layout-hunt/before/chat/CHAT-022/cold-375/before.png,/Users/albin/Code/jori/dist/layout-hunt/before/chat/CHAT-022/cold-375/0.png,/Users/albin/Code/jori/dist/layout-hunt/before/chat/CHAT-022/cold-375/record.json,/Users/albin/Code/jori/dist/layout-hunt/chat-causes-all.json
CHAT-F01,CHAT-F01,confirmed,CHAT-022,warm-1440,,,/Users/albin/Code/jori/dist/layout-hunt/before/chat/CHAT-022/warm-1440/before.png,/Users/albin/Code/jori/dist/layout-hunt/before/chat/CHAT-022/warm-1440/0.png,/Users/albin/Code/jori/dist/layout-hunt/before/chat/CHAT-022/warm-1440/record.json,/Users/albin/Code/jori/dist/layout-hunt/chat-causes-all.json
CHAT-F01,CHAT-F01,confirmed,CHAT-022,warm-375,,,/Users/albin/Code/jori/dist/layout-hunt/before/chat/CHAT-022/warm-375/before.png,/Users/albin/Code/jori/dist/layout-hunt/before/chat/CHAT-022/warm-375/0.png,/Users/albin/Code/jori/dist/layout-hunt/before/chat/CHAT-022/warm-375/record.json,/Users/albin/Code/jori/dist/layout-hunt/chat-causes-all.json
CHAT-F01,CHAT-F01,confirmed,CHAT-023,cold-1440,,,/Users/albin/Code/jori/dist/layout-hunt/before/chat/CHAT-023/cold-1440/before.png,/Users/albin/Code/jori/dist/layout-hunt/before/chat/CHAT-023/cold-1440/0.png,/Users/albin/Code/jori/dist/layout-hunt/before/chat/CHAT-023/cold-1440/record.json,/Users/albin/Code/jori/dist/layout-hunt/chat-causes-all.json
CHAT-F01,CHAT-F01,confirmed,CHAT-023,cold-375,,,/Users/albin/Code/jori/dist/layout-hunt/before/chat/CHAT-023/cold-375/before.png,/Users/albin/Code/jori/dist/layout-hunt/before/chat/CHAT-023/cold-375/0.png,/Users/albin/Code/jori/dist/layout-hunt/before/chat/CHAT-023/cold-375/record.json,/Users/albin/Code/jori/dist/layout-hunt/chat-causes-all.json
CHAT-F01,CHAT-F01,confirmed,CHAT-023,warm-1440,,,/Users/albin/Code/jori/dist/layout-hunt/before/chat/CHAT-023/warm-1440/before.png,/Users/albin/Code/jori/dist/layout-hunt/before/chat/CHAT-023/warm-1440/0.png,/Users/albin/Code/jori/dist/layout-hunt/before/chat/CHAT-023/warm-1440/record.json,/Users/albin/Code/jori/dist/layout-hunt/chat-causes-all.json
CHAT-F01,CHAT-F01,confirmed,CHAT-023,warm-375,,,/Users/albin/Code/jori/dist/layout-hunt/before/chat/CHAT-023/warm-375/before.png,/Users/albin/Code/jori/dist/layout-hunt/before/chat/CHAT-023/warm-375/0.png,/Users/albin/Code/jori/dist/layout-hunt/before/chat/CHAT-023/warm-375/record.json,/Users/albin/Code/jori/dist/layout-hunt/chat-causes-all.json
CHAT-F01,CHAT-F01,confirmed,CHAT-024,cold-1440,,,/Users/albin/Code/jori/dist/layout-hunt/before/chat/CHAT-024/cold-1440/before.png,/Users/albin/Code/jori/dist/layout-hunt/before/chat/CHAT-024/cold-1440/0.png,/Users/albin/Code/jori/dist/layout-hunt/before/chat/CHAT-024/cold-1440/record.json,/Users/albin/Code/jori/dist/layout-hunt/chat-causes-all.json
CHAT-F01,CHAT-F01,confirmed,CHAT-024,cold-375,,,/Users/albin/Code/jori/dist/layout-hunt/before/chat/CHAT-024/cold-375/before.png,/Users/albin/Code/jori/dist/layout-hunt/before/chat/CHAT-024/cold-375/0.png,/Users/albin/Code/jori/dist/layout-hunt/before/chat/CHAT-024/cold-375/record.json,/Users/albin/Code/jori/dist/layout-hunt/chat-causes-all.json
CHAT-F01,CHAT-F01,confirmed,CHAT-024,warm-1440,,,/Users/albin/Code/jori/dist/layout-hunt/before/chat/CHAT-024/warm-1440/before.png,/Users/albin/Code/jori/dist/layout-hunt/before/chat/CHAT-024/warm-1440/0.png,/Users/albin/Code/jori/dist/layout-hunt/before/chat/CHAT-024/warm-1440/record.json,/Users/albin/Code/jori/dist/layout-hunt/chat-causes-all.json
CHAT-F01,CHAT-F01,confirmed,CHAT-024,warm-375,,,/Users/albin/Code/jori/dist/layout-hunt/before/chat/CHAT-024/warm-375/before.png,/Users/albin/Code/jori/dist/layout-hunt/before/chat/CHAT-024/warm-375/0.png,/Users/albin/Code/jori/dist/layout-hunt/before/chat/CHAT-024/warm-375/record.json,/Users/albin/Code/jori/dist/layout-hunt/chat-causes-all.json
CHAT-F01,CHAT-F01,confirmed,CHAT-025,cold-1440,,,/Users/albin/Code/jori/dist/layout-hunt/before/chat/CHAT-025/cold-1440/before.png,/Users/albin/Code/jori/dist/layout-hunt/before/chat/CHAT-025/cold-1440/0.png,/Users/albin/Code/jori/dist/layout-hunt/before/chat/CHAT-025/cold-1440/record.json,/Users/albin/Code/jori/dist/layout-hunt/chat-causes-all.json
CHAT-F01,CHAT-F01,confirmed,CHAT-025,cold-375,,,/Users/albin/Code/jori/dist/layout-hunt/before/chat/CHAT-025/cold-375/before.png,/Users/albin/Code/jori/dist/layout-hunt/before/chat/CHAT-025/cold-375/0.png,/Users/albin/Code/jori/dist/layout-hunt/before/chat/CHAT-025/cold-375/record.json,/Users/albin/Code/jori/dist/layout-hunt/chat-causes-all.json
CHAT-F01,CHAT-F01,confirmed,CHAT-025,warm-1440,,,/Users/albin/Code/jori/dist/layout-hunt/before/chat/CHAT-025/warm-1440/before.png,/Users/albin/Code/jori/dist/layout-hunt/before/chat/CHAT-025/warm-1440/0.png,/Users/albin/Code/jori/dist/layout-hunt/before/chat/CHAT-025/warm-1440/record.json,/Users/albin/Code/jori/dist/layout-hunt/chat-causes-all.json
CHAT-F01,CHAT-F01,confirmed,CHAT-025,warm-375,,,/Users/albin/Code/jori/dist/layout-hunt/before/chat/CHAT-025/warm-375/before.png,/Users/albin/Code/jori/dist/layout-hunt/before/chat/CHAT-025/warm-375/0.png,/Users/albin/Code/jori/dist/layout-hunt/before/chat/CHAT-025/warm-375/record.json,/Users/albin/Code/jori/dist/layout-hunt/chat-causes-all.json
CHAT-F01,CHAT-F01,confirmed,CHAT-026,cold-1440,,,/Users/albin/Code/jori/dist/layout-hunt/before/chat/CHAT-026/cold-1440/before.png,/Users/albin/Code/jori/dist/layout-hunt/before/chat/CHAT-026/cold-1440/0.png,/Users/albin/Code/jori/dist/layout-hunt/before/chat/CHAT-026/cold-1440/record.json,/Users/albin/Code/jori/dist/layout-hunt/chat-causes-all.json
CHAT-F01,CHAT-F01,confirmed,CHAT-026,cold-375,,,/Users/albin/Code/jori/dist/layout-hunt/before/chat/CHAT-026/cold-375/before.png,/Users/albin/Code/jori/dist/layout-hunt/before/chat/CHAT-026/cold-375/0.png,/Users/albin/Code/jori/dist/layout-hunt/before/chat/CHAT-026/cold-375/record.json,/Users/albin/Code/jori/dist/layout-hunt/chat-causes-all.json
CHAT-F01,CHAT-F01,confirmed,CHAT-026,warm-1440,,,/Users/albin/Code/jori/dist/layout-hunt/before/chat/CHAT-026/warm-1440/before.png,/Users/albin/Code/jori/dist/layout-hunt/before/chat/CHAT-026/warm-1440/0.png,/Users/albin/Code/jori/dist/layout-hunt/before/chat/CHAT-026/warm-1440/record.json,/Users/albin/Code/jori/dist/layout-hunt/chat-causes-all.json
CHAT-F01,CHAT-F01,confirmed,CHAT-026,warm-375,,,/Users/albin/Code/jori/dist/layout-hunt/before/chat/CHAT-026/warm-375/before.png,/Users/albin/Code/jori/dist/layout-hunt/before/chat/CHAT-026/warm-375/0.png,/Users/albin/Code/jori/dist/layout-hunt/before/chat/CHAT-026/warm-375/record.json,/Users/albin/Code/jori/dist/layout-hunt/chat-causes-all.json
CHAT-F01,CHAT-F01,confirmed,CHAT-106,cold-1440,,,/Users/albin/Code/jori/dist/layout-hunt/before/chat-v3/CHAT-106/cold-1440/before.png,/Users/albin/Code/jori/dist/layout-hunt/before/chat-v3/CHAT-106/cold-1440/0.png,/Users/albin/Code/jori/dist/layout-hunt/before/chat-v3/CHAT-106/cold-1440/record.json,/Users/albin/Code/jori/dist/layout-hunt/chat-causes-all.json
CHAT-F01,CHAT-F01,confirmed,CHAT-106,cold-375,,,/Users/albin/Code/jori/dist/layout-hunt/before/chat-v3/CHAT-106/cold-375/before.png,/Users/albin/Code/jori/dist/layout-hunt/before/chat-v3/CHAT-106/cold-375/0.png,/Users/albin/Code/jori/dist/layout-hunt/before/chat-v3/CHAT-106/cold-375/record.json,/Users/albin/Code/jori/dist/layout-hunt/chat-causes-all.json
CHAT-F01,CHAT-F01,confirmed,CHAT-106,warm-1440,,,/Users/albin/Code/jori/dist/layout-hunt/before/chat-v3/CHAT-106/warm-1440/before.png,/Users/albin/Code/jori/dist/layout-hunt/before/chat-v3/CHAT-106/warm-1440/0.png,/Users/albin/Code/jori/dist/layout-hunt/before/chat-v3/CHAT-106/warm-1440/record.json,/Users/albin/Code/jori/dist/layout-hunt/chat-causes-all.json
CHAT-F01,CHAT-F01,confirmed,CHAT-106,warm-375,,,/Users/albin/Code/jori/dist/layout-hunt/before/chat-v3/CHAT-106/warm-375/before.png,/Users/albin/Code/jori/dist/layout-hunt/before/chat-v3/CHAT-106/warm-375/0.png,/Users/albin/Code/jori/dist/layout-hunt/before/chat-v3/CHAT-106/warm-375/record.json,/Users/albin/Code/jori/dist/layout-hunt/chat-causes-all.json
CHAT-F02,CHAT-F02,confirmed,CHAT-002,cold-1440,2102,,/Users/albin/Code/jori/dist/layout-hunt/before/chat/CHAT-002/cold-1440/1000.png,/Users/albin/Code/jori/dist/layout-hunt/before/chat/CHAT-002/cold-1440/3000.png,/Users/albin/Code/jori/dist/layout-hunt/before/chat/CHAT-002/cold-1440/record.json,/Users/albin/Code/jori/dist/layout-hunt/chat-causes-all.json
CHAT-F06,CHAT-F06,confirmed,CHAT-027,cold-1440,,,/Users/albin/Code/jori/dist/layout-hunt/before/chat/CHAT-027/cold-1440/before.png,/Users/albin/Code/jori/dist/layout-hunt/before/chat/CHAT-027/cold-1440/0.png,/Users/albin/Code/jori/dist/layout-hunt/before/chat/CHAT-027/cold-1440/record.json,/Users/albin/Code/jori/dist/layout-hunt/chat-causes-all.json
CHAT-F06,CHAT-F06,confirmed,CHAT-027,cold-375,,,/Users/albin/Code/jori/dist/layout-hunt/before/chat/CHAT-027/cold-375/before.png,/Users/albin/Code/jori/dist/layout-hunt/before/chat/CHAT-027/cold-375/0.png,/Users/albin/Code/jori/dist/layout-hunt/before/chat/CHAT-027/cold-375/record.json,/Users/albin/Code/jori/dist/layout-hunt/chat-causes-all.json
CHAT-F06,CHAT-F06,confirmed,CHAT-027,warm-1440,,,/Users/albin/Code/jori/dist/layout-hunt/before/chat/CHAT-027/warm-1440/before.png,/Users/albin/Code/jori/dist/layout-hunt/before/chat/CHAT-027/warm-1440/0.png,/Users/albin/Code/jori/dist/layout-hunt/before/chat/CHAT-027/warm-1440/record.json,/Users/albin/Code/jori/dist/layout-hunt/chat-causes-all.json
CHAT-F06,CHAT-F06,confirmed,CHAT-027,warm-375,,,/Users/albin/Code/jori/dist/layout-hunt/before/chat/CHAT-027/warm-375/before.png,/Users/albin/Code/jori/dist/layout-hunt/before/chat/CHAT-027/warm-375/0.png,/Users/albin/Code/jori/dist/layout-hunt/before/chat/CHAT-027/warm-375/record.json,/Users/albin/Code/jori/dist/layout-hunt/chat-causes-all.json
CHAT-F06,CHAT-F06,confirmed,CHAT-028,cold-1440,,,/Users/albin/Code/jori/dist/layout-hunt/before/chat/CHAT-028/cold-1440/before.png,/Users/albin/Code/jori/dist/layout-hunt/before/chat/CHAT-028/cold-1440/0.png,/Users/albin/Code/jori/dist/layout-hunt/before/chat/CHAT-028/cold-1440/record.json,/Users/albin/Code/jori/dist/layout-hunt/chat-causes-all.json
CHAT-F06,CHAT-F06,confirmed,CHAT-028,cold-375,,,/Users/albin/Code/jori/dist/layout-hunt/before/chat/CHAT-028/cold-375/before.png,/Users/albin/Code/jori/dist/layout-hunt/before/chat/CHAT-028/cold-375/0.png,/Users/albin/Code/jori/dist/layout-hunt/before/chat/CHAT-028/cold-375/record.json,/Users/albin/Code/jori/dist/layout-hunt/chat-causes-all.json
CHAT-F06,CHAT-F06,confirmed,CHAT-028,warm-1440,,,/Users/albin/Code/jori/dist/layout-hunt/before/chat/CHAT-028/warm-1440/before.png,/Users/albin/Code/jori/dist/layout-hunt/before/chat/CHAT-028/warm-1440/0.png,/Users/albin/Code/jori/dist/layout-hunt/before/chat/CHAT-028/warm-1440/record.json,/Users/albin/Code/jori/dist/layout-hunt/chat-causes-all.json
CHAT-F06,CHAT-F06,confirmed,CHAT-028,warm-375,,,/Users/albin/Code/jori/dist/layout-hunt/before/chat/CHAT-028/warm-375/before.png,/Users/albin/Code/jori/dist/layout-hunt/before/chat/CHAT-028/warm-375/0.png,/Users/albin/Code/jori/dist/layout-hunt/before/chat/CHAT-028/warm-375/record.json,/Users/albin/Code/jori/dist/layout-hunt/chat-causes-all.json
CHAT-F06,CHAT-F06,confirmed,CHAT-037,cold-1440,26,,/Users/albin/Code/jori/dist/layout-hunt/before/chat/CHAT-037/cold-1440/before.png,/Users/albin/Code/jori/dist/layout-hunt/before/chat/CHAT-037/cold-1440/0.png,/Users/albin/Code/jori/dist/layout-hunt/before/chat/CHAT-037/cold-1440/record.json,/Users/albin/Code/jori/dist/layout-hunt/chat-causes-all.json
CHAT-F06,CHAT-F06,confirmed,CHAT-037,cold-375,20,,/Users/albin/Code/jori/dist/layout-hunt/before/chat/CHAT-037/cold-375/before.png,/Users/albin/Code/jori/dist/layout-hunt/before/chat/CHAT-037/cold-375/0.png,/Users/albin/Code/jori/dist/layout-hunt/before/chat/CHAT-037/cold-375/record.json,/Users/albin/Code/jori/dist/layout-hunt/chat-causes-all.json
CHAT-F06,CHAT-F06,confirmed,CHAT-037,warm-1440,19,,/Users/albin/Code/jori/dist/layout-hunt/before/chat/CHAT-037/warm-1440/before.png,/Users/albin/Code/jori/dist/layout-hunt/before/chat/CHAT-037/warm-1440/0.png,/Users/albin/Code/jori/dist/layout-hunt/before/chat/CHAT-037/warm-1440/record.json,/Users/albin/Code/jori/dist/layout-hunt/chat-causes-all.json
CHAT-F06,CHAT-F06,confirmed,CHAT-037,warm-375,11,,/Users/albin/Code/jori/dist/layout-hunt/before/chat/CHAT-037/warm-375/before.png,/Users/albin/Code/jori/dist/layout-hunt/before/chat/CHAT-037/warm-375/0.png,/Users/albin/Code/jori/dist/layout-hunt/before/chat/CHAT-037/warm-375/record.json,/Users/albin/Code/jori/dist/layout-hunt/chat-causes-all.json
CHAT-F07,CHAT-F07,confirmed,CHAT-043,cold-1440,,,/Users/albin/Code/jori/dist/layout-hunt/before/chat/CHAT-043/cold-1440/before.png,/Users/albin/Code/jori/dist/layout-hunt/before/chat/CHAT-043/cold-1440/0.png,/Users/albin/Code/jori/dist/layout-hunt/before/chat/CHAT-043/cold-1440/record.json,/Users/albin/Code/jori/dist/layout-hunt/chat-causes-all.json
CHAT-F07,CHAT-F07,confirmed,CHAT-043,cold-375,,,/Users/albin/Code/jori/dist/layout-hunt/before/chat/CHAT-043/cold-375/before.png,/Users/albin/Code/jori/dist/layout-hunt/before/chat/CHAT-043/cold-375/0.png,/Users/albin/Code/jori/dist/layout-hunt/before/chat/CHAT-043/cold-375/record.json,/Users/albin/Code/jori/dist/layout-hunt/chat-causes-all.json
CHAT-F07,CHAT-F07,confirmed,CHAT-043,warm-1440,,,/Users/albin/Code/jori/dist/layout-hunt/before/chat/CHAT-043/warm-1440/before.png,/Users/albin/Code/jori/dist/layout-hunt/before/chat/CHAT-043/warm-1440/0.png,/Users/albin/Code/jori/dist/layout-hunt/before/chat/CHAT-043/warm-1440/record.json,/Users/albin/Code/jori/dist/layout-hunt/chat-causes-all.json
CHAT-F07,CHAT-F07,confirmed,CHAT-043,warm-375,,,/Users/albin/Code/jori/dist/layout-hunt/before/chat/CHAT-043/warm-375/before.png,/Users/albin/Code/jori/dist/layout-hunt/before/chat/CHAT-043/warm-375/0.png,/Users/albin/Code/jori/dist/layout-hunt/before/chat/CHAT-043/warm-375/record.json,/Users/albin/Code/jori/dist/layout-hunt/chat-causes-all.json
CHAT-F07,CHAT-F07,confirmed,CHAT-044,cold-1440,73,,/Users/albin/Code/jori/dist/layout-hunt/before/chat/CHAT-044/cold-1440/before.png,/Users/albin/Code/jori/dist/layout-hunt/before/chat/CHAT-044/cold-1440/0.png,/Users/albin/Code/jori/dist/layout-hunt/before/chat/CHAT-044/cold-1440/record.json,/Users/albin/Code/jori/dist/layout-hunt/chat-causes-all.json
CHAT-F07,CHAT-F07,confirmed,CHAT-044,cold-375,83,,/Users/albin/Code/jori/dist/layout-hunt/before/chat/CHAT-044/cold-375/before.png,/Users/albin/Code/jori/dist/layout-hunt/before/chat/CHAT-044/cold-375/0.png,/Users/albin/Code/jori/dist/layout-hunt/before/chat/CHAT-044/cold-375/record.json,/Users/albin/Code/jori/dist/layout-hunt/chat-causes-all.json
CHAT-F07,CHAT-F07,confirmed,CHAT-044,warm-1440,43,,/Users/albin/Code/jori/dist/layout-hunt/before/chat/CHAT-044/warm-1440/before.png,/Users/albin/Code/jori/dist/layout-hunt/before/chat/CHAT-044/warm-1440/0.png,/Users/albin/Code/jori/dist/layout-hunt/before/chat/CHAT-044/warm-1440/record.json,/Users/albin/Code/jori/dist/layout-hunt/chat-causes-all.json
CHAT-F07,CHAT-F07,confirmed,CHAT-044,warm-375,30,,/Users/albin/Code/jori/dist/layout-hunt/before/chat/CHAT-044/warm-375/before.png,/Users/albin/Code/jori/dist/layout-hunt/before/chat/CHAT-044/warm-375/0.png,/Users/albin/Code/jori/dist/layout-hunt/before/chat/CHAT-044/warm-375/record.json,/Users/albin/Code/jori/dist/layout-hunt/chat-causes-all.json
CHAT-F07,CHAT-F07,confirmed,CHAT-095,cold-1440,,,/Users/albin/Code/jori/dist/layout-hunt/before/chat/CHAT-095/cold-1440/before.png,/Users/albin/Code/jori/dist/layout-hunt/before/chat/CHAT-095/cold-1440/0.png,/Users/albin/Code/jori/dist/layout-hunt/before/chat/CHAT-095/cold-1440/record.json,/Users/albin/Code/jori/dist/layout-hunt/chat-causes-all.json
CHAT-F07,CHAT-F07,confirmed,CHAT-095,cold-375,,,/Users/albin/Code/jori/dist/layout-hunt/before/chat/CHAT-095/cold-375/before.png,/Users/albin/Code/jori/dist/layout-hunt/before/chat/CHAT-095/cold-375/0.png,/Users/albin/Code/jori/dist/layout-hunt/before/chat/CHAT-095/cold-375/record.json,/Users/albin/Code/jori/dist/layout-hunt/chat-causes-all.json
CHAT-F07,CHAT-F07,confirmed,CHAT-095,warm-1440,,,/Users/albin/Code/jori/dist/layout-hunt/before/chat/CHAT-095/warm-1440/before.png,/Users/albin/Code/jori/dist/layout-hunt/before/chat/CHAT-095/warm-1440/0.png,/Users/albin/Code/jori/dist/layout-hunt/before/chat/CHAT-095/warm-1440/record.json,/Users/albin/Code/jori/dist/layout-hunt/chat-causes-all.json
CHAT-F07,CHAT-F07,confirmed,CHAT-095,warm-375,,,/Users/albin/Code/jori/dist/layout-hunt/before/chat/CHAT-095/warm-375/before.png,/Users/albin/Code/jori/dist/layout-hunt/before/chat/CHAT-095/warm-375/0.png,/Users/albin/Code/jori/dist/layout-hunt/before/chat/CHAT-095/warm-375/record.json,/Users/albin/Code/jori/dist/layout-hunt/chat-causes-all.json
CHAT-F07,CHAT-F07,confirmed,CHAT-096,cold-1440,269,,/Users/albin/Code/jori/dist/layout-hunt/before/chat/CHAT-096/cold-1440/before.png,/Users/albin/Code/jori/dist/layout-hunt/before/chat/CHAT-096/cold-1440/0.png,/Users/albin/Code/jori/dist/layout-hunt/before/chat/CHAT-096/cold-1440/record.json,/Users/albin/Code/jori/dist/layout-hunt/chat-causes-all.json
CHAT-F07,CHAT-F07,confirmed,CHAT-096,cold-375,201,,/Users/albin/Code/jori/dist/layout-hunt/before/chat/CHAT-096/cold-375/before.png,/Users/albin/Code/jori/dist/layout-hunt/before/chat/CHAT-096/cold-375/0.png,/Users/albin/Code/jori/dist/layout-hunt/before/chat/CHAT-096/cold-375/record.json,/Users/albin/Code/jori/dist/layout-hunt/chat-causes-all.json
CHAT-F07,CHAT-F07,confirmed,CHAT-096,warm-1440,194,,/Users/albin/Code/jori/dist/layout-hunt/before/chat/CHAT-096/warm-1440/before.png,/Users/albin/Code/jori/dist/layout-hunt/before/chat/CHAT-096/warm-1440/0.png,/Users/albin/Code/jori/dist/layout-hunt/before/chat/CHAT-096/warm-1440/record.json,/Users/albin/Code/jori/dist/layout-hunt/chat-causes-all.json
CHAT-F07,CHAT-F07,confirmed,CHAT-096,warm-375,287,,/Users/albin/Code/jori/dist/layout-hunt/before/chat/CHAT-096/warm-375/before.png,/Users/albin/Code/jori/dist/layout-hunt/before/chat/CHAT-096/warm-375/0.png,/Users/albin/Code/jori/dist/layout-hunt/before/chat/CHAT-096/warm-375/record.json,/Users/albin/Code/jori/dist/layout-hunt/chat-causes-all.json
CHAT-F08,CHAT-F08,confirmed,CHAT-044,cold-1440,,,/Users/albin/Code/jori/dist/layout-hunt/before/chat/CHAT-044/cold-1440/before.png,/Users/albin/Code/jori/dist/layout-hunt/before/chat/CHAT-044/cold-1440/0.png,/Users/albin/Code/jori/dist/layout-hunt/before/chat/CHAT-044/cold-1440/record.json,/Users/albin/Code/jori/dist/layout-hunt/chat-causes-all.json
CHAT-F08,CHAT-F08,confirmed,CHAT-044,cold-375,,,/Users/albin/Code/jori/dist/layout-hunt/before/chat/CHAT-044/cold-375/before.png,/Users/albin/Code/jori/dist/layout-hunt/before/chat/CHAT-044/cold-375/0.png,/Users/albin/Code/jori/dist/layout-hunt/before/chat/CHAT-044/cold-375/record.json,/Users/albin/Code/jori/dist/layout-hunt/chat-causes-all.json
CHAT-F09,CHAT-F09,confirmed,CHAT-049,warm-375,3025,,/Users/albin/Code/jori/dist/layout-hunt/before/chat/CHAT-049/warm-375/before.png,/Users/albin/Code/jori/dist/layout-hunt/before/chat/CHAT-049/warm-375/0.png,/Users/albin/Code/jori/dist/layout-hunt/before/chat/CHAT-049/warm-375/record.json,/Users/albin/Code/jori/dist/layout-hunt/chat-causes-all.json
CHAT-F09,CHAT-F09,confirmed,CHAT-050,cold-1440,126,,/Users/albin/Code/jori/dist/layout-hunt/before/chat/CHAT-050/cold-1440/before.png,/Users/albin/Code/jori/dist/layout-hunt/before/chat/CHAT-050/cold-1440/0.png,/Users/albin/Code/jori/dist/layout-hunt/before/chat/CHAT-050/cold-1440/record.json,/Users/albin/Code/jori/dist/layout-hunt/chat-causes-all.json
CHAT-F09,CHAT-F09,confirmed,CHAT-050,cold-375,"134,3175",,/Users/albin/Code/jori/dist/layout-hunt/before/chat/CHAT-050/cold-375/before.png,/Users/albin/Code/jori/dist/layout-hunt/before/chat/CHAT-050/cold-375/0.png,/Users/albin/Code/jori/dist/layout-hunt/before/chat/CHAT-050/cold-375/record.json,/Users/albin/Code/jori/dist/layout-hunt/chat-causes-all.json
CHAT-F09,CHAT-F09,confirmed,CHAT-050,warm-1440,58,,/Users/albin/Code/jori/dist/layout-hunt/before/chat/CHAT-050/warm-1440/before.png,/Users/albin/Code/jori/dist/layout-hunt/before/chat/CHAT-050/warm-1440/0.png,/Users/albin/Code/jori/dist/layout-hunt/before/chat/CHAT-050/warm-1440/record.json,/Users/albin/Code/jori/dist/layout-hunt/chat-causes-all.json
CHAT-F09,CHAT-F09,confirmed,CHAT-050,warm-375,"54,2715",,/Users/albin/Code/jori/dist/layout-hunt/before/chat/CHAT-050/warm-375/before.png,/Users/albin/Code/jori/dist/layout-hunt/before/chat/CHAT-050/warm-375/0.png,/Users/albin/Code/jori/dist/layout-hunt/before/chat/CHAT-050/warm-375/record.json,/Users/albin/Code/jori/dist/layout-hunt/chat-causes-all.json
CHAT-F09,CHAT-F09,confirmed,CHAT-051,warm-375,3027,,/Users/albin/Code/jori/dist/layout-hunt/before/chat/CHAT-051/warm-375/before.png,/Users/albin/Code/jori/dist/layout-hunt/before/chat/CHAT-051/warm-375/0.png,/Users/albin/Code/jori/dist/layout-hunt/before/chat/CHAT-051/warm-375/record.json,/Users/albin/Code/jori/dist/layout-hunt/chat-causes-all.json
CHAT-F09,CHAT-F09,confirmed,CHAT-052,cold-1440,92,,/Users/albin/Code/jori/dist/layout-hunt/before/chat/CHAT-052/cold-1440/before.png,/Users/albin/Code/jori/dist/layout-hunt/before/chat/CHAT-052/cold-1440/0.png,/Users/albin/Code/jori/dist/layout-hunt/before/chat/CHAT-052/cold-1440/record.json,/Users/albin/Code/jori/dist/layout-hunt/chat-causes-all.json
CHAT-F09,CHAT-F09,confirmed,CHAT-052,cold-375,"114,3087",,/Users/albin/Code/jori/dist/layout-hunt/before/chat/CHAT-052/cold-375/before.png,/Users/albin/Code/jori/dist/layout-hunt/before/chat/CHAT-052/cold-375/0.png,/Users/albin/Code/jori/dist/layout-hunt/before/chat/CHAT-052/cold-375/record.json,/Users/albin/Code/jori/dist/layout-hunt/chat-causes-all.json
CHAT-F09,CHAT-F09,confirmed,CHAT-052,warm-1440,61,,/Users/albin/Code/jori/dist/layout-hunt/before/chat/CHAT-052/warm-1440/before.png,/Users/albin/Code/jori/dist/layout-hunt/before/chat/CHAT-052/warm-1440/0.png,/Users/albin/Code/jori/dist/layout-hunt/before/chat/CHAT-052/warm-1440/record.json,/Users/albin/Code/jori/dist/layout-hunt/chat-causes-all.json
CHAT-F09,CHAT-F09,confirmed,CHAT-052,warm-375,"34,2709",,/Users/albin/Code/jori/dist/layout-hunt/before/chat/CHAT-052/warm-375/before.png,/Users/albin/Code/jori/dist/layout-hunt/before/chat/CHAT-052/warm-375/0.png,/Users/albin/Code/jori/dist/layout-hunt/before/chat/CHAT-052/warm-375/record.json,/Users/albin/Code/jori/dist/layout-hunt/chat-causes-all.json
CHAT-F09,CHAT-F09,confirmed,CHAT-057,cold-1440,56,,/Users/albin/Code/jori/dist/layout-hunt/before/chat/CHAT-057/cold-1440/before.png,/Users/albin/Code/jori/dist/layout-hunt/before/chat/CHAT-057/cold-1440/0.png,/Users/albin/Code/jori/dist/layout-hunt/before/chat/CHAT-057/cold-1440/record.json,/Users/albin/Code/jori/dist/layout-hunt/chat-causes-all.json
CHAT-F09,CHAT-F09,confirmed,CHAT-057,cold-375,67,,/Users/albin/Code/jori/dist/layout-hunt/before/chat/CHAT-057/cold-375/before.png,/Users/albin/Code/jori/dist/layout-hunt/before/chat/CHAT-057/cold-375/0.png,/Users/albin/Code/jori/dist/layout-hunt/before/chat/CHAT-057/cold-375/record.json,/Users/albin/Code/jori/dist/layout-hunt/chat-causes-all.json
CHAT-F09,CHAT-F09,confirmed,CHAT-057,warm-1440,50,,/Users/albin/Code/jori/dist/layout-hunt/before/chat/CHAT-057/warm-1440/before.png,/Users/albin/Code/jori/dist/layout-hunt/before/chat/CHAT-057/warm-1440/0.png,/Users/albin/Code/jori/dist/layout-hunt/before/chat/CHAT-057/warm-1440/record.json,/Users/albin/Code/jori/dist/layout-hunt/chat-causes-all.json
CHAT-F09,CHAT-F09,confirmed,CHAT-057,warm-375,32,,/Users/albin/Code/jori/dist/layout-hunt/before/chat/CHAT-057/warm-375/before.png,/Users/albin/Code/jori/dist/layout-hunt/before/chat/CHAT-057/warm-375/0.png,/Users/albin/Code/jori/dist/layout-hunt/before/chat/CHAT-057/warm-375/record.json,/Users/albin/Code/jori/dist/layout-hunt/chat-causes-all.json
CHAT-F09,CHAT-F09,confirmed,CHAT-079,cold-1440,286,,/Users/albin/Code/jori/dist/layout-hunt/before/chat/CHAT-079/cold-1440/before.png,/Users/albin/Code/jori/dist/layout-hunt/before/chat/CHAT-079/cold-1440/0.png,/Users/albin/Code/jori/dist/layout-hunt/before/chat/CHAT-079/cold-1440/record.json,/Users/albin/Code/jori/dist/layout-hunt/chat-causes-all.json
CHAT-F09,CHAT-F09,confirmed,CHAT-079,cold-375,"169,3090",,/Users/albin/Code/jori/dist/layout-hunt/before/chat/CHAT-079/cold-375/before.png,/Users/albin/Code/jori/dist/layout-hunt/before/chat/CHAT-079/cold-375/0.png,/Users/albin/Code/jori/dist/layout-hunt/before/chat/CHAT-079/cold-375/record.json,/Users/albin/Code/jori/dist/layout-hunt/chat-causes-all.json
CHAT-F09,CHAT-F09,confirmed,CHAT-079,warm-1440,168,,/Users/albin/Code/jori/dist/layout-hunt/before/chat/CHAT-079/warm-1440/before.png,/Users/albin/Code/jori/dist/layout-hunt/before/chat/CHAT-079/warm-1440/0.png,/Users/albin/Code/jori/dist/layout-hunt/before/chat/CHAT-079/warm-1440/record.json,/Users/albin/Code/jori/dist/layout-hunt/chat-causes-all.json
CHAT-F09,CHAT-F09,confirmed,CHAT-079,warm-375,"71,2739",,/Users/albin/Code/jori/dist/layout-hunt/before/chat/CHAT-079/warm-375/before.png,/Users/albin/Code/jori/dist/layout-hunt/before/chat/CHAT-079/warm-375/0.png,/Users/albin/Code/jori/dist/layout-hunt/before/chat/CHAT-079/warm-375/record.json,/Users/albin/Code/jori/dist/layout-hunt/chat-causes-all.json
CHAT-F09,CHAT-F09,confirmed,CHAT-090,cold-1440,81,,/Users/albin/Code/jori/dist/layout-hunt/before/chat/CHAT-090/cold-1440/before.png,/Users/albin/Code/jori/dist/layout-hunt/before/chat/CHAT-090/cold-1440/0.png,/Users/albin/Code/jori/dist/layout-hunt/before/chat/CHAT-090/cold-1440/record.json,/Users/albin/Code/jori/dist/layout-hunt/chat-causes-all.json
CHAT-F09,CHAT-F09,confirmed,CHAT-090,cold-375,68,,/Users/albin/Code/jori/dist/layout-hunt/before/chat/CHAT-090/cold-375/before.png,/Users/albin/Code/jori/dist/layout-hunt/before/chat/CHAT-090/cold-375/0.png,/Users/albin/Code/jori/dist/layout-hunt/before/chat/CHAT-090/cold-375/record.json,/Users/albin/Code/jori/dist/layout-hunt/chat-causes-all.json
CHAT-F09,CHAT-F09,confirmed,CHAT-090,warm-1440,41,,/Users/albin/Code/jori/dist/layout-hunt/before/chat/CHAT-090/warm-1440/before.png,/Users/albin/Code/jori/dist/layout-hunt/before/chat/CHAT-090/warm-1440/0.png,/Users/albin/Code/jori/dist/layout-hunt/before/chat/CHAT-090/warm-1440/record.json,/Users/albin/Code/jori/dist/layout-hunt/chat-causes-all.json
CHAT-F09,CHAT-F09,confirmed,CHAT-090,warm-375,32,,/Users/albin/Code/jori/dist/layout-hunt/before/chat/CHAT-090/warm-375/before.png,/Users/albin/Code/jori/dist/layout-hunt/before/chat/CHAT-090/warm-375/0.png,/Users/albin/Code/jori/dist/layout-hunt/before/chat/CHAT-090/warm-375/record.json,/Users/albin/Code/jori/dist/layout-hunt/chat-causes-all.json
CHAT-F09,CHAT-F09,confirmed,CHAT-G07,cold-1440,134,,/Users/albin/Code/jori/dist/layout-hunt/before/chat/CHAT-G07/cold-1440/before.png,/Users/albin/Code/jori/dist/layout-hunt/before/chat/CHAT-G07/cold-1440/0.png,/Users/albin/Code/jori/dist/layout-hunt/before/chat/CHAT-G07/cold-1440/record.json,/Users/albin/Code/jori/dist/layout-hunt/chat-causes-all.json
CHAT-F09,CHAT-F09,confirmed,CHAT-G07,cold-375,"157,3057",,/Users/albin/Code/jori/dist/layout-hunt/before/chat/CHAT-G07/cold-375/before.png,/Users/albin/Code/jori/dist/layout-hunt/before/chat/CHAT-G07/cold-375/0.png,/Users/albin/Code/jori/dist/layout-hunt/before/chat/CHAT-G07/cold-375/record.json,/Users/albin/Code/jori/dist/layout-hunt/chat-causes-all.json
CHAT-F09,CHAT-F09,confirmed,CHAT-G07,warm-1440,93,,/Users/albin/Code/jori/dist/layout-hunt/before/chat/CHAT-G07/warm-1440/before.png,/Users/albin/Code/jori/dist/layout-hunt/before/chat/CHAT-G07/warm-1440/0.png,/Users/albin/Code/jori/dist/layout-hunt/before/chat/CHAT-G07/warm-1440/record.json,/Users/albin/Code/jori/dist/layout-hunt/chat-causes-all.json
CHAT-F09,CHAT-F09,confirmed,CHAT-G07,warm-375,"53,2710",,/Users/albin/Code/jori/dist/layout-hunt/before/chat/CHAT-G07/warm-375/before.png,/Users/albin/Code/jori/dist/layout-hunt/before/chat/CHAT-G07/warm-375/0.png,/Users/albin/Code/jori/dist/layout-hunt/before/chat/CHAT-G07/warm-375/record.json,/Users/albin/Code/jori/dist/layout-hunt/chat-causes-all.json
CHAT-F09,CHAT-F09,confirmed,CHAT-G10,cold-1440,,,/Users/albin/Code/jori/dist/layout-hunt/before/chat/CHAT-G10/cold-1440/before.png,/Users/albin/Code/jori/dist/layout-hunt/before/chat/CHAT-G10/cold-1440/0.png,/Users/albin/Code/jori/dist/layout-hunt/before/chat/CHAT-G10/cold-1440/record.json,/Users/albin/Code/jori/dist/layout-hunt/chat-causes-all.json
CHAT-F09,CHAT-F09,confirmed,CHAT-G10,cold-375,,,/Users/albin/Code/jori/dist/layout-hunt/before/chat/CHAT-G10/cold-375/before.png,/Users/albin/Code/jori/dist/layout-hunt/before/chat/CHAT-G10/cold-375/0.png,/Users/albin/Code/jori/dist/layout-hunt/before/chat/CHAT-G10/cold-375/record.json,/Users/albin/Code/jori/dist/layout-hunt/chat-causes-all.json
CHAT-F09,CHAT-F09,confirmed,CHAT-G10,warm-1440,,,/Users/albin/Code/jori/dist/layout-hunt/before/chat/CHAT-G10/warm-1440/before.png,/Users/albin/Code/jori/dist/layout-hunt/before/chat/CHAT-G10/warm-1440/0.png,/Users/albin/Code/jori/dist/layout-hunt/before/chat/CHAT-G10/warm-1440/record.json,/Users/albin/Code/jori/dist/layout-hunt/chat-causes-all.json
CHAT-F09,CHAT-F09,confirmed,CHAT-G10,warm-375,3027,,/Users/albin/Code/jori/dist/layout-hunt/before/chat/CHAT-G10/warm-375/before.png,/Users/albin/Code/jori/dist/layout-hunt/before/chat/CHAT-G10/warm-375/0.png,/Users/albin/Code/jori/dist/layout-hunt/before/chat/CHAT-G10/warm-375/record.json,/Users/albin/Code/jori/dist/layout-hunt/chat-causes-all.json
CHAT-F09,CHAT-F09,confirmed,CHAT-L02,warm-1440,21530,,/Users/albin/Code/jori/dist/layout-hunt/before/chat-live/CHAT-L02/warm-1440/3000.png,/Users/albin/Code/jori/dist/layout-hunt/before/chat-live/CHAT-L02/warm-1440/settled.png,/Users/albin/Code/jori/dist/layout-hunt/before/chat-live/CHAT-L02/warm-1440/record.json,/Users/albin/Code/jori/dist/layout-hunt/chat-causes-all.json
CHAT-F09,CHAT-F09,confirmed,CHAT-L02,warm-375,176,,/Users/albin/Code/jori/dist/layout-hunt/before/chat-live/CHAT-L02/warm-375/3000.png,/Users/albin/Code/jori/dist/layout-hunt/before/chat-live/CHAT-L02/warm-375/settled.png,/Users/albin/Code/jori/dist/layout-hunt/before/chat-live/CHAT-L02/warm-375/record.json,/Users/albin/Code/jori/dist/layout-hunt/chat-causes-all.json
CHAT-F11,CHAT-F11,confirmed,CHAT-053,cold-1440,96,,/Users/albin/Code/jori/dist/layout-hunt/before/chat/CHAT-053/cold-1440/before.png,/Users/albin/Code/jori/dist/layout-hunt/before/chat/CHAT-053/cold-1440/0.png,/Users/albin/Code/jori/dist/layout-hunt/before/chat/CHAT-053/cold-1440/record.json,/Users/albin/Code/jori/dist/layout-hunt/chat-causes-all.json
CHAT-F11,CHAT-F11,confirmed,CHAT-053,cold-375,49,,/Users/albin/Code/jori/dist/layout-hunt/before/chat/CHAT-053/cold-375/before.png,/Users/albin/Code/jori/dist/layout-hunt/before/chat/CHAT-053/cold-375/0.png,/Users/albin/Code/jori/dist/layout-hunt/before/chat/CHAT-053/cold-375/record.json,/Users/albin/Code/jori/dist/layout-hunt/chat-causes-all.json
CHAT-F11,CHAT-F11,confirmed,CHAT-053,warm-1440,30,,/Users/albin/Code/jori/dist/layout-hunt/before/chat/CHAT-053/warm-1440/before.png,/Users/albin/Code/jori/dist/layout-hunt/before/chat/CHAT-053/warm-1440/0.png,/Users/albin/Code/jori/dist/layout-hunt/before/chat/CHAT-053/warm-1440/record.json,/Users/albin/Code/jori/dist/layout-hunt/chat-causes-all.json
CHAT-F11,CHAT-F11,confirmed,CHAT-053,warm-375,50,,/Users/albin/Code/jori/dist/layout-hunt/before/chat/CHAT-053/warm-375/before.png,/Users/albin/Code/jori/dist/layout-hunt/before/chat/CHAT-053/warm-375/0.png,/Users/albin/Code/jori/dist/layout-hunt/before/chat/CHAT-053/warm-375/record.json,/Users/albin/Code/jori/dist/layout-hunt/chat-causes-all.json
CHAT-F11,CHAT-F11,confirmed,CHAT-054,cold-1440,,,/Users/albin/Code/jori/dist/layout-hunt/before/chat/CHAT-054/cold-1440/before.png,/Users/albin/Code/jori/dist/layout-hunt/before/chat/CHAT-054/cold-1440/0.png,/Users/albin/Code/jori/dist/layout-hunt/before/chat/CHAT-054/cold-1440/record.json,/Users/albin/Code/jori/dist/layout-hunt/chat-causes-all.json
CHAT-F11,CHAT-F11,confirmed,CHAT-054,cold-375,,,/Users/albin/Code/jori/dist/layout-hunt/before/chat/CHAT-054/cold-375/before.png,/Users/albin/Code/jori/dist/layout-hunt/before/chat/CHAT-054/cold-375/0.png,/Users/albin/Code/jori/dist/layout-hunt/before/chat/CHAT-054/cold-375/record.json,/Users/albin/Code/jori/dist/layout-hunt/chat-causes-all.json
CHAT-F11,CHAT-F11,confirmed,CHAT-054,warm-1440,,,/Users/albin/Code/jori/dist/layout-hunt/before/chat/CHAT-054/warm-1440/before.png,/Users/albin/Code/jori/dist/layout-hunt/before/chat/CHAT-054/warm-1440/0.png,/Users/albin/Code/jori/dist/layout-hunt/before/chat/CHAT-054/warm-1440/record.json,/Users/albin/Code/jori/dist/layout-hunt/chat-causes-all.json
CHAT-F11,CHAT-F11,confirmed,CHAT-054,warm-375,,,/Users/albin/Code/jori/dist/layout-hunt/before/chat/CHAT-054/warm-375/before.png,/Users/albin/Code/jori/dist/layout-hunt/before/chat/CHAT-054/warm-375/0.png,/Users/albin/Code/jori/dist/layout-hunt/before/chat/CHAT-054/warm-375/record.json,/Users/albin/Code/jori/dist/layout-hunt/chat-causes-all.json
CHAT-F12,CHAT-F12,confirmed,CHAT-056,cold-1440,,,/Users/albin/Code/jori/dist/layout-hunt/before/chat/CHAT-056/cold-1440/0.png,/Users/albin/Code/jori/dist/layout-hunt/before/chat/CHAT-056/cold-1440/250.png,/Users/albin/Code/jori/dist/layout-hunt/before/chat/CHAT-056/cold-1440/record.json,/Users/albin/Code/jori/dist/layout-hunt/chat-causes-all.json
CHAT-F12,CHAT-F12,confirmed,CHAT-056,cold-375,,,/Users/albin/Code/jori/dist/layout-hunt/before/chat/CHAT-056/cold-375/0.png,/Users/albin/Code/jori/dist/layout-hunt/before/chat/CHAT-056/cold-375/250.png,/Users/albin/Code/jori/dist/layout-hunt/before/chat/CHAT-056/cold-375/record.json,/Users/albin/Code/jori/dist/layout-hunt/chat-causes-all.json
CHAT-F12,CHAT-F12,confirmed,CHAT-056,warm-1440,,,/Users/albin/Code/jori/dist/layout-hunt/before/chat/CHAT-056/warm-1440/0.png,/Users/albin/Code/jori/dist/layout-hunt/before/chat/CHAT-056/warm-1440/250.png,/Users/albin/Code/jori/dist/layout-hunt/before/chat/CHAT-056/warm-1440/record.json,/Users/albin/Code/jori/dist/layout-hunt/chat-causes-all.json
CHAT-F12,CHAT-F12,confirmed,CHAT-056,warm-375,,,/Users/albin/Code/jori/dist/layout-hunt/before/chat/CHAT-056/warm-375/0.png,/Users/albin/Code/jori/dist/layout-hunt/before/chat/CHAT-056/warm-375/250.png,/Users/albin/Code/jori/dist/layout-hunt/before/chat/CHAT-056/warm-375/record.json,/Users/albin/Code/jori/dist/layout-hunt/chat-causes-all.json
CHAT-F12,CHAT-F12,confirmed,CHAT-057,cold-1440,,,/Users/albin/Code/jori/dist/layout-hunt/before/chat/CHAT-057/cold-1440/0.png,/Users/albin/Code/jori/dist/layout-hunt/before/chat/CHAT-057/cold-1440/250.png,/Users/albin/Code/jori/dist/layout-hunt/before/chat/CHAT-057/cold-1440/record.json,/Users/albin/Code/jori/dist/layout-hunt/chat-causes-all.json
CHAT-F12,CHAT-F12,confirmed,CHAT-057,cold-375,,,/Users/albin/Code/jori/dist/layout-hunt/before/chat/CHAT-057/cold-375/0.png,/Users/albin/Code/jori/dist/layout-hunt/before/chat/CHAT-057/cold-375/250.png,/Users/albin/Code/jori/dist/layout-hunt/before/chat/CHAT-057/cold-375/record.json,/Users/albin/Code/jori/dist/layout-hunt/chat-causes-all.json
CHAT-F12,CHAT-F12,confirmed,CHAT-057,warm-1440,,,/Users/albin/Code/jori/dist/layout-hunt/before/chat/CHAT-057/warm-1440/0.png,/Users/albin/Code/jori/dist/layout-hunt/before/chat/CHAT-057/warm-1440/250.png,/Users/albin/Code/jori/dist/layout-hunt/before/chat/CHAT-057/warm-1440/record.json,/Users/albin/Code/jori/dist/layout-hunt/chat-causes-all.json
CHAT-F12,CHAT-F12,confirmed,CHAT-057,warm-375,,,/Users/albin/Code/jori/dist/layout-hunt/before/chat/CHAT-057/warm-375/0.png,/Users/albin/Code/jori/dist/layout-hunt/before/chat/CHAT-057/warm-375/250.png,/Users/albin/Code/jori/dist/layout-hunt/before/chat/CHAT-057/warm-375/record.json,/Users/albin/Code/jori/dist/layout-hunt/chat-causes-all.json
CHAT-F12,CHAT-F12,confirmed,CHAT-062,warm-1440,43,,/Users/albin/Code/jori/dist/layout-hunt/before/chat-v3/CHAT-062/warm-1440/0.png,/Users/albin/Code/jori/dist/layout-hunt/before/chat-v3/CHAT-062/warm-1440/250.png,/Users/albin/Code/jori/dist/layout-hunt/before/chat-v3/CHAT-062/warm-1440/record.json,/Users/albin/Code/jori/dist/layout-hunt/chat-causes-all.json
CHAT-F12,CHAT-F12,confirmed,CHAT-062,warm-375,37,,/Users/albin/Code/jori/dist/layout-hunt/before/chat-v3/CHAT-062/warm-375/0.png,/Users/albin/Code/jori/dist/layout-hunt/before/chat-v3/CHAT-062/warm-375/250.png,/Users/albin/Code/jori/dist/layout-hunt/before/chat-v3/CHAT-062/warm-375/record.json,/Users/albin/Code/jori/dist/layout-hunt/chat-causes-all.json
CHAT-F13,CHAT-F13,confirmed,CHAT-085,cold-1440,54,,/Users/albin/Code/jori/dist/layout-hunt/before/chat/CHAT-085/cold-1440/before.png,/Users/albin/Code/jori/dist/layout-hunt/before/chat/CHAT-085/cold-1440/0.png,/Users/albin/Code/jori/dist/layout-hunt/before/chat/CHAT-085/cold-1440/record.json,/Users/albin/Code/jori/dist/layout-hunt/chat-causes-all.json
CHAT-F13,CHAT-F13,confirmed,CHAT-085,cold-375,60,,/Users/albin/Code/jori/dist/layout-hunt/before/chat/CHAT-085/cold-375/before.png,/Users/albin/Code/jori/dist/layout-hunt/before/chat/CHAT-085/cold-375/0.png,/Users/albin/Code/jori/dist/layout-hunt/before/chat/CHAT-085/cold-375/record.json,/Users/albin/Code/jori/dist/layout-hunt/chat-causes-all.json
CHAT-F13,CHAT-F13,confirmed,CHAT-085,warm-1440,27,,/Users/albin/Code/jori/dist/layout-hunt/before/chat/CHAT-085/warm-1440/before.png,/Users/albin/Code/jori/dist/layout-hunt/before/chat/CHAT-085/warm-1440/0.png,/Users/albin/Code/jori/dist/layout-hunt/before/chat/CHAT-085/warm-1440/record.json,/Users/albin/Code/jori/dist/layout-hunt/chat-causes-all.json
CHAT-F13,CHAT-F13,confirmed,CHAT-085,warm-375,27,,/Users/albin/Code/jori/dist/layout-hunt/before/chat/CHAT-085/warm-375/before.png,/Users/albin/Code/jori/dist/layout-hunt/before/chat/CHAT-085/warm-375/0.png,/Users/albin/Code/jori/dist/layout-hunt/before/chat/CHAT-085/warm-375/record.json,/Users/albin/Code/jori/dist/layout-hunt/chat-causes-all.json
CHAT-F13,CHAT-F13,confirmed,CHAT-086,cold-1440,47,,/Users/albin/Code/jori/dist/layout-hunt/before/chat/CHAT-086/cold-1440/before.png,/Users/albin/Code/jori/dist/layout-hunt/before/chat/CHAT-086/cold-1440/0.png,/Users/albin/Code/jori/dist/layout-hunt/before/chat/CHAT-086/cold-1440/record.json,/Users/albin/Code/jori/dist/layout-hunt/chat-causes-all.json
CHAT-F13,CHAT-F13,confirmed,CHAT-086,cold-375,44,,/Users/albin/Code/jori/dist/layout-hunt/before/chat/CHAT-086/cold-375/before.png,/Users/albin/Code/jori/dist/layout-hunt/before/chat/CHAT-086/cold-375/0.png,/Users/albin/Code/jori/dist/layout-hunt/before/chat/CHAT-086/cold-375/record.json,/Users/albin/Code/jori/dist/layout-hunt/chat-causes-all.json
CHAT-F13,CHAT-F13,confirmed,CHAT-086,warm-1440,35,,/Users/albin/Code/jori/dist/layout-hunt/before/chat/CHAT-086/warm-1440/before.png,/Users/albin/Code/jori/dist/layout-hunt/before/chat/CHAT-086/warm-1440/0.png,/Users/albin/Code/jori/dist/layout-hunt/before/chat/CHAT-086/warm-1440/record.json,/Users/albin/Code/jori/dist/layout-hunt/chat-causes-all.json
CHAT-F13,CHAT-F13,confirmed,CHAT-086,warm-375,45,,/Users/albin/Code/jori/dist/layout-hunt/before/chat/CHAT-086/warm-375/before.png,/Users/albin/Code/jori/dist/layout-hunt/before/chat/CHAT-086/warm-375/0.png,/Users/albin/Code/jori/dist/layout-hunt/before/chat/CHAT-086/warm-375/record.json,/Users/albin/Code/jori/dist/layout-hunt/chat-causes-all.json
CHAT-F13,CHAT-F13,confirmed,CHAT-089,cold-1440,117,,/Users/albin/Code/jori/dist/layout-hunt/before/chat/CHAT-089/cold-1440/before.png,/Users/albin/Code/jori/dist/layout-hunt/before/chat/CHAT-089/cold-1440/0.png,/Users/albin/Code/jori/dist/layout-hunt/before/chat/CHAT-089/cold-1440/record.json,/Users/albin/Code/jori/dist/layout-hunt/chat-causes-all.json
CHAT-F13,CHAT-F13,confirmed,CHAT-089,cold-375,34,,/Users/albin/Code/jori/dist/layout-hunt/before/chat/CHAT-089/cold-375/before.png,/Users/albin/Code/jori/dist/layout-hunt/before/chat/CHAT-089/cold-375/0.png,/Users/albin/Code/jori/dist/layout-hunt/before/chat/CHAT-089/cold-375/record.json,/Users/albin/Code/jori/dist/layout-hunt/chat-causes-all.json
CHAT-F13,CHAT-F13,confirmed,CHAT-089,warm-1440,28,,/Users/albin/Code/jori/dist/layout-hunt/before/chat/CHAT-089/warm-1440/before.png,/Users/albin/Code/jori/dist/layout-hunt/before/chat/CHAT-089/warm-1440/0.png,/Users/albin/Code/jori/dist/layout-hunt/before/chat/CHAT-089/warm-1440/record.json,/Users/albin/Code/jori/dist/layout-hunt/chat-causes-all.json
CHAT-F13,CHAT-F13,confirmed,CHAT-089,warm-375,37,,/Users/albin/Code/jori/dist/layout-hunt/before/chat/CHAT-089/warm-375/before.png,/Users/albin/Code/jori/dist/layout-hunt/before/chat/CHAT-089/warm-375/0.png,/Users/albin/Code/jori/dist/layout-hunt/before/chat/CHAT-089/warm-375/record.json,/Users/albin/Code/jori/dist/layout-hunt/chat-causes-all.json
CHAT-F13,CHAT-F13,confirmed,CHAT-103,cold-1440,184,,/Users/albin/Code/jori/dist/layout-hunt/before/chat/CHAT-103/cold-1440/before.png,/Users/albin/Code/jori/dist/layout-hunt/before/chat/CHAT-103/cold-1440/0.png,/Users/albin/Code/jori/dist/layout-hunt/before/chat/CHAT-103/cold-1440/record.json,/Users/albin/Code/jori/dist/layout-hunt/chat-causes-all.json
CHAT-F13,CHAT-F13,confirmed,CHAT-103,cold-375,80,,/Users/albin/Code/jori/dist/layout-hunt/before/chat/CHAT-103/cold-375/before.png,/Users/albin/Code/jori/dist/layout-hunt/before/chat/CHAT-103/cold-375/0.png,/Users/albin/Code/jori/dist/layout-hunt/before/chat/CHAT-103/cold-375/record.json,/Users/albin/Code/jori/dist/layout-hunt/chat-causes-all.json
CHAT-F13,CHAT-F13,confirmed,CHAT-103,warm-1440,42,,/Users/albin/Code/jori/dist/layout-hunt/before/chat/CHAT-103/warm-1440/before.png,/Users/albin/Code/jori/dist/layout-hunt/before/chat/CHAT-103/warm-1440/0.png,/Users/albin/Code/jori/dist/layout-hunt/before/chat/CHAT-103/warm-1440/record.json,/Users/albin/Code/jori/dist/layout-hunt/chat-causes-all.json
CHAT-F13,CHAT-F13,confirmed,CHAT-103,warm-375,210,,/Users/albin/Code/jori/dist/layout-hunt/before/chat/CHAT-103/warm-375/before.png,/Users/albin/Code/jori/dist/layout-hunt/before/chat/CHAT-103/warm-375/0.png,/Users/albin/Code/jori/dist/layout-hunt/before/chat/CHAT-103/warm-375/record.json,/Users/albin/Code/jori/dist/layout-hunt/chat-causes-all.json
CHAT-F14,CHAT-F14,confirmed,CHAT-087,cold-1440,40,,/Users/albin/Code/jori/dist/layout-hunt/before/chat/CHAT-087/cold-1440/before.png,/Users/albin/Code/jori/dist/layout-hunt/before/chat/CHAT-087/cold-1440/0.png,/Users/albin/Code/jori/dist/layout-hunt/before/chat/CHAT-087/cold-1440/record.json,/Users/albin/Code/jori/dist/layout-hunt/chat-causes-all.json
CHAT-F14,CHAT-F14,confirmed,CHAT-087,cold-375,65,,/Users/albin/Code/jori/dist/layout-hunt/before/chat/CHAT-087/cold-375/before.png,/Users/albin/Code/jori/dist/layout-hunt/before/chat/CHAT-087/cold-375/0.png,/Users/albin/Code/jori/dist/layout-hunt/before/chat/CHAT-087/cold-375/record.json,/Users/albin/Code/jori/dist/layout-hunt/chat-causes-all.json
CHAT-F14,CHAT-F14,confirmed,CHAT-087,warm-1440,34,,/Users/albin/Code/jori/dist/layout-hunt/before/chat/CHAT-087/warm-1440/before.png,/Users/albin/Code/jori/dist/layout-hunt/before/chat/CHAT-087/warm-1440/0.png,/Users/albin/Code/jori/dist/layout-hunt/before/chat/CHAT-087/warm-1440/record.json,/Users/albin/Code/jori/dist/layout-hunt/chat-causes-all.json
CHAT-F14,CHAT-F14,confirmed,CHAT-087,warm-375,24,,/Users/albin/Code/jori/dist/layout-hunt/before/chat/CHAT-087/warm-375/before.png,/Users/albin/Code/jori/dist/layout-hunt/before/chat/CHAT-087/warm-375/0.png,/Users/albin/Code/jori/dist/layout-hunt/before/chat/CHAT-087/warm-375/record.json,/Users/albin/Code/jori/dist/layout-hunt/chat-causes-all.json
CHAT-F14,CHAT-F14,confirmed,CHAT-088,cold-1440,27,,/Users/albin/Code/jori/dist/layout-hunt/before/chat/CHAT-088/cold-1440/before.png,/Users/albin/Code/jori/dist/layout-hunt/before/chat/CHAT-088/cold-1440/0.png,/Users/albin/Code/jori/dist/layout-hunt/before/chat/CHAT-088/cold-1440/record.json,/Users/albin/Code/jori/dist/layout-hunt/chat-causes-all.json
CHAT-F14,CHAT-F14,confirmed,CHAT-088,cold-375,,,/Users/albin/Code/jori/dist/layout-hunt/before/chat/CHAT-088/cold-375/before.png,/Users/albin/Code/jori/dist/layout-hunt/before/chat/CHAT-088/cold-375/0.png,/Users/albin/Code/jori/dist/layout-hunt/before/chat/CHAT-088/cold-375/record.json,/Users/albin/Code/jori/dist/layout-hunt/chat-causes-all.json
CHAT-F14,CHAT-F14,confirmed,CHAT-088,warm-1440,29,,/Users/albin/Code/jori/dist/layout-hunt/before/chat/CHAT-088/warm-1440/before.png,/Users/albin/Code/jori/dist/layout-hunt/before/chat/CHAT-088/warm-1440/0.png,/Users/albin/Code/jori/dist/layout-hunt/before/chat/CHAT-088/warm-1440/record.json,/Users/albin/Code/jori/dist/layout-hunt/chat-causes-all.json
CHAT-F14,CHAT-F14,confirmed,CHAT-088,warm-375,,,/Users/albin/Code/jori/dist/layout-hunt/before/chat/CHAT-088/warm-375/before.png,/Users/albin/Code/jori/dist/layout-hunt/before/chat/CHAT-088/warm-375/0.png,/Users/albin/Code/jori/dist/layout-hunt/before/chat/CHAT-088/warm-375/record.json,/Users/albin/Code/jori/dist/layout-hunt/chat-causes-all.json
CHAT-F15,CHAT-F15,confirmed,FILE-022,cold-1440,89,,/Users/albin/Code/jori/dist/layout-hunt/before/chat/FILE-022/cold-1440/before.png,/Users/albin/Code/jori/dist/layout-hunt/before/chat/FILE-022/cold-1440/0.png,/Users/albin/Code/jori/dist/layout-hunt/before/chat/FILE-022/cold-1440/record.json,/Users/albin/Code/jori/dist/layout-hunt/chat-causes-all.json
CHAT-F15,CHAT-F15,confirmed,FILE-022,cold-375,85,,/Users/albin/Code/jori/dist/layout-hunt/before/chat/FILE-022/cold-375/before.png,/Users/albin/Code/jori/dist/layout-hunt/before/chat/FILE-022/cold-375/0.png,/Users/albin/Code/jori/dist/layout-hunt/before/chat/FILE-022/cold-375/record.json,/Users/albin/Code/jori/dist/layout-hunt/chat-causes-all.json
CHAT-F15,CHAT-F15,confirmed,FILE-022,warm-1440,41,,/Users/albin/Code/jori/dist/layout-hunt/before/chat/FILE-022/warm-1440/before.png,/Users/albin/Code/jori/dist/layout-hunt/before/chat/FILE-022/warm-1440/0.png,/Users/albin/Code/jori/dist/layout-hunt/before/chat/FILE-022/warm-1440/record.json,/Users/albin/Code/jori/dist/layout-hunt/chat-causes-all.json
CHAT-F15,CHAT-F15,confirmed,FILE-022,warm-375,49,,/Users/albin/Code/jori/dist/layout-hunt/before/chat/FILE-022/warm-375/before.png,/Users/albin/Code/jori/dist/layout-hunt/before/chat/FILE-022/warm-375/0.png,/Users/albin/Code/jori/dist/layout-hunt/before/chat/FILE-022/warm-375/record.json,/Users/albin/Code/jori/dist/layout-hunt/chat-causes-all.json
CHAT-F16,CHAT-F16,confirmed,CHAT-G14,cold-1440,150,,/Users/albin/Code/jori/dist/layout-hunt/before/chat/CHAT-G14/cold-1440/before.png,/Users/albin/Code/jori/dist/layout-hunt/before/chat/CHAT-G14/cold-1440/0.png,/Users/albin/Code/jori/dist/layout-hunt/before/chat/CHAT-G14/cold-1440/record.json,/Users/albin/Code/jori/dist/layout-hunt/chat-causes-all.json
CHAT-F16,CHAT-F16,confirmed,CHAT-G14,cold-375,130,,/Users/albin/Code/jori/dist/layout-hunt/before/chat/CHAT-G14/cold-375/before.png,/Users/albin/Code/jori/dist/layout-hunt/before/chat/CHAT-G14/cold-375/0.png,/Users/albin/Code/jori/dist/layout-hunt/before/chat/CHAT-G14/cold-375/record.json,/Users/albin/Code/jori/dist/layout-hunt/chat-causes-all.json
CHAT-F16,CHAT-F16,confirmed,CHAT-G14,warm-1440,98,,/Users/albin/Code/jori/dist/layout-hunt/before/chat/CHAT-G14/warm-1440/before.png,/Users/albin/Code/jori/dist/layout-hunt/before/chat/CHAT-G14/warm-1440/0.png,/Users/albin/Code/jori/dist/layout-hunt/before/chat/CHAT-G14/warm-1440/record.json,/Users/albin/Code/jori/dist/layout-hunt/chat-causes-all.json
CHAT-F16,CHAT-F16,confirmed,CHAT-G14,warm-375,55,,/Users/albin/Code/jori/dist/layout-hunt/before/chat/CHAT-G14/warm-375/before.png,/Users/albin/Code/jori/dist/layout-hunt/before/chat/CHAT-G14/warm-375/0.png,/Users/albin/Code/jori/dist/layout-hunt/before/chat/CHAT-G14/warm-375/record.json,/Users/albin/Code/jori/dist/layout-hunt/chat-causes-all.json
CHAT-Q1,CHAT-Q1,question,CHAT-046,cold-375,,,/Users/albin/Code/jori/dist/layout-hunt/before/chat/CHAT-046/cold-375/before.png,/Users/albin/Code/jori/dist/layout-hunt/before/chat/CHAT-046/cold-375/250.png,/Users/albin/Code/jori/dist/layout-hunt/before/chat/CHAT-046/cold-375/record.json,/Users/albin/Code/jori/dist/layout-hunt/chat-causes-all.json
CHAT-Q1,CHAT-Q1,question,CHAT-046,warm-375,,,/Users/albin/Code/jori/dist/layout-hunt/before/chat/CHAT-046/warm-375/before.png,/Users/albin/Code/jori/dist/layout-hunt/before/chat/CHAT-046/warm-375/250.png,/Users/albin/Code/jori/dist/layout-hunt/before/chat/CHAT-046/warm-375/record.json,/Users/albin/Code/jori/dist/layout-hunt/chat-causes-all.json
CHAT-Q1,CHAT-Q1,question,CHAT-064,cold-375,,,/Users/albin/Code/jori/dist/layout-hunt/before/chat/CHAT-064/cold-375/before.png,/Users/albin/Code/jori/dist/layout-hunt/before/chat/CHAT-064/cold-375/250.png,/Users/albin/Code/jori/dist/layout-hunt/before/chat/CHAT-064/cold-375/record.json,/Users/albin/Code/jori/dist/layout-hunt/chat-causes-all.json
CHAT-Q1,CHAT-Q1,question,CHAT-064,warm-375,,,/Users/albin/Code/jori/dist/layout-hunt/before/chat/CHAT-064/warm-375/before.png,/Users/albin/Code/jori/dist/layout-hunt/before/chat/CHAT-064/warm-375/250.png,/Users/albin/Code/jori/dist/layout-hunt/before/chat/CHAT-064/warm-375/record.json,/Users/albin/Code/jori/dist/layout-hunt/chat-causes-all.json
CHAT-Q1,CHAT-Q1,question,CHAT-091,cold-1440,,,/Users/albin/Code/jori/dist/layout-hunt/before/chat/CHAT-091/cold-1440/before.png,/Users/albin/Code/jori/dist/layout-hunt/before/chat/CHAT-091/cold-1440/250.png,/Users/albin/Code/jori/dist/layout-hunt/before/chat/CHAT-091/cold-1440/record.json,/Users/albin/Code/jori/dist/layout-hunt/chat-causes-all.json
CHAT-Q1,CHAT-Q1,question,CHAT-091,cold-375,,,/Users/albin/Code/jori/dist/layout-hunt/before/chat/CHAT-091/cold-375/before.png,/Users/albin/Code/jori/dist/layout-hunt/before/chat/CHAT-091/cold-375/250.png,/Users/albin/Code/jori/dist/layout-hunt/before/chat/CHAT-091/cold-375/record.json,/Users/albin/Code/jori/dist/layout-hunt/chat-causes-all.json
CHAT-Q1,CHAT-Q1,question,CHAT-091,warm-1440,,,/Users/albin/Code/jori/dist/layout-hunt/before/chat/CHAT-091/warm-1440/before.png,/Users/albin/Code/jori/dist/layout-hunt/before/chat/CHAT-091/warm-1440/250.png,/Users/albin/Code/jori/dist/layout-hunt/before/chat/CHAT-091/warm-1440/record.json,/Users/albin/Code/jori/dist/layout-hunt/chat-causes-all.json
CHAT-Q1,CHAT-Q1,question,CHAT-091,warm-375,,,/Users/albin/Code/jori/dist/layout-hunt/before/chat/CHAT-091/warm-375/before.png,/Users/albin/Code/jori/dist/layout-hunt/before/chat/CHAT-091/warm-375/250.png,/Users/albin/Code/jori/dist/layout-hunt/before/chat/CHAT-091/warm-375/record.json,/Users/albin/Code/jori/dist/layout-hunt/chat-causes-all.json
CHAT-Q1,CHAT-Q1,question,FILE-003,cold-375,,,/Users/albin/Code/jori/dist/layout-hunt/before/chat/FILE-003/cold-375/before.png,/Users/albin/Code/jori/dist/layout-hunt/before/chat/FILE-003/cold-375/250.png,/Users/albin/Code/jori/dist/layout-hunt/before/chat/FILE-003/cold-375/record.json,/Users/albin/Code/jori/dist/layout-hunt/chat-causes-all.json
CHAT-Q1,CHAT-Q1,question,FILE-003,warm-375,,,/Users/albin/Code/jori/dist/layout-hunt/before/chat/FILE-003/warm-375/before.png,/Users/albin/Code/jori/dist/layout-hunt/before/chat/FILE-003/warm-375/250.png,/Users/albin/Code/jori/dist/layout-hunt/before/chat/FILE-003/warm-375/record.json,/Users/albin/Code/jori/dist/layout-hunt/chat-causes-all.json
CHAT-Q1,CHAT-Q1,question,FILE-012,cold-375,,,/Users/albin/Code/jori/dist/layout-hunt/before/chat/FILE-012/cold-375/before.png,/Users/albin/Code/jori/dist/layout-hunt/before/chat/FILE-012/cold-375/250.png,/Users/albin/Code/jori/dist/layout-hunt/before/chat/FILE-012/cold-375/record.json,/Users/albin/Code/jori/dist/layout-hunt/chat-causes-all.json
CHAT-Q1,CHAT-Q1,question,FILE-012,warm-375,,,/Users/albin/Code/jori/dist/layout-hunt/before/chat/FILE-012/warm-375/before.png,/Users/albin/Code/jori/dist/layout-hunt/before/chat/FILE-012/warm-375/250.png,/Users/albin/Code/jori/dist/layout-hunt/before/chat/FILE-012/warm-375/record.json,/Users/albin/Code/jori/dist/layout-hunt/chat-causes-all.json
CHAT-Q1,CHAT-Q1,question,FILE-014,cold-375,,,/Users/albin/Code/jori/dist/layout-hunt/before/chat/FILE-014/cold-375/before.png,/Users/albin/Code/jori/dist/layout-hunt/before/chat/FILE-014/cold-375/250.png,/Users/albin/Code/jori/dist/layout-hunt/before/chat/FILE-014/cold-375/record.json,/Users/albin/Code/jori/dist/layout-hunt/chat-causes-all.json
CHAT-Q1,CHAT-Q1,question,FILE-014,warm-375,,,/Users/albin/Code/jori/dist/layout-hunt/before/chat/FILE-014/warm-375/before.png,/Users/albin/Code/jori/dist/layout-hunt/before/chat/FILE-014/warm-375/250.png,/Users/albin/Code/jori/dist/layout-hunt/before/chat/FILE-014/warm-375/record.json,/Users/albin/Code/jori/dist/layout-hunt/chat-causes-all.json
CHAT-Q1,CHAT-Q1,question,FILE-023,cold-1440,,,/Users/albin/Code/jori/dist/layout-hunt/before/chat/FILE-023/cold-1440/before.png,/Users/albin/Code/jori/dist/layout-hunt/before/chat/FILE-023/cold-1440/250.png,/Users/albin/Code/jori/dist/layout-hunt/before/chat/FILE-023/cold-1440/record.json,/Users/albin/Code/jori/dist/layout-hunt/chat-causes-all.json
CHAT-Q1,CHAT-Q1,question,FILE-023,cold-375,,,/Users/albin/Code/jori/dist/layout-hunt/before/chat/FILE-023/cold-375/before.png,/Users/albin/Code/jori/dist/layout-hunt/before/chat/FILE-023/cold-375/250.png,/Users/albin/Code/jori/dist/layout-hunt/before/chat/FILE-023/cold-375/record.json,/Users/albin/Code/jori/dist/layout-hunt/chat-causes-all.json
CHAT-Q1,CHAT-Q1,question,FILE-023,warm-1440,,,/Users/albin/Code/jori/dist/layout-hunt/before/chat/FILE-023/warm-1440/before.png,/Users/albin/Code/jori/dist/layout-hunt/before/chat/FILE-023/warm-1440/250.png,/Users/albin/Code/jori/dist/layout-hunt/before/chat/FILE-023/warm-1440/record.json,/Users/albin/Code/jori/dist/layout-hunt/chat-causes-all.json
CHAT-Q1,CHAT-Q1,question,FILE-023,warm-375,,,/Users/albin/Code/jori/dist/layout-hunt/before/chat/FILE-023/warm-375/before.png,/Users/albin/Code/jori/dist/layout-hunt/before/chat/FILE-023/warm-375/250.png,/Users/albin/Code/jori/dist/layout-hunt/before/chat/FILE-023/warm-375/record.json,/Users/albin/Code/jori/dist/layout-hunt/chat-causes-all.json
CHAT-Q2,CHAT-Q2,question,CHAT-049,warm-1440,3081,,/Users/albin/Code/jori/dist/layout-hunt/before/chat/CHAT-049/warm-1440/before.png,/Users/albin/Code/jori/dist/layout-hunt/before/chat/CHAT-049/warm-1440/settled.png,/Users/albin/Code/jori/dist/layout-hunt/before/chat/CHAT-049/warm-1440/record.json,/Users/albin/Code/jori/dist/layout-hunt/chat-causes-all.json
CHAT-Q2,CHAT-Q2,question,CHAT-050,cold-1440,3366,,/Users/albin/Code/jori/dist/layout-hunt/before/chat/CHAT-050/cold-1440/before.png,/Users/albin/Code/jori/dist/layout-hunt/before/chat/CHAT-050/cold-1440/settled.png,/Users/albin/Code/jori/dist/layout-hunt/before/chat/CHAT-050/cold-1440/record.json,/Users/albin/Code/jori/dist/layout-hunt/chat-causes-all.json
CHAT-Q2,CHAT-Q2,question,CHAT-050,warm-1440,2770,,/Users/albin/Code/jori/dist/layout-hunt/before/chat/CHAT-050/warm-1440/before.png,/Users/albin/Code/jori/dist/layout-hunt/before/chat/CHAT-050/warm-1440/settled.png,/Users/albin/Code/jori/dist/layout-hunt/before/chat/CHAT-050/warm-1440/record.json,/Users/albin/Code/jori/dist/layout-hunt/chat-causes-all.json
CHAT-Q2,CHAT-Q2,question,CHAT-051,warm-1440,3074,,/Users/albin/Code/jori/dist/layout-hunt/before/chat/CHAT-051/warm-1440/before.png,/Users/albin/Code/jori/dist/layout-hunt/before/chat/CHAT-051/warm-1440/settled.png,/Users/albin/Code/jori/dist/layout-hunt/before/chat/CHAT-051/warm-1440/record.json,/Users/albin/Code/jori/dist/layout-hunt/chat-causes-all.json
CHAT-Q2,CHAT-Q2,question,CHAT-052,cold-1440,3268,,/Users/albin/Code/jori/dist/layout-hunt/before/chat/CHAT-052/cold-1440/before.png,/Users/albin/Code/jori/dist/layout-hunt/before/chat/CHAT-052/cold-1440/settled.png,/Users/albin/Code/jori/dist/layout-hunt/before/chat/CHAT-052/cold-1440/record.json,/Users/albin/Code/jori/dist/layout-hunt/chat-causes-all.json
CHAT-Q2,CHAT-Q2,question,CHAT-052,warm-1440,2792,,/Users/albin/Code/jori/dist/layout-hunt/before/chat/CHAT-052/warm-1440/before.png,/Users/albin/Code/jori/dist/layout-hunt/before/chat/CHAT-052/warm-1440/settled.png,/Users/albin/Code/jori/dist/layout-hunt/before/chat/CHAT-052/warm-1440/record.json,/Users/albin/Code/jori/dist/layout-hunt/chat-causes-all.json
CHAT-Q2,CHAT-Q2,question,CHAT-066,cold-1440,100,,/Users/albin/Code/jori/dist/layout-hunt/before/chat/CHAT-066/cold-1440/before.png,/Users/albin/Code/jori/dist/layout-hunt/before/chat/CHAT-066/cold-1440/settled.png,/Users/albin/Code/jori/dist/layout-hunt/before/chat/CHAT-066/cold-1440/record.json,/Users/albin/Code/jori/dist/layout-hunt/chat-causes-all.json
CHAT-Q2,CHAT-Q2,question,CHAT-066,warm-1440,39,,/Users/albin/Code/jori/dist/layout-hunt/before/chat/CHAT-066/warm-1440/before.png,/Users/albin/Code/jori/dist/layout-hunt/before/chat/CHAT-066/warm-1440/settled.png,/Users/albin/Code/jori/dist/layout-hunt/before/chat/CHAT-066/warm-1440/record.json,/Users/albin/Code/jori/dist/layout-hunt/chat-causes-all.json
CHAT-Q2,CHAT-Q2,question,CHAT-067,cold-1440,97,,/Users/albin/Code/jori/dist/layout-hunt/before/chat/CHAT-067/cold-1440/before.png,/Users/albin/Code/jori/dist/layout-hunt/before/chat/CHAT-067/cold-1440/settled.png,/Users/albin/Code/jori/dist/layout-hunt/before/chat/CHAT-067/cold-1440/record.json,/Users/albin/Code/jori/dist/layout-hunt/chat-causes-all.json
CHAT-Q2,CHAT-Q2,question,CHAT-067,warm-1440,34,,/Users/albin/Code/jori/dist/layout-hunt/before/chat/CHAT-067/warm-1440/before.png,/Users/albin/Code/jori/dist/layout-hunt/before/chat/CHAT-067/warm-1440/settled.png,/Users/albin/Code/jori/dist/layout-hunt/before/chat/CHAT-067/warm-1440/record.json,/Users/albin/Code/jori/dist/layout-hunt/chat-causes-all.json
CHAT-Q2,CHAT-Q2,question,CHAT-068,cold-1440,67,,/Users/albin/Code/jori/dist/layout-hunt/before/chat/CHAT-068/cold-1440/before.png,/Users/albin/Code/jori/dist/layout-hunt/before/chat/CHAT-068/cold-1440/settled.png,/Users/albin/Code/jori/dist/layout-hunt/before/chat/CHAT-068/cold-1440/record.json,/Users/albin/Code/jori/dist/layout-hunt/chat-causes-all.json
CHAT-Q2,CHAT-Q2,question,CHAT-068,warm-1440,31,,/Users/albin/Code/jori/dist/layout-hunt/before/chat/CHAT-068/warm-1440/before.png,/Users/albin/Code/jori/dist/layout-hunt/before/chat/CHAT-068/warm-1440/settled.png,/Users/albin/Code/jori/dist/layout-hunt/before/chat/CHAT-068/warm-1440/record.json,/Users/albin/Code/jori/dist/layout-hunt/chat-causes-all.json
CHAT-Q2,CHAT-Q2,question,CHAT-079,warm-1440,3025,,/Users/albin/Code/jori/dist/layout-hunt/before/chat/CHAT-079/warm-1440/before.png,/Users/albin/Code/jori/dist/layout-hunt/before/chat/CHAT-079/warm-1440/settled.png,/Users/albin/Code/jori/dist/layout-hunt/before/chat/CHAT-079/warm-1440/record.json,/Users/albin/Code/jori/dist/layout-hunt/chat-causes-all.json
CHAT-Q2,CHAT-Q2,question,CHAT-080,cold-1440,,,/Users/albin/Code/jori/dist/layout-hunt/before/chat/CHAT-080/cold-1440/before.png,/Users/albin/Code/jori/dist/layout-hunt/before/chat/CHAT-080/cold-1440/settled.png,/Users/albin/Code/jori/dist/layout-hunt/before/chat/CHAT-080/cold-1440/record.json,/Users/albin/Code/jori/dist/layout-hunt/chat-causes-all.json
CHAT-Q2,CHAT-Q2,question,CHAT-081,cold-1440,229,,/Users/albin/Code/jori/dist/layout-hunt/before/chat/CHAT-081/cold-1440/before.png,/Users/albin/Code/jori/dist/layout-hunt/before/chat/CHAT-081/cold-1440/settled.png,/Users/albin/Code/jori/dist/layout-hunt/before/chat/CHAT-081/cold-1440/record.json,/Users/albin/Code/jori/dist/layout-hunt/chat-causes-all.json
CHAT-Q2,CHAT-Q2,question,CHAT-104,cold-1440,194,,/Users/albin/Code/jori/dist/layout-hunt/before/chat/CHAT-104/cold-1440/before.png,/Users/albin/Code/jori/dist/layout-hunt/before/chat/CHAT-104/cold-1440/settled.png,/Users/albin/Code/jori/dist/layout-hunt/before/chat/CHAT-104/cold-1440/record.json,/Users/albin/Code/jori/dist/layout-hunt/chat-causes-all.json
CHAT-Q2,CHAT-Q2,question,CHAT-G07,cold-1440,3353,,/Users/albin/Code/jori/dist/layout-hunt/before/chat/CHAT-G07/cold-1440/before.png,/Users/albin/Code/jori/dist/layout-hunt/before/chat/CHAT-G07/cold-1440/settled.png,/Users/albin/Code/jori/dist/layout-hunt/before/chat/CHAT-G07/cold-1440/record.json,/Users/albin/Code/jori/dist/layout-hunt/chat-causes-all.json
CHAT-Q2,CHAT-Q2,question,CHAT-G07,warm-1440,2870,,/Users/albin/Code/jori/dist/layout-hunt/before/chat/CHAT-G07/warm-1440/before.png,/Users/albin/Code/jori/dist/layout-hunt/before/chat/CHAT-G07/warm-1440/settled.png,/Users/albin/Code/jori/dist/layout-hunt/before/chat/CHAT-G07/warm-1440/record.json,/Users/albin/Code/jori/dist/layout-hunt/chat-causes-all.json
CHAT-Q2,CHAT-Q2,question,CHAT-G10,warm-1440,3095,,/Users/albin/Code/jori/dist/layout-hunt/before/chat/CHAT-G10/warm-1440/before.png,/Users/albin/Code/jori/dist/layout-hunt/before/chat/CHAT-G10/warm-1440/settled.png,/Users/albin/Code/jori/dist/layout-hunt/before/chat/CHAT-G10/warm-1440/record.json,/Users/albin/Code/jori/dist/layout-hunt/chat-causes-all.json
CHAT-Q3,CHAT-Q3,question,CHAT-049,cold-375,"1827,1915,2111,2294",,/Users/albin/Code/jori/dist/layout-hunt/before/chat/CHAT-049/cold-375/before.png,/Users/albin/Code/jori/dist/layout-hunt/before/chat/CHAT-049/cold-375/0.png,/Users/albin/Code/jori/dist/layout-hunt/before/chat/CHAT-049/cold-375/record.json,/Users/albin/Code/jori/dist/layout-hunt/chat-causes-all.json
CHAT-Q3,CHAT-Q3,question,CHAT-049,warm-375,"1687,1771,1955,2121",,/Users/albin/Code/jori/dist/layout-hunt/before/chat/CHAT-049/warm-375/before.png,/Users/albin/Code/jori/dist/layout-hunt/before/chat/CHAT-049/warm-375/0.png,/Users/albin/Code/jori/dist/layout-hunt/before/chat/CHAT-049/warm-375/record.json,/Users/albin/Code/jori/dist/layout-hunt/chat-causes-all.json
CHAT-Q3,CHAT-Q3,question,CHAT-050,cold-375,"1589,1692,1901,2106",,/Users/albin/Code/jori/dist/layout-hunt/before/chat/CHAT-050/cold-375/before.png,/Users/albin/Code/jori/dist/layout-hunt/before/chat/CHAT-050/cold-375/0.png,/Users/albin/Code/jori/dist/layout-hunt/before/chat/CHAT-050/cold-375/record.json,/Users/albin/Code/jori/dist/layout-hunt/chat-causes-all.json
CHAT-Q3,CHAT-Q3,question,CHAT-050,warm-375,"1392,1475,1642,1826",,/Users/albin/Code/jori/dist/layout-hunt/before/chat/CHAT-050/warm-375/before.png,/Users/albin/Code/jori/dist/layout-hunt/before/chat/CHAT-050/warm-375/0.png,/Users/albin/Code/jori/dist/layout-hunt/before/chat/CHAT-050/warm-375/record.json,/Users/albin/Code/jori/dist/layout-hunt/chat-causes-all.json
CHAT-Q3,CHAT-Q3,question,CHAT-051,cold-375,"1829,1927,2111,2249",,/Users/albin/Code/jori/dist/layout-hunt/before/chat/CHAT-051/cold-375/before.png,/Users/albin/Code/jori/dist/layout-hunt/before/chat/CHAT-051/cold-375/0.png,/Users/albin/Code/jori/dist/layout-hunt/before/chat/CHAT-051/cold-375/record.json,/Users/albin/Code/jori/dist/layout-hunt/chat-causes-all.json
CHAT-Q3,CHAT-Q3,question,CHAT-051,warm-375,"1694,1777,1961,2076",,/Users/albin/Code/jori/dist/layout-hunt/before/chat/CHAT-051/warm-375/before.png,/Users/albin/Code/jori/dist/layout-hunt/before/chat/CHAT-051/warm-375/0.png,/Users/albin/Code/jori/dist/layout-hunt/before/chat/CHAT-051/warm-375/record.json,/Users/albin/Code/jori/dist/layout-hunt/chat-causes-all.json
CHAT-Q3,CHAT-Q3,question,CHAT-052,cold-375,"1559,1655,1853,2051",,/Users/albin/Code/jori/dist/layout-hunt/before/chat/CHAT-052/cold-375/before.png,/Users/albin/Code/jori/dist/layout-hunt/before/chat/CHAT-052/cold-375/0.png,/Users/albin/Code/jori/dist/layout-hunt/before/chat/CHAT-052/cold-375/record.json,/Users/albin/Code/jori/dist/layout-hunt/chat-causes-all.json
CHAT-Q3,CHAT-Q3,question,CHAT-052,warm-375,"1375,1459,1641,1808",,/Users/albin/Code/jori/dist/layout-hunt/before/chat/CHAT-052/warm-375/before.png,/Users/albin/Code/jori/dist/layout-hunt/before/chat/CHAT-052/warm-375/0.png,/Users/albin/Code/jori/dist/layout-hunt/before/chat/CHAT-052/warm-375/record.json,/Users/albin/Code/jori/dist/layout-hunt/chat-causes-all.json
CHAT-Q3,CHAT-Q3,question,CHAT-053,cold-1440,"134,746,1325,1868,2412,3043",,/Users/albin/Code/jori/dist/layout-hunt/before/chat/CHAT-053/cold-1440/before.png,/Users/albin/Code/jori/dist/layout-hunt/before/chat/CHAT-053/cold-1440/0.png,/Users/albin/Code/jori/dist/layout-hunt/before/chat/CHAT-053/cold-1440/record.json,/Users/albin/Code/jori/dist/layout-hunt/chat-causes-all.json
CHAT-Q3,CHAT-Q3,question,CHAT-053,cold-375,"65,263,465,632,909,1060,1314,1465,1664,1864,2060,2259,2458,2659,2849,3061",,/Users/albin/Code/jori/dist/layout-hunt/before/chat/CHAT-053/cold-375/before.png,/Users/albin/Code/jori/dist/layout-hunt/before/chat/CHAT-053/cold-375/0.png,/Users/albin/Code/jori/dist/layout-hunt/before/chat/CHAT-053/cold-375/record.json,/Users/albin/Code/jori/dist/layout-hunt/chat-causes-all.json
CHAT-Q3,CHAT-Q3,question,CHAT-053,warm-1440,"373,724,1074,1462,1825,2174,2524,2925",,/Users/albin/Code/jori/dist/layout-hunt/before/chat/CHAT-053/warm-1440/before.png,/Users/albin/Code/jori/dist/layout-hunt/before/chat/CHAT-053/warm-1440/0.png,/Users/albin/Code/jori/dist/layout-hunt/before/chat/CHAT-053/warm-1440/record.json,/Users/albin/Code/jori/dist/layout-hunt/chat-causes-all.json
CHAT-Q3,CHAT-Q3,question,CHAT-053,warm-375,"136,320,454,670,804,1037,1170,1354,1526,1719,1904,2074,2271,2453,2622,2807,2988,3171",,/Users/albin/Code/jori/dist/layout-hunt/before/chat/CHAT-053/warm-375/before.png,/Users/albin/Code/jori/dist/layout-hunt/before/chat/CHAT-053/warm-375/0.png,/Users/albin/Code/jori/dist/layout-hunt/before/chat/CHAT-053/warm-375/record.json,/Users/albin/Code/jori/dist/layout-hunt/chat-causes-all.json
CHAT-Q3,CHAT-Q3,question,CHAT-054,cold-1440,"356,773,1211,1631,2089,2505,2906",,/Users/albin/Code/jori/dist/layout-hunt/before/chat/CHAT-054/cold-1440/before.png,/Users/albin/Code/jori/dist/layout-hunt/before/chat/CHAT-054/cold-1440/0.png,/Users/albin/Code/jori/dist/layout-hunt/before/chat/CHAT-054/cold-1440/record.json,/Users/albin/Code/jori/dist/layout-hunt/chat-causes-all.json
CHAT-Q3,CHAT-Q3,question,CHAT-054,cold-375,"73,273,458,607,841,990,1224,1372,1559,1755,1943,2138,2326,2522,2712,2904,3107",,/Users/albin/Code/jori/dist/layout-hunt/before/chat/CHAT-054/cold-375/before.png,/Users/albin/Code/jori/dist/layout-hunt/before/chat/CHAT-054/cold-375/0.png,/Users/albin/Code/jori/dist/layout-hunt/before/chat/CHAT-054/cold-375/record.json,/Users/albin/Code/jori/dist/layout-hunt/chat-causes-all.json
CHAT-Q3,CHAT-Q3,question,CHAT-054,warm-1440,"337,702,1068,1485,1853,2222,2603,3019",,/Users/albin/Code/jori/dist/layout-hunt/before/chat/CHAT-054/warm-1440/before.png,/Users/albin/Code/jori/dist/layout-hunt/before/chat/CHAT-054/warm-1440/0.png,/Users/albin/Code/jori/dist/layout-hunt/before/chat/CHAT-054/warm-1440/record.json,/Users/albin/Code/jori/dist/layout-hunt/chat-causes-all.json
CHAT-Q3,CHAT-Q3,question,CHAT-054,warm-375,"140,257,472,607,824,957,1140,1324,1505,1673,1859,2056,2240,2426,2623,2809,2991",,/Users/albin/Code/jori/dist/layout-hunt/before/chat/CHAT-054/warm-375/before.png,/Users/albin/Code/jori/dist/layout-hunt/before/chat/CHAT-054/warm-375/0.png,/Users/albin/Code/jori/dist/layout-hunt/before/chat/CHAT-054/warm-375/record.json,/Users/albin/Code/jori/dist/layout-hunt/chat-causes-all.json
CHAT-Q3,CHAT-Q3,question,CHAT-056,cold-1440,"261,766,1195,1609,2019,2493,2914",,/Users/albin/Code/jori/dist/layout-hunt/before/chat/CHAT-056/cold-1440/before.png,/Users/albin/Code/jori/dist/layout-hunt/before/chat/CHAT-056/cold-1440/0.png,/Users/albin/Code/jori/dist/layout-hunt/before/chat/CHAT-056/cold-1440/record.json,/Users/albin/Code/jori/dist/layout-hunt/chat-causes-all.json
CHAT-Q3,CHAT-Q3,question,CHAT-056,cold-375,"73,261,465,673,861,1058,1257,1442,1640,1825,2024,2210,2407,2606,2790,2927",,/Users/albin/Code/jori/dist/layout-hunt/before/chat/CHAT-056/cold-375/before.png,/Users/albin/Code/jori/dist/layout-hunt/before/chat/CHAT-056/cold-375/0.png,/Users/albin/Code/jori/dist/layout-hunt/before/chat/CHAT-056/cold-375/record.json,/Users/albin/Code/jori/dist/layout-hunt/chat-causes-all.json
CHAT-Q3,CHAT-Q3,question,CHAT-056,warm-1440,"205,571,940,1321,1721,2070,2423,2786,3173",,/Users/albin/Code/jori/dist/layout-hunt/before/chat/CHAT-056/warm-1440/before.png,/Users/albin/Code/jori/dist/layout-hunt/before/chat/CHAT-056/warm-1440/0.png,/Users/albin/Code/jori/dist/layout-hunt/before/chat/CHAT-056/warm-1440/record.json,/Users/albin/Code/jori/dist/layout-hunt/chat-causes-all.json
CHAT-Q3,CHAT-Q3,question,CHAT-056,warm-375,"60,225,409,576,744,926,1092,1259,1442,1608,1793,1958,2143,2258,2443,2608,2775,2959,3125",,/Users/albin/Code/jori/dist/layout-hunt/before/chat/CHAT-056/warm-375/before.png,/Users/albin/Code/jori/dist/layout-hunt/before/chat/CHAT-056/warm-375/0.png,/Users/albin/Code/jori/dist/layout-hunt/before/chat/CHAT-056/warm-375/record.json,/Users/albin/Code/jori/dist/layout-hunt/chat-causes-all.json
CHAT-Q3,CHAT-Q3,question,CHAT-060,cold-1440,"2368,2832,3272",,/Users/albin/Code/jori/dist/layout-hunt/before/chat/CHAT-060/cold-1440/before.png,/Users/albin/Code/jori/dist/layout-hunt/before/chat/CHAT-060/cold-1440/0.png,/Users/albin/Code/jori/dist/layout-hunt/before/chat/CHAT-060/cold-1440/record.json,/Users/albin/Code/jori/dist/layout-hunt/chat-causes-all.json
CHAT-Q3,CHAT-Q3,question,CHAT-060,cold-375,"1755,1955,2154,2354,2546,2743,2942,3141,3338",,/Users/albin/Code/jori/dist/layout-hunt/before/chat/CHAT-060/cold-375/before.png,/Users/albin/Code/jori/dist/layout-hunt/before/chat/CHAT-060/cold-375/0.png,/Users/albin/Code/jori/dist/layout-hunt/before/chat/CHAT-060/cold-375/record.json,/Users/albin/Code/jori/dist/layout-hunt/chat-causes-all.json
CHAT-Q3,CHAT-Q3,question,CHAT-060,warm-1440,"2031,2431,2798,3164",,/Users/albin/Code/jori/dist/layout-hunt/before/chat/CHAT-060/warm-1440/before.png,/Users/albin/Code/jori/dist/layout-hunt/before/chat/CHAT-060/warm-1440/0.png,/Users/albin/Code/jori/dist/layout-hunt/before/chat/CHAT-060/warm-1440/record.json,/Users/albin/Code/jori/dist/layout-hunt/chat-causes-all.json
CHAT-Q3,CHAT-Q3,question,CHAT-060,warm-375,"1442,1609,1776,1959,2125,2291,2459,2642,2809,2976,3159",,/Users/albin/Code/jori/dist/layout-hunt/before/chat/CHAT-060/warm-375/before.png,/Users/albin/Code/jori/dist/layout-hunt/before/chat/CHAT-060/warm-375/0.png,/Users/albin/Code/jori/dist/layout-hunt/before/chat/CHAT-060/warm-375/record.json,/Users/albin/Code/jori/dist/layout-hunt/chat-causes-all.json
CHAT-Q3,CHAT-Q3,question,CHAT-079,cold-375,"1569,1669,1857,2054",,/Users/albin/Code/jori/dist/layout-hunt/before/chat/CHAT-079/cold-375/before.png,/Users/albin/Code/jori/dist/layout-hunt/before/chat/CHAT-079/cold-375/0.png,/Users/albin/Code/jori/dist/layout-hunt/before/chat/CHAT-079/cold-375/record.json,/Users/albin/Code/jori/dist/layout-hunt/chat-causes-all.json
CHAT-Q3,CHAT-Q3,question,CHAT-079,warm-375,"1421,1504,1671,1837",,/Users/albin/Code/jori/dist/layout-hunt/before/chat/CHAT-079/warm-375/before.png,/Users/albin/Code/jori/dist/layout-hunt/before/chat/CHAT-079/warm-375/0.png,/Users/albin/Code/jori/dist/layout-hunt/before/chat/CHAT-079/warm-375/record.json,/Users/albin/Code/jori/dist/layout-hunt/chat-causes-all.json
CHAT-Q3,CHAT-Q3,question,CHAT-G07,cold-375,"1571,1660,1854,2037",,/Users/albin/Code/jori/dist/layout-hunt/before/chat/CHAT-G07/cold-375/before.png,/Users/albin/Code/jori/dist/layout-hunt/before/chat/CHAT-G07/cold-375/0.png,/Users/albin/Code/jori/dist/layout-hunt/before/chat/CHAT-G07/cold-375/record.json,/Users/albin/Code/jori/dist/layout-hunt/chat-causes-all.json
CHAT-Q3,CHAT-Q3,question,CHAT-G07,warm-375,"1392,1475,1642,1825",,/Users/albin/Code/jori/dist/layout-hunt/before/chat/CHAT-G07/warm-375/before.png,/Users/albin/Code/jori/dist/layout-hunt/before/chat/CHAT-G07/warm-375/0.png,/Users/albin/Code/jori/dist/layout-hunt/before/chat/CHAT-G07/warm-375/record.json,/Users/albin/Code/jori/dist/layout-hunt/chat-causes-all.json
CHAT-Q3,CHAT-Q3,question,CHAT-G10,cold-1440,"1517,1579,1830,2128",,/Users/albin/Code/jori/dist/layout-hunt/before/chat/CHAT-G10/cold-1440/before.png,/Users/albin/Code/jori/dist/layout-hunt/before/chat/CHAT-G10/cold-1440/0.png,/Users/albin/Code/jori/dist/layout-hunt/before/chat/CHAT-G10/cold-1440/record.json,/Users/albin/Code/jori/dist/layout-hunt/chat-causes-all.json
CHAT-Q3,CHAT-Q3,question,CHAT-G10,cold-375,"1470,1529,1754,1970,2021,2236,2453",,/Users/albin/Code/jori/dist/layout-hunt/before/chat/CHAT-G10/cold-375/before.png,/Users/albin/Code/jori/dist/layout-hunt/before/chat/CHAT-G10/cold-375/0.png,/Users/albin/Code/jori/dist/layout-hunt/before/chat/CHAT-G10/cold-375/record.json,/Users/albin/Code/jori/dist/layout-hunt/chat-causes-all.json
CHAT-Q3,CHAT-Q3,question,CHAT-G10,warm-1440,"1196,1246,1413,1632",,/Users/albin/Code/jori/dist/layout-hunt/before/chat/CHAT-G10/warm-1440/before.png,/Users/albin/Code/jori/dist/layout-hunt/before/chat/CHAT-G10/warm-1440/0.png,/Users/albin/Code/jori/dist/layout-hunt/before/chat/CHAT-G10/warm-1440/record.json,/Users/albin/Code/jori/dist/layout-hunt/chat-causes-all.json
CHAT-Q3,CHAT-Q3,question,CHAT-G10,warm-375,"1174,1225,1392,1575,1609,1792,1958",,/Users/albin/Code/jori/dist/layout-hunt/before/chat/CHAT-G10/warm-375/before.png,/Users/albin/Code/jori/dist/layout-hunt/before/chat/CHAT-G10/warm-375/0.png,/Users/albin/Code/jori/dist/layout-hunt/before/chat/CHAT-G10/warm-375/record.json,/Users/albin/Code/jori/dist/layout-hunt/chat-causes-all.json
CHAT-Q3,CHAT-Q3,question,CHAT-059,warm-375,"264,447,630,797,980,1163,1330,1514,1683,1830,1997,2180,2364,2530,2714,2897,3080,3263,3446,3613",,/Users/albin/Code/jori/dist/layout-hunt/before/chat-v3/CHAT-059/warm-375/before.png,/Users/albin/Code/jori/dist/layout-hunt/before/chat-v3/CHAT-059/warm-375/0.png,/Users/albin/Code/jori/dist/layout-hunt/before/chat-v3/CHAT-059/warm-375/record.json,/Users/albin/Code/jori/dist/layout-hunt/chat-causes-all.json
CHAT-Q3,CHAT-Q3,question,CHAT-062,cold-1440,"665,1172,1727,2299,2800,3346,3859",,/Users/albin/Code/jori/dist/layout-hunt/before/chat-v3/CHAT-062/cold-1440/before.png,/Users/albin/Code/jori/dist/layout-hunt/before/chat-v3/CHAT-062/cold-1440/0.png,/Users/albin/Code/jori/dist/layout-hunt/before/chat-v3/CHAT-062/cold-1440/record.json,/Users/albin/Code/jori/dist/layout-hunt/chat-causes-all.json
CHAT-Q3,CHAT-Q3,question,CHAT-062,cold-375,"180,359,623,781,1046,1221,1433,1641,1854,2057,2266,2471,2680,2895,3104,3312,3521",,/Users/albin/Code/jori/dist/layout-hunt/before/chat-v3/CHAT-062/cold-375/before.png,/Users/albin/Code/jori/dist/layout-hunt/before/chat-v3/CHAT-062/cold-375/0.png,/Users/albin/Code/jori/dist/layout-hunt/before/chat-v3/CHAT-062/cold-375/record.json,/Users/albin/Code/jori/dist/layout-hunt/chat-causes-all.json
CHAT-Q3,CHAT-Q3,question,CHAT-062,warm-1440,"119,486,886,1253,1636,1992,2408,2789,3169,3536",,/Users/albin/Code/jori/dist/layout-hunt/before/chat-v3/CHAT-062/warm-1440/before.png,/Users/albin/Code/jori/dist/layout-hunt/before/chat-v3/CHAT-062/warm-1440/0.png,/Users/albin/Code/jori/dist/layout-hunt/before/chat-v3/CHAT-062/warm-1440/record.json,/Users/albin/Code/jori/dist/layout-hunt/chat-causes-all.json
CHAT-Q3,CHAT-Q3,question,CHAT-062,warm-375,"127,345,477,660,827,1011,1194,1361,1544,1727,1894,2077,2244,2426,2596,2776,2960,3093,3277,3447,3629",,/Users/albin/Code/jori/dist/layout-hunt/before/chat-v3/CHAT-062/warm-375/before.png,/Users/albin/Code/jori/dist/layout-hunt/before/chat-v3/CHAT-062/warm-375/0.png,/Users/albin/Code/jori/dist/layout-hunt/before/chat-v3/CHAT-062/warm-375/record.json,/Users/albin/Code/jori/dist/layout-hunt/chat-causes-all.json
CHAT-Q4,CHAT-Q4,question,CHAT-061,cold-1440,60,,/Users/albin/Code/jori/dist/layout-hunt/before/chat/CHAT-061/cold-1440/before.png,/Users/albin/Code/jori/dist/layout-hunt/before/chat/CHAT-061/cold-1440/0.png,/Users/albin/Code/jori/dist/layout-hunt/before/chat/CHAT-061/cold-1440/record.json,/Users/albin/Code/jori/dist/layout-hunt/chat-causes-all.json
CHAT-Q4,CHAT-Q4,question,CHAT-061,cold-375,54,,/Users/albin/Code/jori/dist/layout-hunt/before/chat/CHAT-061/cold-375/before.png,/Users/albin/Code/jori/dist/layout-hunt/before/chat/CHAT-061/cold-375/0.png,/Users/albin/Code/jori/dist/layout-hunt/before/chat/CHAT-061/cold-375/record.json,/Users/albin/Code/jori/dist/layout-hunt/chat-causes-all.json
CHAT-Q4,CHAT-Q4,question,CHAT-061,warm-1440,37,,/Users/albin/Code/jori/dist/layout-hunt/before/chat/CHAT-061/warm-1440/before.png,/Users/albin/Code/jori/dist/layout-hunt/before/chat/CHAT-061/warm-1440/0.png,/Users/albin/Code/jori/dist/layout-hunt/before/chat/CHAT-061/warm-1440/record.json,/Users/albin/Code/jori/dist/layout-hunt/chat-causes-all.json
CHAT-Q4,CHAT-Q4,question,CHAT-061,warm-375,29,,/Users/albin/Code/jori/dist/layout-hunt/before/chat/CHAT-061/warm-375/before.png,/Users/albin/Code/jori/dist/layout-hunt/before/chat/CHAT-061/warm-375/0.png,/Users/albin/Code/jori/dist/layout-hunt/before/chat/CHAT-061/warm-375/record.json,/Users/albin/Code/jori/dist/layout-hunt/chat-causes-all.json
CHAT-Q4,CHAT-Q4,question,CHAT-062,cold-1440,137,,/Users/albin/Code/jori/dist/layout-hunt/before/chat-v3/CHAT-062/cold-1440/before.png,/Users/albin/Code/jori/dist/layout-hunt/before/chat-v3/CHAT-062/cold-1440/0.png,/Users/albin/Code/jori/dist/layout-hunt/before/chat-v3/CHAT-062/cold-1440/record.json,/Users/albin/Code/jori/dist/layout-hunt/chat-causes-all.json
CHAT-Q4,CHAT-Q4,question,CHAT-062,cold-375,55,,/Users/albin/Code/jori/dist/layout-hunt/before/chat-v3/CHAT-062/cold-375/before.png,/Users/albin/Code/jori/dist/layout-hunt/before/chat-v3/CHAT-062/cold-375/0.png,/Users/albin/Code/jori/dist/layout-hunt/before/chat-v3/CHAT-062/cold-375/record.json,/Users/albin/Code/jori/dist/layout-hunt/chat-causes-all.json
CHAT-Q4,CHAT-Q4,question,CHAT-062,warm-1440,43,,/Users/albin/Code/jori/dist/layout-hunt/before/chat-v3/CHAT-062/warm-1440/before.png,/Users/albin/Code/jori/dist/layout-hunt/before/chat-v3/CHAT-062/warm-1440/0.png,/Users/albin/Code/jori/dist/layout-hunt/before/chat-v3/CHAT-062/warm-1440/record.json,/Users/albin/Code/jori/dist/layout-hunt/chat-causes-all.json
CHAT-Q4,CHAT-Q4,question,CHAT-062,warm-375,37,,/Users/albin/Code/jori/dist/layout-hunt/before/chat-v3/CHAT-062/warm-375/before.png,/Users/albin/Code/jori/dist/layout-hunt/before/chat-v3/CHAT-062/warm-375/0.png,/Users/albin/Code/jori/dist/layout-hunt/before/chat-v3/CHAT-062/warm-375/record.json,/Users/albin/Code/jori/dist/layout-hunt/chat-causes-all.json
CHAT-Q5,CHAT-Q5,question,CHAT-075,cold-1440,53,,/Users/albin/Code/jori/dist/layout-hunt/before/chat/CHAT-075/cold-1440/before.png,/Users/albin/Code/jori/dist/layout-hunt/before/chat/CHAT-075/cold-1440/0.png,/Users/albin/Code/jori/dist/layout-hunt/before/chat/CHAT-075/cold-1440/record.json,/Users/albin/Code/jori/dist/layout-hunt/chat-causes-all.json
CHAT-Q5,CHAT-Q5,question,CHAT-075,cold-375,,,/Users/albin/Code/jori/dist/layout-hunt/before/chat/CHAT-075/cold-375/before.png,/Users/albin/Code/jori/dist/layout-hunt/before/chat/CHAT-075/cold-375/0.png,/Users/albin/Code/jori/dist/layout-hunt/before/chat/CHAT-075/cold-375/record.json,/Users/albin/Code/jori/dist/layout-hunt/chat-causes-all.json
CHAT-Q5,CHAT-Q5,question,CHAT-075,warm-1440,44,,/Users/albin/Code/jori/dist/layout-hunt/before/chat/CHAT-075/warm-1440/before.png,/Users/albin/Code/jori/dist/layout-hunt/before/chat/CHAT-075/warm-1440/0.png,/Users/albin/Code/jori/dist/layout-hunt/before/chat/CHAT-075/warm-1440/record.json,/Users/albin/Code/jori/dist/layout-hunt/chat-causes-all.json
CHAT-Q5,CHAT-Q5,question,CHAT-075,warm-375,,,/Users/albin/Code/jori/dist/layout-hunt/before/chat/CHAT-075/warm-375/before.png,/Users/albin/Code/jori/dist/layout-hunt/before/chat/CHAT-075/warm-375/0.png,/Users/albin/Code/jori/dist/layout-hunt/before/chat/CHAT-075/warm-375/record.json,/Users/albin/Code/jori/dist/layout-hunt/chat-causes-all.json
CHAT-Q6,CHAT-Q6,question,CHAT-090,cold-1440,81,,/Users/albin/Code/jori/dist/layout-hunt/before/chat/CHAT-090/cold-1440/before.png,/Users/albin/Code/jori/dist/layout-hunt/before/chat/CHAT-090/cold-1440/0.png,/Users/albin/Code/jori/dist/layout-hunt/before/chat/CHAT-090/cold-1440/record.json,/Users/albin/Code/jori/dist/layout-hunt/chat-causes-all.json
CHAT-Q6,CHAT-Q6,question,CHAT-090,cold-375,68,,/Users/albin/Code/jori/dist/layout-hunt/before/chat/CHAT-090/cold-375/before.png,/Users/albin/Code/jori/dist/layout-hunt/before/chat/CHAT-090/cold-375/0.png,/Users/albin/Code/jori/dist/layout-hunt/before/chat/CHAT-090/cold-375/record.json,/Users/albin/Code/jori/dist/layout-hunt/chat-causes-all.json
CHAT-Q6,CHAT-Q6,question,CHAT-090,warm-1440,41,,/Users/albin/Code/jori/dist/layout-hunt/before/chat/CHAT-090/warm-1440/before.png,/Users/albin/Code/jori/dist/layout-hunt/before/chat/CHAT-090/warm-1440/0.png,/Users/albin/Code/jori/dist/layout-hunt/before/chat/CHAT-090/warm-1440/record.json,/Users/albin/Code/jori/dist/layout-hunt/chat-causes-all.json
CHAT-Q6,CHAT-Q6,question,CHAT-090,warm-375,32,,/Users/albin/Code/jori/dist/layout-hunt/before/chat/CHAT-090/warm-375/before.png,/Users/albin/Code/jori/dist/layout-hunt/before/chat/CHAT-090/warm-375/0.png,/Users/albin/Code/jori/dist/layout-hunt/before/chat/CHAT-090/warm-375/record.json,/Users/albin/Code/jori/dist/layout-hunt/chat-causes-all.json
CHAT-Q7,CHAT-Q7,question,FILE-003,cold-1440,,,/Users/albin/Code/jori/dist/layout-hunt/before/chat/FILE-003/cold-1440/before.png,/Users/albin/Code/jori/dist/layout-hunt/before/chat/FILE-003/cold-1440/0.png,/Users/albin/Code/jori/dist/layout-hunt/before/chat/FILE-003/cold-1440/record.json,/Users/albin/Code/jori/dist/layout-hunt/chat-causes-all.json
CHAT-Q7,CHAT-Q7,question,FILE-003,cold-375,,,/Users/albin/Code/jori/dist/layout-hunt/before/chat/FILE-003/cold-375/before.png,/Users/albin/Code/jori/dist/layout-hunt/before/chat/FILE-003/cold-375/0.png,/Users/albin/Code/jori/dist/layout-hunt/before/chat/FILE-003/cold-375/record.json,/Users/albin/Code/jori/dist/layout-hunt/chat-causes-all.json
CHAT-Q7,CHAT-Q7,question,FILE-003,warm-1440,,,/Users/albin/Code/jori/dist/layout-hunt/before/chat/FILE-003/warm-1440/before.png,/Users/albin/Code/jori/dist/layout-hunt/before/chat/FILE-003/warm-1440/0.png,/Users/albin/Code/jori/dist/layout-hunt/before/chat/FILE-003/warm-1440/record.json,/Users/albin/Code/jori/dist/layout-hunt/chat-causes-all.json
CHAT-Q7,CHAT-Q7,question,FILE-003,warm-375,,,/Users/albin/Code/jori/dist/layout-hunt/before/chat/FILE-003/warm-375/before.png,/Users/albin/Code/jori/dist/layout-hunt/before/chat/FILE-003/warm-375/0.png,/Users/albin/Code/jori/dist/layout-hunt/before/chat/FILE-003/warm-375/record.json,/Users/albin/Code/jori/dist/layout-hunt/chat-causes-all.json
CHAT-Q8,CHAT-Q8,question,FILE-019,cold-375,,,/Users/albin/Code/jori/dist/layout-hunt/before/chat/FILE-019/cold-375/before.png,/Users/albin/Code/jori/dist/layout-hunt/before/chat/FILE-019/cold-375/0.png,/Users/albin/Code/jori/dist/layout-hunt/before/chat/FILE-019/cold-375/record.json,/Users/albin/Code/jori/dist/layout-hunt/chat-causes-all.json
CHAT-Q8,CHAT-Q8,question,FILE-019,warm-375,,,/Users/albin/Code/jori/dist/layout-hunt/before/chat/FILE-019/warm-375/before.png,/Users/albin/Code/jori/dist/layout-hunt/before/chat/FILE-019/warm-375/0.png,/Users/albin/Code/jori/dist/layout-hunt/before/chat/FILE-019/warm-375/record.json,/Users/albin/Code/jori/dist/layout-hunt/chat-causes-all.json
CHAT-Q8,CHAT-Q8,question,FILE-020,cold-375,,,/Users/albin/Code/jori/dist/layout-hunt/before/chat/FILE-020/cold-375/before.png,/Users/albin/Code/jori/dist/layout-hunt/before/chat/FILE-020/cold-375/0.png,/Users/albin/Code/jori/dist/layout-hunt/before/chat/FILE-020/cold-375/record.json,/Users/albin/Code/jori/dist/layout-hunt/chat-causes-all.json
CHAT-Q8,CHAT-Q8,question,FILE-020,warm-375,,,/Users/albin/Code/jori/dist/layout-hunt/before/chat/FILE-020/warm-375/before.png,/Users/albin/Code/jori/dist/layout-hunt/before/chat/FILE-020/warm-375/0.png,/Users/albin/Code/jori/dist/layout-hunt/before/chat/FILE-020/warm-375/record.json,/Users/albin/Code/jori/dist/layout-hunt/chat-causes-all.json
CHAT-Q9,CHAT-Q9,question,CHAT-G13,cold-1440,63,,/Users/albin/Code/jori/dist/layout-hunt/before/chat/CHAT-G13/cold-1440/before.png,/Users/albin/Code/jori/dist/layout-hunt/before/chat/CHAT-G13/cold-1440/0.png,/Users/albin/Code/jori/dist/layout-hunt/before/chat/CHAT-G13/cold-1440/record.json,/Users/albin/Code/jori/dist/layout-hunt/chat-causes-all.json
CHAT-Q9,CHAT-Q9,question,CHAT-G13,cold-375,293,,/Users/albin/Code/jori/dist/layout-hunt/before/chat/CHAT-G13/cold-375/before.png,/Users/albin/Code/jori/dist/layout-hunt/before/chat/CHAT-G13/cold-375/0.png,/Users/albin/Code/jori/dist/layout-hunt/before/chat/CHAT-G13/cold-375/record.json,/Users/albin/Code/jori/dist/layout-hunt/chat-causes-all.json
CHAT-Q9,CHAT-Q9,question,CHAT-G13,warm-1440,40,,/Users/albin/Code/jori/dist/layout-hunt/before/chat/CHAT-G13/warm-1440/before.png,/Users/albin/Code/jori/dist/layout-hunt/before/chat/CHAT-G13/warm-1440/0.png,/Users/albin/Code/jori/dist/layout-hunt/before/chat/CHAT-G13/warm-1440/record.json,/Users/albin/Code/jori/dist/layout-hunt/chat-causes-all.json
CHAT-Q9,CHAT-Q9,question,CHAT-G13,warm-375,47,,/Users/albin/Code/jori/dist/layout-hunt/before/chat/CHAT-G13/warm-375/before.png,/Users/albin/Code/jori/dist/layout-hunt/before/chat/CHAT-G13/warm-375/0.png,/Users/albin/Code/jori/dist/layout-hunt/before/chat/CHAT-G13/warm-375/record.json,/Users/albin/Code/jori/dist/layout-hunt/chat-causes-all.json
CHAT-C01,CHAT-C01,candidate,CHAT-050,warm-1440,,,/Users/albin/Code/jori/dist/layout-hunt/before/chat/CHAT-050/warm-1440/0.png,/Users/albin/Code/jori/dist/layout-hunt/before/chat/CHAT-050/warm-1440/250.png,/Users/albin/Code/jori/dist/layout-hunt/before/chat/CHAT-050/warm-1440/record.json,/Users/albin/Code/jori/dist/layout-hunt/chat-causes-all.json
CHAT-C01,CHAT-C01,candidate,CHAT-050,warm-375,,,/Users/albin/Code/jori/dist/layout-hunt/before/chat/CHAT-050/warm-375/0.png,/Users/albin/Code/jori/dist/layout-hunt/before/chat/CHAT-050/warm-375/250.png,/Users/albin/Code/jori/dist/layout-hunt/before/chat/CHAT-050/warm-375/record.json,/Users/albin/Code/jori/dist/layout-hunt/chat-causes-all.json
CHAT-C01,CHAT-C01,candidate,CHAT-052,warm-375,,,/Users/albin/Code/jori/dist/layout-hunt/before/chat/CHAT-052/warm-375/0.png,/Users/albin/Code/jori/dist/layout-hunt/before/chat/CHAT-052/warm-375/250.png,/Users/albin/Code/jori/dist/layout-hunt/before/chat/CHAT-052/warm-375/record.json,/Users/albin/Code/jori/dist/layout-hunt/chat-causes-all.json
CHAT-C01,CHAT-C01,candidate,CHAT-G07,warm-375,,,/Users/albin/Code/jori/dist/layout-hunt/before/chat/CHAT-G07/warm-375/0.png,/Users/albin/Code/jori/dist/layout-hunt/before/chat/CHAT-G07/warm-375/250.png,/Users/albin/Code/jori/dist/layout-hunt/before/chat/CHAT-G07/warm-375/record.json,/Users/albin/Code/jori/dist/layout-hunt/chat-causes-all.json
CHAT-C02,CHAT-C02,candidate,CHAT-G10,cold-1440,,,/Users/albin/Code/jori/dist/layout-hunt/before/chat/CHAT-G10/cold-1440/3000.png,/Users/albin/Code/jori/dist/layout-hunt/before/chat/CHAT-G10/cold-1440/settled.png,/Users/albin/Code/jori/dist/layout-hunt/before/chat/CHAT-G10/cold-1440/record.json,/Users/albin/Code/jori/dist/layout-hunt/chat-causes-all.json
CF-01,CF-01,confirmed,C081-empty,cold-1440,1254,,/Users/albin/Code/jori/dist/layout-hunt/before/controls/C081-empty/cold-1440/1000.png,/Users/albin/Code/jori/dist/layout-hunt/before/controls/C081-empty/cold-1440/3000.png,/Users/albin/Code/jori/dist/layout-hunt/before/controls/C081-empty/cold-1440/record.json,/Users/albin/Code/jori/dist/layout-hunt/CONTROLS_OCCURRENCES.json
CF-01,CF-01,confirmed,C081-empty,warm-1440,1221,,/Users/albin/Code/jori/dist/layout-hunt/before/controls/C081-empty/warm-1440/1000.png,/Users/albin/Code/jori/dist/layout-hunt/before/controls/C081-empty/warm-1440/3000.png,/Users/albin/Code/jori/dist/layout-hunt/before/controls/C081-empty/warm-1440/record.json,/Users/albin/Code/jori/dist/layout-hunt/CONTROLS_OCCURRENCES.json
CF-01,CF-01,confirmed,C081-empty,cold-375,1245,,/Users/albin/Code/jori/dist/layout-hunt/before/controls/C081-empty/cold-375/1000.png,/Users/albin/Code/jori/dist/layout-hunt/before/controls/C081-empty/cold-375/3000.png,/Users/albin/Code/jori/dist/layout-hunt/before/controls/C081-empty/cold-375/record.json,/Users/albin/Code/jori/dist/layout-hunt/CONTROLS_OCCURRENCES.json
CF-01,CF-01,confirmed,C081-empty,warm-375,1222,,/Users/albin/Code/jori/dist/layout-hunt/before/controls/C081-empty/warm-375/1000.png,/Users/albin/Code/jori/dist/layout-hunt/before/controls/C081-empty/warm-375/3000.png,/Users/albin/Code/jori/dist/layout-hunt/before/controls/C081-empty/warm-375/record.json,/Users/albin/Code/jori/dist/layout-hunt/CONTROLS_OCCURRENCES.json
CF-01,CF-01,confirmed,C081-clear,cold-1440,12,,/Users/albin/Code/jori/dist/layout-hunt/before/controls/C081-clear/cold-1440/before.png,/Users/albin/Code/jori/dist/layout-hunt/before/controls/C081-clear/cold-1440/0.png,/Users/albin/Code/jori/dist/layout-hunt/before/controls/C081-clear/cold-1440/record.json,/Users/albin/Code/jori/dist/layout-hunt/CONTROLS_OCCURRENCES.json
CF-01,CF-01,confirmed,C081-clear,warm-1440,13,,/Users/albin/Code/jori/dist/layout-hunt/before/controls/C081-clear/warm-1440/before.png,/Users/albin/Code/jori/dist/layout-hunt/before/controls/C081-clear/warm-1440/0.png,/Users/albin/Code/jori/dist/layout-hunt/before/controls/C081-clear/warm-1440/record.json,/Users/albin/Code/jori/dist/layout-hunt/CONTROLS_OCCURRENCES.json
CF-01,CF-01,confirmed,C081-clear,cold-375,12,,/Users/albin/Code/jori/dist/layout-hunt/before/controls/C081-clear/cold-375/before.png,/Users/albin/Code/jori/dist/layout-hunt/before/controls/C081-clear/cold-375/0.png,/Users/albin/Code/jori/dist/layout-hunt/before/controls/C081-clear/cold-375/record.json,/Users/albin/Code/jori/dist/layout-hunt/CONTROLS_OCCURRENCES.json
CF-01,CF-01,confirmed,C081-clear,warm-375,11,,/Users/albin/Code/jori/dist/layout-hunt/before/controls/C081-clear/warm-375/before.png,/Users/albin/Code/jori/dist/layout-hunt/before/controls/C081-clear/warm-375/0.png,/Users/albin/Code/jori/dist/layout-hunt/before/controls/C081-clear/warm-375/record.json,/Users/albin/Code/jori/dist/layout-hunt/CONTROLS_OCCURRENCES.json
CF-01,CF-01,confirmed,C088-error,cold-1440,52,,/Users/albin/Code/jori/dist/layout-hunt/before/controls/C088-error/cold-1440/before.png,/Users/albin/Code/jori/dist/layout-hunt/before/controls/C088-error/cold-1440/0.png,/Users/albin/Code/jori/dist/layout-hunt/before/controls/C088-error/cold-1440/record.json,/Users/albin/Code/jori/dist/layout-hunt/CONTROLS_OCCURRENCES.json
CF-01,CF-01,confirmed,C088-error,warm-1440,34,,/Users/albin/Code/jori/dist/layout-hunt/before/controls/C088-error/warm-1440/before.png,/Users/albin/Code/jori/dist/layout-hunt/before/controls/C088-error/warm-1440/0.png,/Users/albin/Code/jori/dist/layout-hunt/before/controls/C088-error/warm-1440/record.json,/Users/albin/Code/jori/dist/layout-hunt/CONTROLS_OCCURRENCES.json
CF-01,CF-01,confirmed,C088-error,cold-375,35,,/Users/albin/Code/jori/dist/layout-hunt/before/controls/C088-error/cold-375/before.png,/Users/albin/Code/jori/dist/layout-hunt/before/controls/C088-error/cold-375/0.png,/Users/albin/Code/jori/dist/layout-hunt/before/controls/C088-error/cold-375/record.json,/Users/albin/Code/jori/dist/layout-hunt/CONTROLS_OCCURRENCES.json
CF-01,CF-01,confirmed,C088-error,warm-375,26,,/Users/albin/Code/jori/dist/layout-hunt/before/controls/C088-error/warm-375/before.png,/Users/albin/Code/jori/dist/layout-hunt/before/controls/C088-error/warm-375/0.png,/Users/albin/Code/jori/dist/layout-hunt/before/controls/C088-error/warm-375/record.json,/Users/albin/Code/jori/dist/layout-hunt/CONTROLS_OCCURRENCES.json
CF-01,CF-01,confirmed,C088-clear,cold-1440,31,,/Users/albin/Code/jori/dist/layout-hunt/before/controls/C088-clear/cold-1440/before.png,/Users/albin/Code/jori/dist/layout-hunt/before/controls/C088-clear/cold-1440/0.png,/Users/albin/Code/jori/dist/layout-hunt/before/controls/C088-clear/cold-1440/record.json,/Users/albin/Code/jori/dist/layout-hunt/CONTROLS_OCCURRENCES.json
CF-01,CF-01,confirmed,C088-clear,warm-1440,19,,/Users/albin/Code/jori/dist/layout-hunt/before/controls/C088-clear/warm-1440/before.png,/Users/albin/Code/jori/dist/layout-hunt/before/controls/C088-clear/warm-1440/0.png,/Users/albin/Code/jori/dist/layout-hunt/before/controls/C088-clear/warm-1440/record.json,/Users/albin/Code/jori/dist/layout-hunt/CONTROLS_OCCURRENCES.json
CF-01,CF-01,confirmed,C088-clear,cold-375,24,,/Users/albin/Code/jori/dist/layout-hunt/before/controls/C088-clear/cold-375/before.png,/Users/albin/Code/jori/dist/layout-hunt/before/controls/C088-clear/cold-375/0.png,/Users/albin/Code/jori/dist/layout-hunt/before/controls/C088-clear/cold-375/record.json,/Users/albin/Code/jori/dist/layout-hunt/CONTROLS_OCCURRENCES.json
CF-01,CF-01,confirmed,C088-clear,warm-375,27,,/Users/albin/Code/jori/dist/layout-hunt/before/controls/C088-clear/warm-375/before.png,/Users/albin/Code/jori/dist/layout-hunt/before/controls/C088-clear/warm-375/0.png,/Users/albin/Code/jori/dist/layout-hunt/before/controls/C088-clear/warm-375/record.json,/Users/albin/Code/jori/dist/layout-hunt/CONTROLS_OCCURRENCES.json
CF-01,CF-01,confirmed,C107-error,cold-1440,214,,/Users/albin/Code/jori/dist/layout-hunt/before/controls/C107-error/cold-1440/before.png,/Users/albin/Code/jori/dist/layout-hunt/before/controls/C107-error/cold-1440/0.png,/Users/albin/Code/jori/dist/layout-hunt/before/controls/C107-error/cold-1440/record.json,/Users/albin/Code/jori/dist/layout-hunt/CONTROLS_OCCURRENCES.json
CF-01,CF-01,confirmed,C107-error,warm-1440,80,,/Users/albin/Code/jori/dist/layout-hunt/before/controls/C107-error/warm-1440/before.png,/Users/albin/Code/jori/dist/layout-hunt/before/controls/C107-error/warm-1440/0.png,/Users/albin/Code/jori/dist/layout-hunt/before/controls/C107-error/warm-1440/record.json,/Users/albin/Code/jori/dist/layout-hunt/CONTROLS_OCCURRENCES.json
CF-01,CF-01,confirmed,C107-error,cold-375,226,,/Users/albin/Code/jori/dist/layout-hunt/before/controls/C107-error/cold-375/before.png,/Users/albin/Code/jori/dist/layout-hunt/before/controls/C107-error/cold-375/0.png,/Users/albin/Code/jori/dist/layout-hunt/before/controls/C107-error/cold-375/record.json,/Users/albin/Code/jori/dist/layout-hunt/CONTROLS_OCCURRENCES.json
CF-01,CF-01,confirmed,C107-error,warm-375,55,,/Users/albin/Code/jori/dist/layout-hunt/before/controls/C107-error/warm-375/before.png,/Users/albin/Code/jori/dist/layout-hunt/before/controls/C107-error/warm-375/0.png,/Users/albin/Code/jori/dist/layout-hunt/before/controls/C107-error/warm-375/record.json,/Users/albin/Code/jori/dist/layout-hunt/CONTROLS_OCCURRENCES.json
CF-01,CF-01,confirmed,C123-error,cold-1440,43,,/Users/albin/Code/jori/dist/layout-hunt/before/controls/C123-error/cold-1440/before.png,/Users/albin/Code/jori/dist/layout-hunt/before/controls/C123-error/cold-1440/0.png,/Users/albin/Code/jori/dist/layout-hunt/before/controls/C123-error/cold-1440/record.json,/Users/albin/Code/jori/dist/layout-hunt/CONTROLS_OCCURRENCES.json
CF-01,CF-01,confirmed,C123-error,warm-1440,35,,/Users/albin/Code/jori/dist/layout-hunt/before/controls/C123-error/warm-1440/before.png,/Users/albin/Code/jori/dist/layout-hunt/before/controls/C123-error/warm-1440/0.png,/Users/albin/Code/jori/dist/layout-hunt/before/controls/C123-error/warm-1440/record.json,/Users/albin/Code/jori/dist/layout-hunt/CONTROLS_OCCURRENCES.json
CF-01,CF-01,confirmed,C123-error,cold-375,76,,/Users/albin/Code/jori/dist/layout-hunt/before/controls/C123-error/cold-375/before.png,/Users/albin/Code/jori/dist/layout-hunt/before/controls/C123-error/cold-375/0.png,/Users/albin/Code/jori/dist/layout-hunt/before/controls/C123-error/cold-375/record.json,/Users/albin/Code/jori/dist/layout-hunt/CONTROLS_OCCURRENCES.json
CF-01,CF-01,confirmed,C123-error,warm-375,25,,/Users/albin/Code/jori/dist/layout-hunt/before/controls/C123-error/warm-375/before.png,/Users/albin/Code/jori/dist/layout-hunt/before/controls/C123-error/warm-375/0.png,/Users/albin/Code/jori/dist/layout-hunt/before/controls/C123-error/warm-375/record.json,/Users/albin/Code/jori/dist/layout-hunt/CONTROLS_OCCURRENCES.json
CF-01,CF-01,confirmed,C123-clear,cold-1440,84,,/Users/albin/Code/jori/dist/layout-hunt/before/controls/C123-clear/cold-1440/before.png,/Users/albin/Code/jori/dist/layout-hunt/before/controls/C123-clear/cold-1440/0.png,/Users/albin/Code/jori/dist/layout-hunt/before/controls/C123-clear/cold-1440/record.json,/Users/albin/Code/jori/dist/layout-hunt/CONTROLS_OCCURRENCES.json
CF-01,CF-01,confirmed,C123-clear,warm-1440,17,,/Users/albin/Code/jori/dist/layout-hunt/before/controls/C123-clear/warm-1440/before.png,/Users/albin/Code/jori/dist/layout-hunt/before/controls/C123-clear/warm-1440/0.png,/Users/albin/Code/jori/dist/layout-hunt/before/controls/C123-clear/warm-1440/record.json,/Users/albin/Code/jori/dist/layout-hunt/CONTROLS_OCCURRENCES.json
CF-01,CF-01,confirmed,C123-clear,cold-375,21,,/Users/albin/Code/jori/dist/layout-hunt/before/controls/C123-clear/cold-375/before.png,/Users/albin/Code/jori/dist/layout-hunt/before/controls/C123-clear/cold-375/0.png,/Users/albin/Code/jori/dist/layout-hunt/before/controls/C123-clear/cold-375/record.json,/Users/albin/Code/jori/dist/layout-hunt/CONTROLS_OCCURRENCES.json
CF-01,CF-01,confirmed,C123-clear,warm-375,6,,/Users/albin/Code/jori/dist/layout-hunt/before/controls/C123-clear/warm-375/before.png,/Users/albin/Code/jori/dist/layout-hunt/before/controls/C123-clear/warm-375/0.png,/Users/albin/Code/jori/dist/layout-hunt/before/controls/C123-clear/warm-375/record.json,/Users/albin/Code/jori/dist/layout-hunt/CONTROLS_OCCURRENCES.json
CF-01,CF-01,confirmed,C142-empty,cold-1440,432,,/Users/albin/Code/jori/dist/layout-hunt/before/controls/C142-empty/cold-1440/before.png,/Users/albin/Code/jori/dist/layout-hunt/before/controls/C142-empty/cold-1440/0.png,/Users/albin/Code/jori/dist/layout-hunt/before/controls/C142-empty/cold-1440/record.json,/Users/albin/Code/jori/dist/layout-hunt/CONTROLS_OCCURRENCES.json
CF-01,CF-01,confirmed,C142-empty,warm-1440,46,,/Users/albin/Code/jori/dist/layout-hunt/before/controls/C142-empty/warm-1440/before.png,/Users/albin/Code/jori/dist/layout-hunt/before/controls/C142-empty/warm-1440/0.png,/Users/albin/Code/jori/dist/layout-hunt/before/controls/C142-empty/warm-1440/record.json,/Users/albin/Code/jori/dist/layout-hunt/CONTROLS_OCCURRENCES.json
CF-02,CF-02,confirmed,C085-schema-close,cold-1440,,,/Users/albin/Code/jori/dist/layout-hunt/before/controls/C085-schema-close/cold-1440/before.png,/Users/albin/Code/jori/dist/layout-hunt/before/controls/C085-schema-close/cold-1440/0.png,/Users/albin/Code/jori/dist/layout-hunt/before/controls/C085-schema-close/cold-1440/record.json,/Users/albin/Code/jori/dist/layout-hunt/CONTROLS_OCCURRENCES.json
CF-02,CF-02,confirmed,C085-schema-close,warm-1440,,,/Users/albin/Code/jori/dist/layout-hunt/before/controls/C085-schema-close/warm-1440/before.png,/Users/albin/Code/jori/dist/layout-hunt/before/controls/C085-schema-close/warm-1440/0.png,/Users/albin/Code/jori/dist/layout-hunt/before/controls/C085-schema-close/warm-1440/record.json,/Users/albin/Code/jori/dist/layout-hunt/CONTROLS_OCCURRENCES.json
CF-02,CF-02,confirmed,C085-schema-close,cold-375,,,/Users/albin/Code/jori/dist/layout-hunt/before/controls/C085-schema-close/cold-375/before.png,/Users/albin/Code/jori/dist/layout-hunt/before/controls/C085-schema-close/cold-375/0.png,/Users/albin/Code/jori/dist/layout-hunt/before/controls/C085-schema-close/cold-375/record.json,/Users/albin/Code/jori/dist/layout-hunt/CONTROLS_OCCURRENCES.json
CF-02,CF-02,confirmed,C085-schema-close,warm-375,,,/Users/albin/Code/jori/dist/layout-hunt/before/controls/C085-schema-close/warm-375/before.png,/Users/albin/Code/jori/dist/layout-hunt/before/controls/C085-schema-close/warm-375/0.png,/Users/albin/Code/jori/dist/layout-hunt/before/controls/C085-schema-close/warm-375/record.json,/Users/albin/Code/jori/dist/layout-hunt/CONTROLS_OCCURRENCES.json
CF-02,CF-02,confirmed,C089-remove,cold-1440,,,/Users/albin/Code/jori/dist/layout-hunt/before/controls/C089-remove/cold-1440/before.png,/Users/albin/Code/jori/dist/layout-hunt/before/controls/C089-remove/cold-1440/0.png,/Users/albin/Code/jori/dist/layout-hunt/before/controls/C089-remove/cold-1440/record.json,/Users/albin/Code/jori/dist/layout-hunt/CONTROLS_OCCURRENCES.json
CF-02,CF-02,confirmed,C089-remove,warm-1440,,,/Users/albin/Code/jori/dist/layout-hunt/before/controls/C089-remove/warm-1440/before.png,/Users/albin/Code/jori/dist/layout-hunt/before/controls/C089-remove/warm-1440/0.png,/Users/albin/Code/jori/dist/layout-hunt/before/controls/C089-remove/warm-1440/record.json,/Users/albin/Code/jori/dist/layout-hunt/CONTROLS_OCCURRENCES.json
CF-02,CF-02,confirmed,C089-remove,cold-375,,,/Users/albin/Code/jori/dist/layout-hunt/before/controls/C089-remove/cold-375/before.png,/Users/albin/Code/jori/dist/layout-hunt/before/controls/C089-remove/cold-375/0.png,/Users/albin/Code/jori/dist/layout-hunt/before/controls/C089-remove/cold-375/record.json,/Users/albin/Code/jori/dist/layout-hunt/CONTROLS_OCCURRENCES.json
CF-02,CF-02,confirmed,C089-remove,warm-375,,,/Users/albin/Code/jori/dist/layout-hunt/before/controls/C089-remove/warm-375/before.png,/Users/albin/Code/jori/dist/layout-hunt/before/controls/C089-remove/warm-375/0.png,/Users/albin/Code/jori/dist/layout-hunt/before/controls/C089-remove/warm-375/record.json,/Users/albin/Code/jori/dist/layout-hunt/CONTROLS_OCCURRENCES.json
CF-02,CF-02,confirmed,C090-close,cold-1440,,Geometry54 ms captures empty modal; PNG196 ms misses its fading blank strip. Other profiles visibly reproduce.,/Users/albin/Code/jori/dist/layout-hunt/before/controls/C090-close/cold-1440/before.png,/Users/albin/Code/jori/dist/layout-hunt/before/controls/C090-close/cold-1440/0.png,/Users/albin/Code/jori/dist/layout-hunt/before/controls/C090-close/cold-1440/record.json,/Users/albin/Code/jori/dist/layout-hunt/CONTROLS_OCCURRENCES.json
CF-02,CF-02,confirmed,C090-close,warm-1440,,,/Users/albin/Code/jori/dist/layout-hunt/before/controls/C090-close/warm-1440/before.png,/Users/albin/Code/jori/dist/layout-hunt/before/controls/C090-close/warm-1440/0.png,/Users/albin/Code/jori/dist/layout-hunt/before/controls/C090-close/warm-1440/record.json,/Users/albin/Code/jori/dist/layout-hunt/CONTROLS_OCCURRENCES.json
CF-02,CF-02,confirmed,C090-close,cold-375,,,/Users/albin/Code/jori/dist/layout-hunt/before/controls/C090-close/cold-375/before.png,/Users/albin/Code/jori/dist/layout-hunt/before/controls/C090-close/cold-375/0.png,/Users/albin/Code/jori/dist/layout-hunt/before/controls/C090-close/cold-375/record.json,/Users/albin/Code/jori/dist/layout-hunt/CONTROLS_OCCURRENCES.json
CF-02,CF-02,confirmed,C090-close,warm-375,,,/Users/albin/Code/jori/dist/layout-hunt/before/controls/C090-close/warm-375/before.png,/Users/albin/Code/jori/dist/layout-hunt/before/controls/C090-close/warm-375/0.png,/Users/albin/Code/jori/dist/layout-hunt/before/controls/C090-close/warm-375/record.json,/Users/albin/Code/jori/dist/layout-hunt/CONTROLS_OCCURRENCES.json
CF-03,CF-03,question,C082-unset,cold-1440,,,/Users/albin/Code/jori/dist/layout-hunt/before/controls/C082-unset/cold-1440/before.png,/Users/albin/Code/jori/dist/layout-hunt/before/controls/C082-unset/cold-1440/0.png,/Users/albin/Code/jori/dist/layout-hunt/before/controls/C082-unset/cold-1440/record.json,/Users/albin/Code/jori/dist/layout-hunt/CONTROLS_OCCURRENCES.json
CF-03,CF-03,question,C082-unset,warm-1440,,,/Users/albin/Code/jori/dist/layout-hunt/before/controls/C082-unset/warm-1440/before.png,/Users/albin/Code/jori/dist/layout-hunt/before/controls/C082-unset/warm-1440/0.png,/Users/albin/Code/jori/dist/layout-hunt/before/controls/C082-unset/warm-1440/record.json,/Users/albin/Code/jori/dist/layout-hunt/CONTROLS_OCCURRENCES.json
CF-03,CF-03,question,C082-unset,cold-375,,,/Users/albin/Code/jori/dist/layout-hunt/before/controls/C082-unset/cold-375/before.png,/Users/albin/Code/jori/dist/layout-hunt/before/controls/C082-unset/cold-375/0.png,/Users/albin/Code/jori/dist/layout-hunt/before/controls/C082-unset/cold-375/record.json,/Users/albin/Code/jori/dist/layout-hunt/CONTROLS_OCCURRENCES.json
CF-03,CF-03,question,C082-unset,warm-375,,,/Users/albin/Code/jori/dist/layout-hunt/before/controls/C082-unset/warm-375/before.png,/Users/albin/Code/jori/dist/layout-hunt/before/controls/C082-unset/warm-375/0.png,/Users/albin/Code/jori/dist/layout-hunt/before/controls/C082-unset/warm-375/record.json,/Users/albin/Code/jori/dist/layout-hunt/CONTROLS_OCCURRENCES.json
CF-03,CF-03,question,C082-add,cold-1440,,,/Users/albin/Code/jori/dist/layout-hunt/before/controls/C082-add/cold-1440/before.png,/Users/albin/Code/jori/dist/layout-hunt/before/controls/C082-add/cold-1440/0.png,/Users/albin/Code/jori/dist/layout-hunt/before/controls/C082-add/cold-1440/record.json,/Users/albin/Code/jori/dist/layout-hunt/CONTROLS_OCCURRENCES.json
CF-03,CF-03,question,C082-add,warm-1440,,,/Users/albin/Code/jori/dist/layout-hunt/before/controls/C082-add/warm-1440/before.png,/Users/albin/Code/jori/dist/layout-hunt/before/controls/C082-add/warm-1440/0.png,/Users/albin/Code/jori/dist/layout-hunt/before/controls/C082-add/warm-1440/record.json,/Users/albin/Code/jori/dist/layout-hunt/CONTROLS_OCCURRENCES.json
CF-03,CF-03,question,C082-add,cold-375,,,/Users/albin/Code/jori/dist/layout-hunt/before/controls/C082-add/cold-375/before.png,/Users/albin/Code/jori/dist/layout-hunt/before/controls/C082-add/cold-375/0.png,/Users/albin/Code/jori/dist/layout-hunt/before/controls/C082-add/cold-375/record.json,/Users/albin/Code/jori/dist/layout-hunt/CONTROLS_OCCURRENCES.json
CF-03,CF-03,question,C082-add,warm-375,,,/Users/albin/Code/jori/dist/layout-hunt/before/controls/C082-add/warm-375/before.png,/Users/albin/Code/jori/dist/layout-hunt/before/controls/C082-add/warm-375/0.png,/Users/albin/Code/jori/dist/layout-hunt/before/controls/C082-add/warm-375/record.json,/Users/albin/Code/jori/dist/layout-hunt/CONTROLS_OCCURRENCES.json
CF-03,CF-03,question,C083-add,cold-1440,98,,/Users/albin/Code/jori/dist/layout-hunt/before/controls/C083-add/cold-1440/before.png,/Users/albin/Code/jori/dist/layout-hunt/before/controls/C083-add/cold-1440/0.png,/Users/albin/Code/jori/dist/layout-hunt/before/controls/C083-add/cold-1440/record.json,/Users/albin/Code/jori/dist/layout-hunt/CONTROLS_OCCURRENCES.json
CF-03,CF-03,question,C083-add,warm-1440,23,,/Users/albin/Code/jori/dist/layout-hunt/before/controls/C083-add/warm-1440/before.png,/Users/albin/Code/jori/dist/layout-hunt/before/controls/C083-add/warm-1440/0.png,/Users/albin/Code/jori/dist/layout-hunt/before/controls/C083-add/warm-1440/record.json,/Users/albin/Code/jori/dist/layout-hunt/CONTROLS_OCCURRENCES.json
CF-03,CF-03,question,C083-add,cold-375,57,,/Users/albin/Code/jori/dist/layout-hunt/before/controls/C083-add/cold-375/before.png,/Users/albin/Code/jori/dist/layout-hunt/before/controls/C083-add/cold-375/0.png,/Users/albin/Code/jori/dist/layout-hunt/before/controls/C083-add/cold-375/record.json,/Users/albin/Code/jori/dist/layout-hunt/CONTROLS_OCCURRENCES.json
CF-03,CF-03,question,C083-add,warm-375,45,,/Users/albin/Code/jori/dist/layout-hunt/before/controls/C083-add/warm-375/before.png,/Users/albin/Code/jori/dist/layout-hunt/before/controls/C083-add/warm-375/0.png,/Users/albin/Code/jori/dist/layout-hunt/before/controls/C083-add/warm-375/record.json,/Users/albin/Code/jori/dist/layout-hunt/CONTROLS_OCCURRENCES.json
CF-03,CF-03,question,C083-remove,cold-1440,63,,/Users/albin/Code/jori/dist/layout-hunt/before/controls/C083-remove/cold-1440/before.png,/Users/albin/Code/jori/dist/layout-hunt/before/controls/C083-remove/cold-1440/0.png,/Users/albin/Code/jori/dist/layout-hunt/before/controls/C083-remove/cold-1440/record.json,/Users/albin/Code/jori/dist/layout-hunt/CONTROLS_OCCURRENCES.json
CF-03,CF-03,question,C083-remove,warm-1440,23,,/Users/albin/Code/jori/dist/layout-hunt/before/controls/C083-remove/warm-1440/before.png,/Users/albin/Code/jori/dist/layout-hunt/before/controls/C083-remove/warm-1440/0.png,/Users/albin/Code/jori/dist/layout-hunt/before/controls/C083-remove/warm-1440/record.json,/Users/albin/Code/jori/dist/layout-hunt/CONTROLS_OCCURRENCES.json
CF-03,CF-03,question,C083-remove,cold-375,73,,/Users/albin/Code/jori/dist/layout-hunt/before/controls/C083-remove/cold-375/before.png,/Users/albin/Code/jori/dist/layout-hunt/before/controls/C083-remove/cold-375/0.png,/Users/albin/Code/jori/dist/layout-hunt/before/controls/C083-remove/cold-375/record.json,/Users/albin/Code/jori/dist/layout-hunt/CONTROLS_OCCURRENCES.json
CF-03,CF-03,question,C083-remove,warm-375,31,,/Users/albin/Code/jori/dist/layout-hunt/before/controls/C083-remove/warm-375/before.png,/Users/albin/Code/jori/dist/layout-hunt/before/controls/C083-remove/warm-375/0.png,/Users/albin/Code/jori/dist/layout-hunt/before/controls/C083-remove/warm-375/record.json,/Users/albin/Code/jori/dist/layout-hunt/CONTROLS_OCCURRENCES.json
CF-03,CF-03,question,C127-delete,cold-1440,144,,/Users/albin/Code/jori/dist/layout-hunt/before/controls/C127-delete/cold-1440/before.png,/Users/albin/Code/jori/dist/layout-hunt/before/controls/C127-delete/cold-1440/0.png,/Users/albin/Code/jori/dist/layout-hunt/before/controls/C127-delete/cold-1440/record.json,/Users/albin/Code/jori/dist/layout-hunt/CONTROLS_OCCURRENCES.json
CF-03,CF-03,question,C127-delete,warm-1440,60,,/Users/albin/Code/jori/dist/layout-hunt/before/controls/C127-delete/warm-1440/before.png,/Users/albin/Code/jori/dist/layout-hunt/before/controls/C127-delete/warm-1440/0.png,/Users/albin/Code/jori/dist/layout-hunt/before/controls/C127-delete/warm-1440/record.json,/Users/albin/Code/jori/dist/layout-hunt/CONTROLS_OCCURRENCES.json
CF-03,CF-03,question,C166-source,cold-1440,79,,/Users/albin/Code/jori/dist/layout-hunt/before/controls/C166-source/cold-1440/before.png,/Users/albin/Code/jori/dist/layout-hunt/before/controls/C166-source/cold-1440/0.png,/Users/albin/Code/jori/dist/layout-hunt/before/controls/C166-source/cold-1440/record.json,/Users/albin/Code/jori/dist/layout-hunt/CONTROLS_OCCURRENCES.json
CF-03,CF-03,question,C166-source,warm-1440,50,,/Users/albin/Code/jori/dist/layout-hunt/before/controls/C166-source/warm-1440/before.png,/Users/albin/Code/jori/dist/layout-hunt/before/controls/C166-source/warm-1440/0.png,/Users/albin/Code/jori/dist/layout-hunt/before/controls/C166-source/warm-1440/record.json,/Users/albin/Code/jori/dist/layout-hunt/CONTROLS_OCCURRENCES.json
CF-03,CF-03,question,C166-source,cold-375,91,,/Users/albin/Code/jori/dist/layout-hunt/before/controls/C166-source/cold-375/before.png,/Users/albin/Code/jori/dist/layout-hunt/before/controls/C166-source/cold-375/0.png,/Users/albin/Code/jori/dist/layout-hunt/before/controls/C166-source/cold-375/record.json,/Users/albin/Code/jori/dist/layout-hunt/CONTROLS_OCCURRENCES.json
CF-03,CF-03,question,C166-source,warm-375,47,,/Users/albin/Code/jori/dist/layout-hunt/before/controls/C166-source/warm-375/before.png,/Users/albin/Code/jori/dist/layout-hunt/before/controls/C166-source/warm-375/0.png,/Users/albin/Code/jori/dist/layout-hunt/before/controls/C166-source/warm-375/record.json,/Users/albin/Code/jori/dist/layout-hunt/CONTROLS_OCCURRENCES.json
CF-03,CF-03,question,C166-source-return,cold-1440,45,,/Users/albin/Code/jori/dist/layout-hunt/before/controls/C166-source-return/cold-1440/before.png,/Users/albin/Code/jori/dist/layout-hunt/before/controls/C166-source-return/cold-1440/0.png,/Users/albin/Code/jori/dist/layout-hunt/before/controls/C166-source-return/cold-1440/record.json,/Users/albin/Code/jori/dist/layout-hunt/CONTROLS_OCCURRENCES.json
CF-03,CF-03,question,C166-source-return,warm-1440,34,,/Users/albin/Code/jori/dist/layout-hunt/before/controls/C166-source-return/warm-1440/before.png,/Users/albin/Code/jori/dist/layout-hunt/before/controls/C166-source-return/warm-1440/0.png,/Users/albin/Code/jori/dist/layout-hunt/before/controls/C166-source-return/warm-1440/record.json,/Users/albin/Code/jori/dist/layout-hunt/CONTROLS_OCCURRENCES.json
CF-03,CF-03,question,C166-source-return,cold-375,33,,/Users/albin/Code/jori/dist/layout-hunt/before/controls/C166-source-return/cold-375/before.png,/Users/albin/Code/jori/dist/layout-hunt/before/controls/C166-source-return/cold-375/0.png,/Users/albin/Code/jori/dist/layout-hunt/before/controls/C166-source-return/cold-375/record.json,/Users/albin/Code/jori/dist/layout-hunt/CONTROLS_OCCURRENCES.json
CF-03,CF-03,question,C166-source-return,warm-375,26,,/Users/albin/Code/jori/dist/layout-hunt/before/controls/C166-source-return/warm-375/before.png,/Users/albin/Code/jori/dist/layout-hunt/before/controls/C166-source-return/warm-375/0.png,/Users/albin/Code/jori/dist/layout-hunt/before/controls/C166-source-return/warm-375/record.json,/Users/albin/Code/jori/dist/layout-hunt/CONTROLS_OCCURRENCES.json
CF-03,CF-03,question,C155-Runs,cold-1440,,,/Users/albin/Code/jori/dist/layout-hunt/before/controls/C155-Runs/cold-1440/before.png,/Users/albin/Code/jori/dist/layout-hunt/before/controls/C155-Runs/cold-1440/0.png,/Users/albin/Code/jori/dist/layout-hunt/before/controls/C155-Runs/cold-1440/record.json,/Users/albin/Code/jori/dist/layout-hunt/CONTROLS_OCCURRENCES.json
CF-03,CF-03,question,C155-Runs,warm-1440,,,/Users/albin/Code/jori/dist/layout-hunt/before/controls/C155-Runs/warm-1440/before.png,/Users/albin/Code/jori/dist/layout-hunt/before/controls/C155-Runs/warm-1440/0.png,/Users/albin/Code/jori/dist/layout-hunt/before/controls/C155-Runs/warm-1440/record.json,/Users/albin/Code/jori/dist/layout-hunt/CONTROLS_OCCURRENCES.json
CF-03,CF-03,question,C155-Runs-return,cold-1440,,,/Users/albin/Code/jori/dist/layout-hunt/before/controls/C155-Runs-return/cold-1440/before.png,/Users/albin/Code/jori/dist/layout-hunt/before/controls/C155-Runs-return/cold-1440/0.png,/Users/albin/Code/jori/dist/layout-hunt/before/controls/C155-Runs-return/cold-1440/record.json,/Users/albin/Code/jori/dist/layout-hunt/CONTROLS_OCCURRENCES.json
CF-03,CF-03,question,C155-Runs-return,warm-1440,,,/Users/albin/Code/jori/dist/layout-hunt/before/controls/C155-Runs-return/warm-1440/before.png,/Users/albin/Code/jori/dist/layout-hunt/before/controls/C155-Runs-return/warm-1440/0.png,/Users/albin/Code/jori/dist/layout-hunt/before/controls/C155-Runs-return/warm-1440/record.json,/Users/albin/Code/jori/dist/layout-hunt/CONTROLS_OCCURRENCES.json
CF-03,CF-03,question,C155-Allowances,cold-1440,147,,/Users/albin/Code/jori/dist/layout-hunt/before/controls/C155-Allowances/cold-1440/before.png,/Users/albin/Code/jori/dist/layout-hunt/before/controls/C155-Allowances/cold-1440/0.png,/Users/albin/Code/jori/dist/layout-hunt/before/controls/C155-Allowances/cold-1440/record.json,/Users/albin/Code/jori/dist/layout-hunt/CONTROLS_OCCURRENCES.json
CF-03,CF-03,question,C155-Allowances,warm-1440,51,,/Users/albin/Code/jori/dist/layout-hunt/before/controls/C155-Allowances/warm-1440/before.png,/Users/albin/Code/jori/dist/layout-hunt/before/controls/C155-Allowances/warm-1440/0.png,/Users/albin/Code/jori/dist/layout-hunt/before/controls/C155-Allowances/warm-1440/record.json,/Users/albin/Code/jori/dist/layout-hunt/CONTROLS_OCCURRENCES.json
CF-03,CF-03,question,C155-Allowances-return,cold-1440,373,,/Users/albin/Code/jori/dist/layout-hunt/before/controls/C155-Allowances-return/cold-1440/before.png,/Users/albin/Code/jori/dist/layout-hunt/before/controls/C155-Allowances-return/cold-1440/0.png,/Users/albin/Code/jori/dist/layout-hunt/before/controls/C155-Allowances-return/cold-1440/record.json,/Users/albin/Code/jori/dist/layout-hunt/CONTROLS_OCCURRENCES.json
CF-03,CF-03,question,C155-Allowances-return,warm-1440,254,,/Users/albin/Code/jori/dist/layout-hunt/before/controls/C155-Allowances-return/warm-1440/before.png,/Users/albin/Code/jori/dist/layout-hunt/before/controls/C155-Allowances-return/warm-1440/0.png,/Users/albin/Code/jori/dist/layout-hunt/before/controls/C155-Allowances-return/warm-1440/record.json,/Users/albin/Code/jori/dist/layout-hunt/CONTROLS_OCCURRENCES.json
CF-03,CF-03,question,C155-Top-ups,cold-1440,107,,/Users/albin/Code/jori/dist/layout-hunt/before/controls/C155-Top-ups/cold-1440/before.png,/Users/albin/Code/jori/dist/layout-hunt/before/controls/C155-Top-ups/cold-1440/0.png,/Users/albin/Code/jori/dist/layout-hunt/before/controls/C155-Top-ups/cold-1440/record.json,/Users/albin/Code/jori/dist/layout-hunt/CONTROLS_OCCURRENCES.json
CF-03,CF-03,question,C155-Top-ups,warm-1440,55,,/Users/albin/Code/jori/dist/layout-hunt/before/controls/C155-Top-ups/warm-1440/before.png,/Users/albin/Code/jori/dist/layout-hunt/before/controls/C155-Top-ups/warm-1440/0.png,/Users/albin/Code/jori/dist/layout-hunt/before/controls/C155-Top-ups/warm-1440/record.json,/Users/albin/Code/jori/dist/layout-hunt/CONTROLS_OCCURRENCES.json
CF-03,CF-03,question,C155-Top-ups-return,cold-1440,346,,/Users/albin/Code/jori/dist/layout-hunt/before/controls/C155-Top-ups-return/cold-1440/before.png,/Users/albin/Code/jori/dist/layout-hunt/before/controls/C155-Top-ups-return/cold-1440/0.png,/Users/albin/Code/jori/dist/layout-hunt/before/controls/C155-Top-ups-return/cold-1440/record.json,/Users/albin/Code/jori/dist/layout-hunt/CONTROLS_OCCURRENCES.json
CF-03,CF-03,question,C155-Top-ups-return,warm-1440,187,,/Users/albin/Code/jori/dist/layout-hunt/before/controls/C155-Top-ups-return/warm-1440/before.png,/Users/albin/Code/jori/dist/layout-hunt/before/controls/C155-Top-ups-return/warm-1440/0.png,/Users/albin/Code/jori/dist/layout-hunt/before/controls/C155-Top-ups-return/warm-1440/record.json,/Users/albin/Code/jori/dist/layout-hunt/CONTROLS_OCCURRENCES.json
CF-04,CF-04,question,C086-add,cold-1440,,,/Users/albin/Code/jori/dist/layout-hunt/before/controls/C086-add/cold-1440/before.png,/Users/albin/Code/jori/dist/layout-hunt/before/controls/C086-add/cold-1440/0.png,/Users/albin/Code/jori/dist/layout-hunt/before/controls/C086-add/cold-1440/record.json,/Users/albin/Code/jori/dist/layout-hunt/CONTROLS_OCCURRENCES.json
CF-04,CF-04,question,C086-add,warm-1440,,,/Users/albin/Code/jori/dist/layout-hunt/before/controls/C086-add/warm-1440/before.png,/Users/albin/Code/jori/dist/layout-hunt/before/controls/C086-add/warm-1440/0.png,/Users/albin/Code/jori/dist/layout-hunt/before/controls/C086-add/warm-1440/record.json,/Users/albin/Code/jori/dist/layout-hunt/CONTROLS_OCCURRENCES.json
CF-04,CF-04,question,C086-add,cold-375,54,,/Users/albin/Code/jori/dist/layout-hunt/before/controls/C086-add/cold-375/before.png,/Users/albin/Code/jori/dist/layout-hunt/before/controls/C086-add/cold-375/0.png,/Users/albin/Code/jori/dist/layout-hunt/before/controls/C086-add/cold-375/record.json,/Users/albin/Code/jori/dist/layout-hunt/CONTROLS_OCCURRENCES.json
CF-04,CF-04,question,C086-add,warm-375,42,,/Users/albin/Code/jori/dist/layout-hunt/before/controls/C086-add/warm-375/before.png,/Users/albin/Code/jori/dist/layout-hunt/before/controls/C086-add/warm-375/0.png,/Users/albin/Code/jori/dist/layout-hunt/before/controls/C086-add/warm-375/record.json,/Users/albin/Code/jori/dist/layout-hunt/CONTROLS_OCCURRENCES.json
CF-04,CF-04,question,C086-remove,cold-1440,51,,/Users/albin/Code/jori/dist/layout-hunt/before/controls/C086-remove/cold-1440/before.png,/Users/albin/Code/jori/dist/layout-hunt/before/controls/C086-remove/cold-1440/0.png,/Users/albin/Code/jori/dist/layout-hunt/before/controls/C086-remove/cold-1440/record.json,/Users/albin/Code/jori/dist/layout-hunt/CONTROLS_OCCURRENCES.json
CF-04,CF-04,question,C086-remove,warm-1440,33,,/Users/albin/Code/jori/dist/layout-hunt/before/controls/C086-remove/warm-1440/before.png,/Users/albin/Code/jori/dist/layout-hunt/before/controls/C086-remove/warm-1440/0.png,/Users/albin/Code/jori/dist/layout-hunt/before/controls/C086-remove/warm-1440/record.json,/Users/albin/Code/jori/dist/layout-hunt/CONTROLS_OCCURRENCES.json
CF-04,CF-04,question,C086-remove,cold-375,74,,/Users/albin/Code/jori/dist/layout-hunt/before/controls/C086-remove/cold-375/before.png,/Users/albin/Code/jori/dist/layout-hunt/before/controls/C086-remove/cold-375/0.png,/Users/albin/Code/jori/dist/layout-hunt/before/controls/C086-remove/cold-375/record.json,/Users/albin/Code/jori/dist/layout-hunt/CONTROLS_OCCURRENCES.json
CF-04,CF-04,question,C086-remove,warm-375,35,,/Users/albin/Code/jori/dist/layout-hunt/before/controls/C086-remove/warm-375/before.png,/Users/albin/Code/jori/dist/layout-hunt/before/controls/C086-remove/warm-375/0.png,/Users/albin/Code/jori/dist/layout-hunt/before/controls/C086-remove/warm-375/record.json,/Users/albin/Code/jori/dist/layout-hunt/CONTROLS_OCCURRENCES.json
CF-04,CF-04,question,C087-object,cold-1440,,,/Users/albin/Code/jori/dist/layout-hunt/before/controls/C087-object/cold-1440/before.png,/Users/albin/Code/jori/dist/layout-hunt/before/controls/C087-object/cold-1440/0.png,/Users/albin/Code/jori/dist/layout-hunt/before/controls/C087-object/cold-1440/record.json,/Users/albin/Code/jori/dist/layout-hunt/CONTROLS_OCCURRENCES.json
CF-04,CF-04,question,C087-object,warm-1440,,,/Users/albin/Code/jori/dist/layout-hunt/before/controls/C087-object/warm-1440/before.png,/Users/albin/Code/jori/dist/layout-hunt/before/controls/C087-object/warm-1440/0.png,/Users/albin/Code/jori/dist/layout-hunt/before/controls/C087-object/warm-1440/record.json,/Users/albin/Code/jori/dist/layout-hunt/CONTROLS_OCCURRENCES.json
CF-04,CF-04,question,C087-object,cold-375,58,,/Users/albin/Code/jori/dist/layout-hunt/before/controls/C087-object/cold-375/before.png,/Users/albin/Code/jori/dist/layout-hunt/before/controls/C087-object/cold-375/0.png,/Users/albin/Code/jori/dist/layout-hunt/before/controls/C087-object/cold-375/record.json,/Users/albin/Code/jori/dist/layout-hunt/CONTROLS_OCCURRENCES.json
CF-04,CF-04,question,C087-object,warm-375,45,,/Users/albin/Code/jori/dist/layout-hunt/before/controls/C087-object/warm-375/before.png,/Users/albin/Code/jori/dist/layout-hunt/before/controls/C087-object/warm-375/0.png,/Users/albin/Code/jori/dist/layout-hunt/before/controls/C087-object/warm-375/record.json,/Users/albin/Code/jori/dist/layout-hunt/CONTROLS_OCCURRENCES.json
CF-05,CF-05,question,C104-filter-open,cold-1440,"205,215,232,247,263,281,297",,/Users/albin/Code/jori/dist/layout-hunt/before/controls/C104-filter-open/cold-1440/before.png,/Users/albin/Code/jori/dist/layout-hunt/before/controls/C104-filter-open/cold-1440/0.png,/Users/albin/Code/jori/dist/layout-hunt/before/controls/C104-filter-open/cold-1440/record.json,/Users/albin/Code/jori/dist/layout-hunt/CONTROLS_OCCURRENCES.json
CF-05,CF-05,question,C104-filter-open,warm-1440,"108,124,141,158,174,191,208,223,240,257,274",,/Users/albin/Code/jori/dist/layout-hunt/before/controls/C104-filter-open/warm-1440/before.png,/Users/albin/Code/jori/dist/layout-hunt/before/controls/C104-filter-open/warm-1440/0.png,/Users/albin/Code/jori/dist/layout-hunt/before/controls/C104-filter-open/warm-1440/record.json,/Users/albin/Code/jori/dist/layout-hunt/CONTROLS_OCCURRENCES.json
CF-05,CF-05,question,C104-filter-close,cold-1440,"150,166,183,199,216,234,249,267,283,377",,/Users/albin/Code/jori/dist/layout-hunt/before/controls/C104-filter-close/cold-1440/before.png,/Users/albin/Code/jori/dist/layout-hunt/before/controls/C104-filter-close/cold-1440/0.png,/Users/albin/Code/jori/dist/layout-hunt/before/controls/C104-filter-close/cold-1440/record.json,/Users/albin/Code/jori/dist/layout-hunt/CONTROLS_OCCURRENCES.json
CF-05,CF-05,question,C104-filter-close,warm-1440,"61,78,94,111,127,144,161,178,194,211,229",,/Users/albin/Code/jori/dist/layout-hunt/before/controls/C104-filter-close/warm-1440/before.png,/Users/albin/Code/jori/dist/layout-hunt/before/controls/C104-filter-close/warm-1440/0.png,/Users/albin/Code/jori/dist/layout-hunt/before/controls/C104-filter-close/warm-1440/record.json,/Users/albin/Code/jori/dist/layout-hunt/CONTROLS_OCCURRENCES.json
CF-06,CF-06,confirmed,C109-one-time,cold-1440,443,,/Users/albin/Code/jori/dist/layout-hunt/before/controls/C109-one-time/cold-1440/0.png,/Users/albin/Code/jori/dist/layout-hunt/before/controls/C109-one-time/cold-1440/1000.png,/Users/albin/Code/jori/dist/layout-hunt/before/controls/C109-one-time/cold-1440/record.json,/Users/albin/Code/jori/dist/layout-hunt/CONTROLS_OCCURRENCES.json
CF-06,CF-06,confirmed,C109-one-time,warm-1440,352,,/Users/albin/Code/jori/dist/layout-hunt/before/controls/C109-one-time/warm-1440/0.png,/Users/albin/Code/jori/dist/layout-hunt/before/controls/C109-one-time/warm-1440/1000.png,/Users/albin/Code/jori/dist/layout-hunt/before/controls/C109-one-time/warm-1440/record.json,/Users/albin/Code/jori/dist/layout-hunt/CONTROLS_OCCURRENCES.json
CF-06,CF-06,confirmed,C109-one-time,cold-375,"60,366",,/Users/albin/Code/jori/dist/layout-hunt/before/controls/C109-one-time/cold-375/0.png,/Users/albin/Code/jori/dist/layout-hunt/before/controls/C109-one-time/cold-375/1000.png,/Users/albin/Code/jori/dist/layout-hunt/before/controls/C109-one-time/cold-375/record.json,/Users/albin/Code/jori/dist/layout-hunt/CONTROLS_OCCURRENCES.json
CF-06,CF-06,confirmed,C109-one-time,warm-375,"44,353",,/Users/albin/Code/jori/dist/layout-hunt/before/controls/C109-one-time/warm-375/0.png,/Users/albin/Code/jori/dist/layout-hunt/before/controls/C109-one-time/warm-375/1000.png,/Users/albin/Code/jori/dist/layout-hunt/before/controls/C109-one-time/warm-375/record.json,/Users/albin/Code/jori/dist/layout-hunt/CONTROLS_OCCURRENCES.json
LF-07,CF-07,question,C108-advanced-open,cold-1440,,,/Users/albin/Code/jori/dist/layout-hunt/before/controls/C108-advanced-open/cold-1440/before.png,/Users/albin/Code/jori/dist/layout-hunt/before/controls/C108-advanced-open/cold-1440/0.png,/Users/albin/Code/jori/dist/layout-hunt/before/controls/C108-advanced-open/cold-1440/record.json,/Users/albin/Code/jori/dist/layout-hunt/CONTROLS_OCCURRENCES.json
LF-07,CF-07,question,C108-advanced-open,warm-1440,,,/Users/albin/Code/jori/dist/layout-hunt/before/controls/C108-advanced-open/warm-1440/before.png,/Users/albin/Code/jori/dist/layout-hunt/before/controls/C108-advanced-open/warm-1440/0.png,/Users/albin/Code/jori/dist/layout-hunt/before/controls/C108-advanced-open/warm-1440/record.json,/Users/albin/Code/jori/dist/layout-hunt/CONTROLS_OCCURRENCES.json
LF-07,CF-07,question,C108-advanced-open,cold-375,72,,/Users/albin/Code/jori/dist/layout-hunt/before/controls/C108-advanced-open/cold-375/before.png,/Users/albin/Code/jori/dist/layout-hunt/before/controls/C108-advanced-open/cold-375/0.png,/Users/albin/Code/jori/dist/layout-hunt/before/controls/C108-advanced-open/cold-375/record.json,/Users/albin/Code/jori/dist/layout-hunt/CONTROLS_OCCURRENCES.json
LF-07,CF-07,question,C108-advanced-open,warm-375,30,,/Users/albin/Code/jori/dist/layout-hunt/before/controls/C108-advanced-open/warm-375/before.png,/Users/albin/Code/jori/dist/layout-hunt/before/controls/C108-advanced-open/warm-375/0.png,/Users/albin/Code/jori/dist/layout-hunt/before/controls/C108-advanced-open/warm-375/record.json,/Users/albin/Code/jori/dist/layout-hunt/CONTROLS_OCCURRENCES.json
LF-07,CF-07,question,C108-advanced-close,cold-1440,35,,/Users/albin/Code/jori/dist/layout-hunt/before/controls/C108-advanced-close/cold-1440/before.png,/Users/albin/Code/jori/dist/layout-hunt/before/controls/C108-advanced-close/cold-1440/0.png,/Users/albin/Code/jori/dist/layout-hunt/before/controls/C108-advanced-close/cold-1440/record.json,/Users/albin/Code/jori/dist/layout-hunt/CONTROLS_OCCURRENCES.json
LF-07,CF-07,question,C108-advanced-close,warm-1440,37,,/Users/albin/Code/jori/dist/layout-hunt/before/controls/C108-advanced-close/warm-1440/before.png,/Users/albin/Code/jori/dist/layout-hunt/before/controls/C108-advanced-close/warm-1440/0.png,/Users/albin/Code/jori/dist/layout-hunt/before/controls/C108-advanced-close/warm-1440/record.json,/Users/albin/Code/jori/dist/layout-hunt/CONTROLS_OCCURRENCES.json
LF-07,CF-07,question,C108-advanced-close,cold-375,52,,/Users/albin/Code/jori/dist/layout-hunt/before/controls/C108-advanced-close/cold-375/before.png,/Users/albin/Code/jori/dist/layout-hunt/before/controls/C108-advanced-close/cold-375/0.png,/Users/albin/Code/jori/dist/layout-hunt/before/controls/C108-advanced-close/cold-375/record.json,/Users/albin/Code/jori/dist/layout-hunt/CONTROLS_OCCURRENCES.json
LF-07,CF-07,question,C108-advanced-close,warm-375,24,,/Users/albin/Code/jori/dist/layout-hunt/before/controls/C108-advanced-close/warm-375/before.png,/Users/albin/Code/jori/dist/layout-hunt/before/controls/C108-advanced-close/warm-375/0.png,/Users/albin/Code/jori/dist/layout-hunt/before/controls/C108-advanced-close/warm-375/record.json,/Users/albin/Code/jori/dist/layout-hunt/CONTROLS_OCCURRENCES.json
LF-07,CF-07,question,C109-one-time,cold-1440,443,,/Users/albin/Code/jori/dist/layout-hunt/before/controls/C109-one-time/cold-1440/before.png,/Users/albin/Code/jori/dist/layout-hunt/before/controls/C109-one-time/cold-1440/0.png,/Users/albin/Code/jori/dist/layout-hunt/before/controls/C109-one-time/cold-1440/record.json,/Users/albin/Code/jori/dist/layout-hunt/CONTROLS_OCCURRENCES.json
LF-07,CF-07,question,C109-one-time,warm-1440,352,,/Users/albin/Code/jori/dist/layout-hunt/before/controls/C109-one-time/warm-1440/before.png,/Users/albin/Code/jori/dist/layout-hunt/before/controls/C109-one-time/warm-1440/0.png,/Users/albin/Code/jori/dist/layout-hunt/before/controls/C109-one-time/warm-1440/record.json,/Users/albin/Code/jori/dist/layout-hunt/CONTROLS_OCCURRENCES.json
LF-07,CF-07,question,C109-one-time,cold-375,"60,366",,/Users/albin/Code/jori/dist/layout-hunt/before/controls/C109-one-time/cold-375/before.png,/Users/albin/Code/jori/dist/layout-hunt/before/controls/C109-one-time/cold-375/0.png,/Users/albin/Code/jori/dist/layout-hunt/before/controls/C109-one-time/cold-375/record.json,/Users/albin/Code/jori/dist/layout-hunt/CONTROLS_OCCURRENCES.json
LF-07,CF-07,question,C109-one-time,warm-375,"44,353",,/Users/albin/Code/jori/dist/layout-hunt/before/controls/C109-one-time/warm-375/before.png,/Users/albin/Code/jori/dist/layout-hunt/before/controls/C109-one-time/warm-375/0.png,/Users/albin/Code/jori/dist/layout-hunt/before/controls/C109-one-time/warm-375/record.json,/Users/albin/Code/jori/dist/layout-hunt/CONTROLS_OCCURRENCES.json
LF-07,CF-07,question,C109-one-time-back,cold-1440,42,,/Users/albin/Code/jori/dist/layout-hunt/before/controls/C109-one-time-back/cold-1440/before.png,/Users/albin/Code/jori/dist/layout-hunt/before/controls/C109-one-time-back/cold-1440/0.png,/Users/albin/Code/jori/dist/layout-hunt/before/controls/C109-one-time-back/cold-1440/record.json,/Users/albin/Code/jori/dist/layout-hunt/CONTROLS_OCCURRENCES.json
LF-07,CF-07,question,C109-one-time-back,warm-1440,32,,/Users/albin/Code/jori/dist/layout-hunt/before/controls/C109-one-time-back/warm-1440/before.png,/Users/albin/Code/jori/dist/layout-hunt/before/controls/C109-one-time-back/warm-1440/0.png,/Users/albin/Code/jori/dist/layout-hunt/before/controls/C109-one-time-back/warm-1440/record.json,/Users/albin/Code/jori/dist/layout-hunt/CONTROLS_OCCURRENCES.json
LF-07,CF-07,question,C109-one-time-back,cold-375,60,,/Users/albin/Code/jori/dist/layout-hunt/before/controls/C109-one-time-back/cold-375/before.png,/Users/albin/Code/jori/dist/layout-hunt/before/controls/C109-one-time-back/cold-375/0.png,/Users/albin/Code/jori/dist/layout-hunt/before/controls/C109-one-time-back/cold-375/record.json,/Users/albin/Code/jori/dist/layout-hunt/CONTROLS_OCCURRENCES.json
LF-07,CF-07,question,C109-one-time-back,warm-375,40,,/Users/albin/Code/jori/dist/layout-hunt/before/controls/C109-one-time-back/warm-375/before.png,/Users/albin/Code/jori/dist/layout-hunt/before/controls/C109-one-time-back/warm-375/0.png,/Users/albin/Code/jori/dist/layout-hunt/before/controls/C109-one-time-back/warm-375/record.json,/Users/albin/Code/jori/dist/layout-hunt/CONTROLS_OCCURRENCES.json
LF-07,CF-07,question,C109-event,cold-1440,,,/Users/albin/Code/jori/dist/layout-hunt/before/controls/C109-event/cold-1440/before.png,/Users/albin/Code/jori/dist/layout-hunt/before/controls/C109-event/cold-1440/0.png,/Users/albin/Code/jori/dist/layout-hunt/before/controls/C109-event/cold-1440/record.json,/Users/albin/Code/jori/dist/layout-hunt/CONTROLS_OCCURRENCES.json
LF-07,CF-07,question,C109-event,warm-1440,,,/Users/albin/Code/jori/dist/layout-hunt/before/controls/C109-event/warm-1440/before.png,/Users/albin/Code/jori/dist/layout-hunt/before/controls/C109-event/warm-1440/0.png,/Users/albin/Code/jori/dist/layout-hunt/before/controls/C109-event/warm-1440/record.json,/Users/albin/Code/jori/dist/layout-hunt/CONTROLS_OCCURRENCES.json
LF-07,CF-07,question,C109-event,cold-375,34,,/Users/albin/Code/jori/dist/layout-hunt/before/controls/C109-event/cold-375/before.png,/Users/albin/Code/jori/dist/layout-hunt/before/controls/C109-event/cold-375/0.png,/Users/albin/Code/jori/dist/layout-hunt/before/controls/C109-event/cold-375/record.json,/Users/albin/Code/jori/dist/layout-hunt/CONTROLS_OCCURRENCES.json
LF-07,CF-07,question,C109-event,warm-375,38,,/Users/albin/Code/jori/dist/layout-hunt/before/controls/C109-event/warm-375/before.png,/Users/albin/Code/jori/dist/layout-hunt/before/controls/C109-event/warm-375/0.png,/Users/albin/Code/jori/dist/layout-hunt/before/controls/C109-event/warm-375/record.json,/Users/albin/Code/jori/dist/layout-hunt/CONTROLS_OCCURRENCES.json
LF-07,CF-07,question,C109-event-back,cold-1440,37,,/Users/albin/Code/jori/dist/layout-hunt/before/controls/C109-event-back/cold-1440/before.png,/Users/albin/Code/jori/dist/layout-hunt/before/controls/C109-event-back/cold-1440/0.png,/Users/albin/Code/jori/dist/layout-hunt/before/controls/C109-event-back/cold-1440/record.json,/Users/albin/Code/jori/dist/layout-hunt/CONTROLS_OCCURRENCES.json
LF-07,CF-07,question,C109-event-back,warm-1440,31,,/Users/albin/Code/jori/dist/layout-hunt/before/controls/C109-event-back/warm-1440/before.png,/Users/albin/Code/jori/dist/layout-hunt/before/controls/C109-event-back/warm-1440/0.png,/Users/albin/Code/jori/dist/layout-hunt/before/controls/C109-event-back/warm-1440/record.json,/Users/albin/Code/jori/dist/layout-hunt/CONTROLS_OCCURRENCES.json
LF-07,CF-07,question,C109-event-back,cold-375,28,,/Users/albin/Code/jori/dist/layout-hunt/before/controls/C109-event-back/cold-375/before.png,/Users/albin/Code/jori/dist/layout-hunt/before/controls/C109-event-back/cold-375/0.png,/Users/albin/Code/jori/dist/layout-hunt/before/controls/C109-event-back/cold-375/record.json,/Users/albin/Code/jori/dist/layout-hunt/CONTROLS_OCCURRENCES.json
LF-07,CF-07,question,C109-event-back,warm-375,32,,/Users/albin/Code/jori/dist/layout-hunt/before/controls/C109-event-back/warm-375/before.png,/Users/albin/Code/jori/dist/layout-hunt/before/controls/C109-event-back/warm-375/0.png,/Users/albin/Code/jori/dist/layout-hunt/before/controls/C109-event-back/warm-375/record.json,/Users/albin/Code/jori/dist/layout-hunt/CONTROLS_OCCURRENCES.json
LF-07,CF-07,question,C110-weekly,cold-1440,,,/Users/albin/Code/jori/dist/layout-hunt/before/controls/C110-weekly/cold-1440/before.png,/Users/albin/Code/jori/dist/layout-hunt/before/controls/C110-weekly/cold-1440/0.png,/Users/albin/Code/jori/dist/layout-hunt/before/controls/C110-weekly/cold-1440/record.json,/Users/albin/Code/jori/dist/layout-hunt/CONTROLS_OCCURRENCES.json
LF-07,CF-07,question,C110-weekly,warm-1440,,,/Users/albin/Code/jori/dist/layout-hunt/before/controls/C110-weekly/warm-1440/before.png,/Users/albin/Code/jori/dist/layout-hunt/before/controls/C110-weekly/warm-1440/0.png,/Users/albin/Code/jori/dist/layout-hunt/before/controls/C110-weekly/warm-1440/record.json,/Users/albin/Code/jori/dist/layout-hunt/CONTROLS_OCCURRENCES.json
LF-07,CF-07,question,C110-weekly,cold-375,58,,/Users/albin/Code/jori/dist/layout-hunt/before/controls/C110-weekly/cold-375/before.png,/Users/albin/Code/jori/dist/layout-hunt/before/controls/C110-weekly/cold-375/0.png,/Users/albin/Code/jori/dist/layout-hunt/before/controls/C110-weekly/cold-375/record.json,/Users/albin/Code/jori/dist/layout-hunt/CONTROLS_OCCURRENCES.json
LF-07,CF-07,question,C110-weekly,warm-375,28,,/Users/albin/Code/jori/dist/layout-hunt/before/controls/C110-weekly/warm-375/before.png,/Users/albin/Code/jori/dist/layout-hunt/before/controls/C110-weekly/warm-375/0.png,/Users/albin/Code/jori/dist/layout-hunt/before/controls/C110-weekly/warm-375/record.json,/Users/albin/Code/jori/dist/layout-hunt/CONTROLS_OCCURRENCES.json
LF-07,CF-07,question,C110-monthly,cold-1440,,,/Users/albin/Code/jori/dist/layout-hunt/before/controls/C110-monthly/cold-1440/before.png,/Users/albin/Code/jori/dist/layout-hunt/before/controls/C110-monthly/cold-1440/0.png,/Users/albin/Code/jori/dist/layout-hunt/before/controls/C110-monthly/cold-1440/record.json,/Users/albin/Code/jori/dist/layout-hunt/CONTROLS_OCCURRENCES.json
LF-07,CF-07,question,C110-monthly,warm-1440,,,/Users/albin/Code/jori/dist/layout-hunt/before/controls/C110-monthly/warm-1440/before.png,/Users/albin/Code/jori/dist/layout-hunt/before/controls/C110-monthly/warm-1440/0.png,/Users/albin/Code/jori/dist/layout-hunt/before/controls/C110-monthly/warm-1440/record.json,/Users/albin/Code/jori/dist/layout-hunt/CONTROLS_OCCURRENCES.json
LF-07,CF-07,question,C110-monthly,cold-375,94,,/Users/albin/Code/jori/dist/layout-hunt/before/controls/C110-monthly/cold-375/before.png,/Users/albin/Code/jori/dist/layout-hunt/before/controls/C110-monthly/cold-375/0.png,/Users/albin/Code/jori/dist/layout-hunt/before/controls/C110-monthly/cold-375/record.json,/Users/albin/Code/jori/dist/layout-hunt/CONTROLS_OCCURRENCES.json
LF-07,CF-07,question,C110-monthly,warm-375,32,,/Users/albin/Code/jori/dist/layout-hunt/before/controls/C110-monthly/warm-375/before.png,/Users/albin/Code/jori/dist/layout-hunt/before/controls/C110-monthly/warm-375/0.png,/Users/albin/Code/jori/dist/layout-hunt/before/controls/C110-monthly/warm-375/record.json,/Users/albin/Code/jori/dist/layout-hunt/CONTROLS_OCCURRENCES.json
LF-07,LF-07,question,C049-jobs-open,cold-1440,,LF-07 shared AdvancedSettings adds64px and pushes Save changes; unanimated disclosure motion question CF-07.,/Users/albin/Code/jori/dist/layout-hunt/before/lists/C049-jobs-open/cold-1440/before.png,/Users/albin/Code/jori/dist/layout-hunt/before/lists/C049-jobs-open/cold-1440/0.png,/Users/albin/Code/jori/dist/layout-hunt/before/lists/C049-jobs-open/cold-1440/record.json,/Users/albin/Code/jori/dist/layout-hunt/LISTS_OCCURRENCES.json
LF-07,LF-07,question,C049-jobs-open,cold-375,128,LF-07 shared AdvancedSettings adds64px and pushes Save changes; unanimated disclosure motion question CF-07.,/Users/albin/Code/jori/dist/layout-hunt/before/lists/C049-jobs-open/cold-375/before.png,/Users/albin/Code/jori/dist/layout-hunt/before/lists/C049-jobs-open/cold-375/0.png,/Users/albin/Code/jori/dist/layout-hunt/before/lists/C049-jobs-open/cold-375/record.json,/Users/albin/Code/jori/dist/layout-hunt/LISTS_OCCURRENCES.json
LF-07,LF-07,question,C049-jobs-open,warm-1440,,LF-07 shared AdvancedSettings adds64px and pushes Save changes; unanimated disclosure motion question CF-07.,/Users/albin/Code/jori/dist/layout-hunt/before/lists/C049-jobs-open/warm-1440/before.png,/Users/albin/Code/jori/dist/layout-hunt/before/lists/C049-jobs-open/warm-1440/0.png,/Users/albin/Code/jori/dist/layout-hunt/before/lists/C049-jobs-open/warm-1440/record.json,/Users/albin/Code/jori/dist/layout-hunt/LISTS_OCCURRENCES.json
LF-07,LF-07,question,C049-jobs-open,warm-375,57,LF-07 shared AdvancedSettings adds64px and pushes Save changes; unanimated disclosure motion question CF-07.,/Users/albin/Code/jori/dist/layout-hunt/before/lists/C049-jobs-open/warm-375/before.png,/Users/albin/Code/jori/dist/layout-hunt/before/lists/C049-jobs-open/warm-375/0.png,/Users/albin/Code/jori/dist/layout-hunt/before/lists/C049-jobs-open/warm-375/record.json,/Users/albin/Code/jori/dist/layout-hunt/LISTS_OCCURRENCES.json
LF-07,LF-07,question,C049-jobs-close,cold-1440,39,LF-07 shared AdvancedSettings removes64px and recenters dialog; unanimated disclosure motion question CF-07.,/Users/albin/Code/jori/dist/layout-hunt/before/lists/C049-jobs-close/cold-1440/before.png,/Users/albin/Code/jori/dist/layout-hunt/before/lists/C049-jobs-close/cold-1440/0.png,/Users/albin/Code/jori/dist/layout-hunt/before/lists/C049-jobs-close/cold-1440/record.json,/Users/albin/Code/jori/dist/layout-hunt/LISTS_OCCURRENCES.json
LF-07,LF-07,question,C049-jobs-close,cold-375,50,LF-07 shared AdvancedSettings removes64px and recenters dialog; unanimated disclosure motion question CF-07.,/Users/albin/Code/jori/dist/layout-hunt/before/lists/C049-jobs-close/cold-375/before.png,/Users/albin/Code/jori/dist/layout-hunt/before/lists/C049-jobs-close/cold-375/0.png,/Users/albin/Code/jori/dist/layout-hunt/before/lists/C049-jobs-close/cold-375/record.json,/Users/albin/Code/jori/dist/layout-hunt/LISTS_OCCURRENCES.json
LF-07,LF-07,question,C049-jobs-close,warm-1440,30,LF-07 shared AdvancedSettings removes64px and recenters dialog; unanimated disclosure motion question CF-07.,/Users/albin/Code/jori/dist/layout-hunt/before/lists/C049-jobs-close/warm-1440/before.png,/Users/albin/Code/jori/dist/layout-hunt/before/lists/C049-jobs-close/warm-1440/0.png,/Users/albin/Code/jori/dist/layout-hunt/before/lists/C049-jobs-close/warm-1440/record.json,/Users/albin/Code/jori/dist/layout-hunt/LISTS_OCCURRENCES.json
LF-07,LF-07,question,C049-jobs-close,warm-375,34,LF-07 shared AdvancedSettings removes64px and recenters dialog; unanimated disclosure motion question CF-07.,/Users/albin/Code/jori/dist/layout-hunt/before/lists/C049-jobs-close/warm-375/before.png,/Users/albin/Code/jori/dist/layout-hunt/before/lists/C049-jobs-close/warm-375/0.png,/Users/albin/Code/jori/dist/layout-hunt/before/lists/C049-jobs-close/warm-375/record.json,/Users/albin/Code/jori/dist/layout-hunt/LISTS_OCCURRENCES.json
LF-07,LF-07,question,C043-table-open,cold-1440,,"LF-07 / CF-07 AdvancedSettings adds128px in flow, unanimated dialog resize/recenter, motion question.",/Users/albin/Code/jori/dist/layout-hunt/before/lists/C043-table-open/cold-1440/before.png,/Users/albin/Code/jori/dist/layout-hunt/before/lists/C043-table-open/cold-1440/0.png,/Users/albin/Code/jori/dist/layout-hunt/before/lists/C043-table-open/cold-1440/record.json,/Users/albin/Code/jori/dist/layout-hunt/LISTS_OCCURRENCES.json
LF-07,LF-07,question,C043-table-open,cold-375,80,"LF-07 / CF-07 AdvancedSettings adds128px in flow, unanimated dialog resize/recenter, motion question.",/Users/albin/Code/jori/dist/layout-hunt/before/lists/C043-table-open/cold-375/before.png,/Users/albin/Code/jori/dist/layout-hunt/before/lists/C043-table-open/cold-375/0.png,/Users/albin/Code/jori/dist/layout-hunt/before/lists/C043-table-open/cold-375/record.json,/Users/albin/Code/jori/dist/layout-hunt/LISTS_OCCURRENCES.json
LF-07,LF-07,question,C043-table-open,warm-1440,,"LF-07 / CF-07 AdvancedSettings adds128px in flow, unanimated dialog resize/recenter, motion question.",/Users/albin/Code/jori/dist/layout-hunt/before/lists/C043-table-open/warm-1440/before.png,/Users/albin/Code/jori/dist/layout-hunt/before/lists/C043-table-open/warm-1440/0.png,/Users/albin/Code/jori/dist/layout-hunt/before/lists/C043-table-open/warm-1440/record.json,/Users/albin/Code/jori/dist/layout-hunt/LISTS_OCCURRENCES.json
LF-07,LF-07,question,C043-table-open,warm-375,88,"LF-07 / CF-07 AdvancedSettings adds128px in flow, unanimated dialog resize/recenter, motion question.",/Users/albin/Code/jori/dist/layout-hunt/before/lists/C043-table-open/warm-375/before.png,/Users/albin/Code/jori/dist/layout-hunt/before/lists/C043-table-open/warm-375/0.png,/Users/albin/Code/jori/dist/layout-hunt/before/lists/C043-table-open/warm-375/record.json,/Users/albin/Code/jori/dist/layout-hunt/LISTS_OCCURRENCES.json
LF-07,LF-07,question,C043-table-close,cold-1440,66,"LF-07 / CF-07 AdvancedSettings removes128px in flow; only chevron animation declared, motion question.",/Users/albin/Code/jori/dist/layout-hunt/before/lists/C043-table-close/cold-1440/before.png,/Users/albin/Code/jori/dist/layout-hunt/before/lists/C043-table-close/cold-1440/0.png,/Users/albin/Code/jori/dist/layout-hunt/before/lists/C043-table-close/cold-1440/record.json,/Users/albin/Code/jori/dist/layout-hunt/LISTS_OCCURRENCES.json
LF-07,LF-07,question,C043-table-close,cold-375,55,"LF-07 / CF-07 AdvancedSettings removes128px in flow; only chevron animation declared, motion question.",/Users/albin/Code/jori/dist/layout-hunt/before/lists/C043-table-close/cold-375/before.png,/Users/albin/Code/jori/dist/layout-hunt/before/lists/C043-table-close/cold-375/0.png,/Users/albin/Code/jori/dist/layout-hunt/before/lists/C043-table-close/cold-375/record.json,/Users/albin/Code/jori/dist/layout-hunt/LISTS_OCCURRENCES.json
LF-07,LF-07,question,C043-table-close,warm-1440,36,"LF-07 / CF-07 AdvancedSettings removes128px in flow; only chevron animation declared, motion question.",/Users/albin/Code/jori/dist/layout-hunt/before/lists/C043-table-close/warm-1440/before.png,/Users/albin/Code/jori/dist/layout-hunt/before/lists/C043-table-close/warm-1440/0.png,/Users/albin/Code/jori/dist/layout-hunt/before/lists/C043-table-close/warm-1440/record.json,/Users/albin/Code/jori/dist/layout-hunt/LISTS_OCCURRENCES.json
LF-07,LF-07,question,C043-table-close,warm-375,24,"LF-07 / CF-07 AdvancedSettings removes128px in flow; only chevron animation declared, motion question.",/Users/albin/Code/jori/dist/layout-hunt/before/lists/C043-table-close/warm-375/before.png,/Users/albin/Code/jori/dist/layout-hunt/before/lists/C043-table-close/warm-375/0.png,/Users/albin/Code/jori/dist/layout-hunt/before/lists/C043-table-close/warm-375/record.json,/Users/albin/Code/jori/dist/layout-hunt/LISTS_OCCURRENCES.json
LF-07,LF-07,question,C043-store-open,cold-1440,,"LF-07 / CF-07 AdvancedSettings adds128px without layout animation, motion question.",/Users/albin/Code/jori/dist/layout-hunt/before/lists/C043-store-open/cold-1440/before.png,/Users/albin/Code/jori/dist/layout-hunt/before/lists/C043-store-open/cold-1440/0.png,/Users/albin/Code/jori/dist/layout-hunt/before/lists/C043-store-open/cold-1440/record.json,/Users/albin/Code/jori/dist/layout-hunt/LISTS_OCCURRENCES.json
LF-07,LF-07,question,C043-store-open,cold-375,77,"LF-07 / CF-07 AdvancedSettings adds128px without layout animation, motion question.",/Users/albin/Code/jori/dist/layout-hunt/before/lists/C043-store-open/cold-375/before.png,/Users/albin/Code/jori/dist/layout-hunt/before/lists/C043-store-open/cold-375/0.png,/Users/albin/Code/jori/dist/layout-hunt/before/lists/C043-store-open/cold-375/record.json,/Users/albin/Code/jori/dist/layout-hunt/LISTS_OCCURRENCES.json
LF-07,LF-07,question,C043-store-open,warm-1440,,"LF-07 / CF-07 AdvancedSettings adds128px without layout animation, motion question.",/Users/albin/Code/jori/dist/layout-hunt/before/lists/C043-store-open/warm-1440/before.png,/Users/albin/Code/jori/dist/layout-hunt/before/lists/C043-store-open/warm-1440/0.png,/Users/albin/Code/jori/dist/layout-hunt/before/lists/C043-store-open/warm-1440/record.json,/Users/albin/Code/jori/dist/layout-hunt/LISTS_OCCURRENCES.json
LF-07,LF-07,question,C043-store-open,warm-375,44,"LF-07 / CF-07 AdvancedSettings adds128px without layout animation, motion question.",/Users/albin/Code/jori/dist/layout-hunt/before/lists/C043-store-open/warm-375/before.png,/Users/albin/Code/jori/dist/layout-hunt/before/lists/C043-store-open/warm-375/0.png,/Users/albin/Code/jori/dist/layout-hunt/before/lists/C043-store-open/warm-375/record.json,/Users/albin/Code/jori/dist/layout-hunt/LISTS_OCCURRENCES.json
LF-07,LF-07,question,C043-store-close,cold-1440,64,"LF-07 / CF-07 AdvancedSettings removes128px without layout animation, motion question.",/Users/albin/Code/jori/dist/layout-hunt/before/lists/C043-store-close/cold-1440/before.png,/Users/albin/Code/jori/dist/layout-hunt/before/lists/C043-store-close/cold-1440/0.png,/Users/albin/Code/jori/dist/layout-hunt/before/lists/C043-store-close/cold-1440/record.json,/Users/albin/Code/jori/dist/layout-hunt/LISTS_OCCURRENCES.json
LF-07,LF-07,question,C043-store-close,cold-375,75,"LF-07 / CF-07 AdvancedSettings removes128px without layout animation, motion question.",/Users/albin/Code/jori/dist/layout-hunt/before/lists/C043-store-close/cold-375/before.png,/Users/albin/Code/jori/dist/layout-hunt/before/lists/C043-store-close/cold-375/0.png,/Users/albin/Code/jori/dist/layout-hunt/before/lists/C043-store-close/cold-375/record.json,/Users/albin/Code/jori/dist/layout-hunt/LISTS_OCCURRENCES.json
LF-07,LF-07,question,C043-store-close,warm-1440,31,"LF-07 / CF-07 AdvancedSettings removes128px without layout animation, motion question.",/Users/albin/Code/jori/dist/layout-hunt/before/lists/C043-store-close/warm-1440/before.png,/Users/albin/Code/jori/dist/layout-hunt/before/lists/C043-store-close/warm-1440/0.png,/Users/albin/Code/jori/dist/layout-hunt/before/lists/C043-store-close/warm-1440/record.json,/Users/albin/Code/jori/dist/layout-hunt/LISTS_OCCURRENCES.json
LF-07,LF-07,question,C043-store-close,warm-375,26,"LF-07 / CF-07 AdvancedSettings removes128px without layout animation, motion question.",/Users/albin/Code/jori/dist/layout-hunt/before/lists/C043-store-close/warm-375/before.png,/Users/albin/Code/jori/dist/layout-hunt/before/lists/C043-store-close/warm-375/0.png,/Users/albin/Code/jori/dist/layout-hunt/before/lists/C043-store-close/warm-375/record.json,/Users/albin/Code/jori/dist/layout-hunt/LISTS_OCCURRENCES.json
CF-08,CF-08,question,C105-paused,cold-1440,41,,/Users/albin/Code/jori/dist/layout-hunt/before/controls/C105-paused/cold-1440/before.png,/Users/albin/Code/jori/dist/layout-hunt/before/controls/C105-paused/cold-1440/0.png,/Users/albin/Code/jori/dist/layout-hunt/before/controls/C105-paused/cold-1440/record.json,/Users/albin/Code/jori/dist/layout-hunt/CONTROLS_OCCURRENCES.json
CF-08,CF-08,question,C105-paused,warm-1440,34,,/Users/albin/Code/jori/dist/layout-hunt/before/controls/C105-paused/warm-1440/before.png,/Users/albin/Code/jori/dist/layout-hunt/before/controls/C105-paused/warm-1440/0.png,/Users/albin/Code/jori/dist/layout-hunt/before/controls/C105-paused/warm-1440/record.json,/Users/albin/Code/jori/dist/layout-hunt/CONTROLS_OCCURRENCES.json
CF-08,CF-08,question,C105-reset,cold-1440,80,,/Users/albin/Code/jori/dist/layout-hunt/before/controls/C105-reset/cold-1440/before.png,/Users/albin/Code/jori/dist/layout-hunt/before/controls/C105-reset/cold-1440/0.png,/Users/albin/Code/jori/dist/layout-hunt/before/controls/C105-reset/cold-1440/record.json,/Users/albin/Code/jori/dist/layout-hunt/CONTROLS_OCCURRENCES.json
CF-08,CF-08,question,C105-reset,warm-1440,41,,/Users/albin/Code/jori/dist/layout-hunt/before/controls/C105-reset/warm-1440/before.png,/Users/albin/Code/jori/dist/layout-hunt/before/controls/C105-reset/warm-1440/0.png,/Users/albin/Code/jori/dist/layout-hunt/before/controls/C105-reset/warm-1440/record.json,/Users/albin/Code/jori/dist/layout-hunt/CONTROLS_OCCURRENCES.json
LF-02,CF-09,confirmed,C117-pause,cold-1440,82,,/Users/albin/Code/jori/dist/layout-hunt/before/controls/C117-pause/cold-1440/before.png,/Users/albin/Code/jori/dist/layout-hunt/before/controls/C117-pause/cold-1440/0.png,/Users/albin/Code/jori/dist/layout-hunt/before/controls/C117-pause/cold-1440/record.json,/Users/albin/Code/jori/dist/layout-hunt/CONTROLS_OCCURRENCES.json
LF-02,CF-09,confirmed,C117-pause,warm-1440,46,,/Users/albin/Code/jori/dist/layout-hunt/before/controls/C117-pause/warm-1440/before.png,/Users/albin/Code/jori/dist/layout-hunt/before/controls/C117-pause/warm-1440/0.png,/Users/albin/Code/jori/dist/layout-hunt/before/controls/C117-pause/warm-1440/record.json,/Users/albin/Code/jori/dist/layout-hunt/CONTROLS_OCCURRENCES.json
LF-02,CF-09,confirmed,C124-create,cold-1440,83,,/Users/albin/Code/jori/dist/layout-hunt/before/controls/C124-create/cold-1440/before.png,/Users/albin/Code/jori/dist/layout-hunt/before/controls/C124-create/cold-1440/0.png,/Users/albin/Code/jori/dist/layout-hunt/before/controls/C124-create/cold-1440/record.json,/Users/albin/Code/jori/dist/layout-hunt/CONTROLS_OCCURRENCES.json
LF-02,CF-09,confirmed,C124-create,warm-1440,34,,/Users/albin/Code/jori/dist/layout-hunt/before/controls/C124-create/warm-1440/before.png,/Users/albin/Code/jori/dist/layout-hunt/before/controls/C124-create/warm-1440/0.png,/Users/albin/Code/jori/dist/layout-hunt/before/controls/C124-create/warm-1440/record.json,/Users/albin/Code/jori/dist/layout-hunt/CONTROLS_OCCURRENCES.json
LF-02,CF-09,confirmed,C124-create,cold-375,80,,/Users/albin/Code/jori/dist/layout-hunt/before/controls/C124-create/cold-375/before.png,/Users/albin/Code/jori/dist/layout-hunt/before/controls/C124-create/cold-375/0.png,/Users/albin/Code/jori/dist/layout-hunt/before/controls/C124-create/cold-375/record.json,/Users/albin/Code/jori/dist/layout-hunt/CONTROLS_OCCURRENCES.json
LF-02,CF-09,confirmed,C124-create,warm-375,37,,/Users/albin/Code/jori/dist/layout-hunt/before/controls/C124-create/warm-375/before.png,/Users/albin/Code/jori/dist/layout-hunt/before/controls/C124-create/warm-375/0.png,/Users/albin/Code/jori/dist/layout-hunt/before/controls/C124-create/warm-375/record.json,/Users/albin/Code/jori/dist/layout-hunt/CONTROLS_OCCURRENCES.json
LF-02,CF-09,confirmed,C132-drill,cold-1440,237,,/Users/albin/Code/jori/dist/layout-hunt/before/controls/C132-drill/cold-1440/before.png,/Users/albin/Code/jori/dist/layout-hunt/before/controls/C132-drill/cold-1440/0.png,/Users/albin/Code/jori/dist/layout-hunt/before/controls/C132-drill/cold-1440/record.json,/Users/albin/Code/jori/dist/layout-hunt/CONTROLS_OCCURRENCES.json
LF-02,CF-09,confirmed,C132-drill,warm-1440,98,,/Users/albin/Code/jori/dist/layout-hunt/before/controls/C132-drill/warm-1440/before.png,/Users/albin/Code/jori/dist/layout-hunt/before/controls/C132-drill/warm-1440/0.png,/Users/albin/Code/jori/dist/layout-hunt/before/controls/C132-drill/warm-1440/record.json,/Users/albin/Code/jori/dist/layout-hunt/CONTROLS_OCCURRENCES.json
LF-02,CF-09,confirmed,C155-Allowances,cold-1440,147,,/Users/albin/Code/jori/dist/layout-hunt/before/controls/C155-Allowances/cold-1440/before.png,/Users/albin/Code/jori/dist/layout-hunt/before/controls/C155-Allowances/cold-1440/0.png,/Users/albin/Code/jori/dist/layout-hunt/before/controls/C155-Allowances/cold-1440/record.json,/Users/albin/Code/jori/dist/layout-hunt/CONTROLS_OCCURRENCES.json
LF-02,CF-09,confirmed,C155-Allowances,warm-1440,51,,/Users/albin/Code/jori/dist/layout-hunt/before/controls/C155-Allowances/warm-1440/before.png,/Users/albin/Code/jori/dist/layout-hunt/before/controls/C155-Allowances/warm-1440/0.png,/Users/albin/Code/jori/dist/layout-hunt/before/controls/C155-Allowances/warm-1440/record.json,/Users/albin/Code/jori/dist/layout-hunt/CONTROLS_OCCURRENCES.json
LF-02,CF-09,confirmed,C155-Allowances-return,cold-1440,373,,/Users/albin/Code/jori/dist/layout-hunt/before/controls/C155-Allowances-return/cold-1440/before.png,/Users/albin/Code/jori/dist/layout-hunt/before/controls/C155-Allowances-return/cold-1440/0.png,/Users/albin/Code/jori/dist/layout-hunt/before/controls/C155-Allowances-return/cold-1440/record.json,/Users/albin/Code/jori/dist/layout-hunt/CONTROLS_OCCURRENCES.json
LF-02,CF-09,confirmed,C155-Allowances-return,warm-1440,254,,/Users/albin/Code/jori/dist/layout-hunt/before/controls/C155-Allowances-return/warm-1440/before.png,/Users/albin/Code/jori/dist/layout-hunt/before/controls/C155-Allowances-return/warm-1440/0.png,/Users/albin/Code/jori/dist/layout-hunt/before/controls/C155-Allowances-return/warm-1440/record.json,/Users/albin/Code/jori/dist/layout-hunt/CONTROLS_OCCURRENCES.json
LF-02,CF-09,confirmed,C155-Top-ups,cold-1440,107,,/Users/albin/Code/jori/dist/layout-hunt/before/controls/C155-Top-ups/cold-1440/before.png,/Users/albin/Code/jori/dist/layout-hunt/before/controls/C155-Top-ups/cold-1440/0.png,/Users/albin/Code/jori/dist/layout-hunt/before/controls/C155-Top-ups/cold-1440/record.json,/Users/albin/Code/jori/dist/layout-hunt/CONTROLS_OCCURRENCES.json
LF-02,CF-09,confirmed,C155-Top-ups,warm-1440,55,,/Users/albin/Code/jori/dist/layout-hunt/before/controls/C155-Top-ups/warm-1440/before.png,/Users/albin/Code/jori/dist/layout-hunt/before/controls/C155-Top-ups/warm-1440/0.png,/Users/albin/Code/jori/dist/layout-hunt/before/controls/C155-Top-ups/warm-1440/record.json,/Users/albin/Code/jori/dist/layout-hunt/CONTROLS_OCCURRENCES.json
LF-02,CF-09,confirmed,C155-Top-ups-return,cold-1440,346,,/Users/albin/Code/jori/dist/layout-hunt/before/controls/C155-Top-ups-return/cold-1440/before.png,/Users/albin/Code/jori/dist/layout-hunt/before/controls/C155-Top-ups-return/cold-1440/0.png,/Users/albin/Code/jori/dist/layout-hunt/before/controls/C155-Top-ups-return/cold-1440/record.json,/Users/albin/Code/jori/dist/layout-hunt/CONTROLS_OCCURRENCES.json
LF-02,CF-09,confirmed,C155-Top-ups-return,warm-1440,187,,/Users/albin/Code/jori/dist/layout-hunt/before/controls/C155-Top-ups-return/warm-1440/before.png,/Users/albin/Code/jori/dist/layout-hunt/before/controls/C155-Top-ups-return/warm-1440/0.png,/Users/albin/Code/jori/dist/layout-hunt/before/controls/C155-Top-ups-return/warm-1440/record.json,/Users/albin/Code/jori/dist/layout-hunt/CONTROLS_OCCURRENCES.json
LF-02,LF-02,confirmed,C012-clear,cold-1440,,LF-02 table columns and LF-03 conditional footer,/Users/albin/Code/jori/dist/layout-hunt/before/lists/C012-clear/cold-1440/before.png,/Users/albin/Code/jori/dist/layout-hunt/before/lists/C012-clear/cold-1440/0.png,/Users/albin/Code/jori/dist/layout-hunt/before/lists/C012-clear/cold-1440/record.json,/Users/albin/Code/jori/dist/layout-hunt/LISTS_OCCURRENCES.json
LF-02,LF-02,confirmed,C012-clear,warm-1440,,LF-02 table columns and LF-03 conditional footer,/Users/albin/Code/jori/dist/layout-hunt/before/lists/C012-clear/warm-1440/before.png,/Users/albin/Code/jori/dist/layout-hunt/before/lists/C012-clear/warm-1440/0.png,/Users/albin/Code/jori/dist/layout-hunt/before/lists/C012-clear/warm-1440/record.json,/Users/albin/Code/jori/dist/layout-hunt/LISTS_OCCURRENCES.json
LF-02,LF-02,confirmed,C012-all,cold-1440,,LF-02 table columns and LF-03 conditional footer,/Users/albin/Code/jori/dist/layout-hunt/before/lists/C012-all/cold-1440/before.png,/Users/albin/Code/jori/dist/layout-hunt/before/lists/C012-all/cold-1440/0.png,/Users/albin/Code/jori/dist/layout-hunt/before/lists/C012-all/cold-1440/record.json,/Users/albin/Code/jori/dist/layout-hunt/LISTS_OCCURRENCES.json
LF-02,LF-02,confirmed,C012-all,warm-1440,,LF-02 table columns and LF-03 conditional footer,/Users/albin/Code/jori/dist/layout-hunt/before/lists/C012-all/warm-1440/before.png,/Users/albin/Code/jori/dist/layout-hunt/before/lists/C012-all/warm-1440/0.png,/Users/albin/Code/jori/dist/layout-hunt/before/lists/C012-all/warm-1440/record.json,/Users/albin/Code/jori/dist/layout-hunt/LISTS_OCCURRENCES.json
LF-02,LF-02,confirmed,C013-owner-open,cold-1440,191,LF-01 padding propagates through automatic columns; popup entrance,/Users/albin/Code/jori/dist/layout-hunt/before/lists/C013-owner-open/cold-1440/before.png,/Users/albin/Code/jori/dist/layout-hunt/before/lists/C013-owner-open/cold-1440/0.png,/Users/albin/Code/jori/dist/layout-hunt/before/lists/C013-owner-open/cold-1440/record.json,/Users/albin/Code/jori/dist/layout-hunt/LISTS_OCCURRENCES.json
LF-02,LF-02,confirmed,C013-owner-open,warm-1440,"121,136",LF-01 padding propagates through automatic columns; popup entrance,/Users/albin/Code/jori/dist/layout-hunt/before/lists/C013-owner-open/warm-1440/before.png,/Users/albin/Code/jori/dist/layout-hunt/before/lists/C013-owner-open/warm-1440/0.png,/Users/albin/Code/jori/dist/layout-hunt/before/lists/C013-owner-open/warm-1440/record.json,/Users/albin/Code/jori/dist/layout-hunt/LISTS_OCCURRENCES.json
LF-02,LF-02,confirmed,C013-clear,cold-1440,,LF-02 table columns and LF-03 conditional footer,/Users/albin/Code/jori/dist/layout-hunt/before/lists/C013-clear/cold-1440/before.png,/Users/albin/Code/jori/dist/layout-hunt/before/lists/C013-clear/cold-1440/0.png,/Users/albin/Code/jori/dist/layout-hunt/before/lists/C013-clear/cold-1440/record.json,/Users/albin/Code/jori/dist/layout-hunt/LISTS_OCCURRENCES.json
LF-02,LF-02,confirmed,C013-clear,warm-1440,,LF-02 table columns and LF-03 conditional footer,/Users/albin/Code/jori/dist/layout-hunt/before/lists/C013-clear/warm-1440/before.png,/Users/albin/Code/jori/dist/layout-hunt/before/lists/C013-clear/warm-1440/0.png,/Users/albin/Code/jori/dist/layout-hunt/before/lists/C013-clear/warm-1440/record.json,/Users/albin/Code/jori/dist/layout-hunt/LISTS_OCCURRENCES.json
LF-02,LF-02,confirmed,C013-all,cold-1440,,LF-02 table columns and LF-03 conditional footer,/Users/albin/Code/jori/dist/layout-hunt/before/lists/C013-all/cold-1440/before.png,/Users/albin/Code/jori/dist/layout-hunt/before/lists/C013-all/cold-1440/0.png,/Users/albin/Code/jori/dist/layout-hunt/before/lists/C013-all/cold-1440/record.json,/Users/albin/Code/jori/dist/layout-hunt/LISTS_OCCURRENCES.json
LF-02,LF-02,confirmed,C013-all,warm-1440,,LF-02 table columns and LF-03 conditional footer,/Users/albin/Code/jori/dist/layout-hunt/before/lists/C013-all/warm-1440/before.png,/Users/albin/Code/jori/dist/layout-hunt/before/lists/C013-all/warm-1440/0.png,/Users/albin/Code/jori/dist/layout-hunt/before/lists/C013-all/warm-1440/record.json,/Users/albin/Code/jori/dist/layout-hunt/LISTS_OCCURRENCES.json
LF-02,LF-02,confirmed,C014-clear,cold-1440,,LF-02 auto column resizing and popup relocation; LF-03 footer33px removal; narrow Owner omitted,/Users/albin/Code/jori/dist/layout-hunt/before/lists/C014-clear/cold-1440/before.png,/Users/albin/Code/jori/dist/layout-hunt/before/lists/C014-clear/cold-1440/0.png,/Users/albin/Code/jori/dist/layout-hunt/before/lists/C014-clear/cold-1440/record.json,/Users/albin/Code/jori/dist/layout-hunt/LISTS_OCCURRENCES.json
LF-02,LF-02,confirmed,C014-clear,warm-1440,,LF-02 auto column resizing and popup relocation; LF-03 footer33px removal; narrow Owner omitted,/Users/albin/Code/jori/dist/layout-hunt/before/lists/C014-clear/warm-1440/before.png,/Users/albin/Code/jori/dist/layout-hunt/before/lists/C014-clear/warm-1440/0.png,/Users/albin/Code/jori/dist/layout-hunt/before/lists/C014-clear/warm-1440/record.json,/Users/albin/Code/jori/dist/layout-hunt/LISTS_OCCURRENCES.json
LF-02,LF-02,confirmed,C014-all,cold-1440,,LF-02 auto column resizing and popup relocation reversed; LF-03 footer33px restored; narrow Owner omitted,/Users/albin/Code/jori/dist/layout-hunt/before/lists/C014-all/cold-1440/before.png,/Users/albin/Code/jori/dist/layout-hunt/before/lists/C014-all/cold-1440/0.png,/Users/albin/Code/jori/dist/layout-hunt/before/lists/C014-all/cold-1440/record.json,/Users/albin/Code/jori/dist/layout-hunt/LISTS_OCCURRENCES.json
LF-02,LF-02,confirmed,C014-all,warm-1440,,LF-02 auto column resizing and popup relocation reversed; LF-03 footer33px restored; narrow Owner omitted,/Users/albin/Code/jori/dist/layout-hunt/before/lists/C014-all/warm-1440/before.png,/Users/albin/Code/jori/dist/layout-hunt/before/lists/C014-all/warm-1440/0.png,/Users/albin/Code/jori/dist/layout-hunt/before/lists/C014-all/warm-1440/record.json,/Users/albin/Code/jori/dist/layout-hunt/LISTS_OCCURRENCES.json
LF-02,LF-02,confirmed,C015-clear,cold-1440,,LF-02 column resize and166px popup relocation; LF-03 footer33px removal; narrow Owner omitted,/Users/albin/Code/jori/dist/layout-hunt/before/lists/C015-clear/cold-1440/before.png,/Users/albin/Code/jori/dist/layout-hunt/before/lists/C015-clear/cold-1440/0.png,/Users/albin/Code/jori/dist/layout-hunt/before/lists/C015-clear/cold-1440/record.json,/Users/albin/Code/jori/dist/layout-hunt/LISTS_OCCURRENCES.json
LF-02,LF-02,confirmed,C015-clear,warm-1440,,LF-02 column resize and166px popup relocation; LF-03 footer33px removal; narrow Owner omitted,/Users/albin/Code/jori/dist/layout-hunt/before/lists/C015-clear/warm-1440/before.png,/Users/albin/Code/jori/dist/layout-hunt/before/lists/C015-clear/warm-1440/0.png,/Users/albin/Code/jori/dist/layout-hunt/before/lists/C015-clear/warm-1440/record.json,/Users/albin/Code/jori/dist/layout-hunt/LISTS_OCCURRENCES.json
LF-02,LF-02,confirmed,C015-all,cold-1440,,LF-02 column resize and166px popup relocation reversed; LF-03 footer33px restored; narrow Owner omitted,/Users/albin/Code/jori/dist/layout-hunt/before/lists/C015-all/cold-1440/before.png,/Users/albin/Code/jori/dist/layout-hunt/before/lists/C015-all/cold-1440/0.png,/Users/albin/Code/jori/dist/layout-hunt/before/lists/C015-all/cold-1440/record.json,/Users/albin/Code/jori/dist/layout-hunt/LISTS_OCCURRENCES.json
LF-02,LF-02,confirmed,C015-all,warm-1440,,LF-02 column resize and166px popup relocation reversed; LF-03 footer33px restored; narrow Owner omitted,/Users/albin/Code/jori/dist/layout-hunt/before/lists/C015-all/warm-1440/before.png,/Users/albin/Code/jori/dist/layout-hunt/before/lists/C015-all/warm-1440/0.png,/Users/albin/Code/jori/dist/layout-hunt/before/lists/C015-all/warm-1440/record.json,/Users/albin/Code/jori/dist/layout-hunt/LISTS_OCCURRENCES.json
LF-02,LF-02,confirmed,C051-table,cold-1440,126,"LF-09 successful-create draft resets during visible exit, and LF-02 inserted long row expands automatic columns including narrow overflow. Stock overlay toast entrance.",/Users/albin/Code/jori/dist/layout-hunt/before/lists/C051-table/cold-1440/before.png,/Users/albin/Code/jori/dist/layout-hunt/before/lists/C051-table/cold-1440/0.png,/Users/albin/Code/jori/dist/layout-hunt/before/lists/C051-table/cold-1440/record.json,/Users/albin/Code/jori/dist/layout-hunt/LISTS_OCCURRENCES.json
LF-02,LF-02,confirmed,C051-table,cold-375,84,"LF-09 successful-create draft resets during visible exit, and LF-02 inserted long row expands automatic columns including narrow overflow. Stock overlay toast entrance.",/Users/albin/Code/jori/dist/layout-hunt/before/lists/C051-table/cold-375/before.png,/Users/albin/Code/jori/dist/layout-hunt/before/lists/C051-table/cold-375/0.png,/Users/albin/Code/jori/dist/layout-hunt/before/lists/C051-table/cold-375/record.json,/Users/albin/Code/jori/dist/layout-hunt/LISTS_OCCURRENCES.json
LF-02,LF-02,confirmed,C051-table,warm-1440,52,"LF-09 successful-create draft resets during visible exit, and LF-02 inserted long row expands automatic columns including narrow overflow. Stock overlay toast entrance.",/Users/albin/Code/jori/dist/layout-hunt/before/lists/C051-table/warm-1440/before.png,/Users/albin/Code/jori/dist/layout-hunt/before/lists/C051-table/warm-1440/0.png,/Users/albin/Code/jori/dist/layout-hunt/before/lists/C051-table/warm-1440/record.json,/Users/albin/Code/jori/dist/layout-hunt/LISTS_OCCURRENCES.json
LF-02,LF-02,confirmed,C051-table,warm-375,36,"LF-09 successful-create draft resets during visible exit, and LF-02 inserted long row expands automatic columns including narrow overflow. Stock overlay toast entrance.",/Users/albin/Code/jori/dist/layout-hunt/before/lists/C051-table/warm-375/before.png,/Users/albin/Code/jori/dist/layout-hunt/before/lists/C051-table/warm-375/0.png,/Users/albin/Code/jori/dist/layout-hunt/before/lists/C051-table/warm-375/record.json,/Users/albin/Code/jori/dist/layout-hunt/LISTS_OCCURRENCES.json
LF-02,LF-02,confirmed,C051-store,cold-1440,176,LF-09 create draft clears during warm exit; LF-02 new long row expands automatic columns all4profiles. Fixed overlay toast only declared entrance.,/Users/albin/Code/jori/dist/layout-hunt/before/lists/C051-store/cold-1440/before.png,/Users/albin/Code/jori/dist/layout-hunt/before/lists/C051-store/cold-1440/0.png,/Users/albin/Code/jori/dist/layout-hunt/before/lists/C051-store/cold-1440/record.json,/Users/albin/Code/jori/dist/layout-hunt/LISTS_OCCURRENCES.json
LF-02,LF-02,confirmed,C051-store,cold-375,131,LF-09 create draft clears during warm exit; LF-02 new long row expands automatic columns all4profiles. Fixed overlay toast only declared entrance.,/Users/albin/Code/jori/dist/layout-hunt/before/lists/C051-store/cold-375/before.png,/Users/albin/Code/jori/dist/layout-hunt/before/lists/C051-store/cold-375/0.png,/Users/albin/Code/jori/dist/layout-hunt/before/lists/C051-store/cold-375/record.json,/Users/albin/Code/jori/dist/layout-hunt/LISTS_OCCURRENCES.json
LF-02,LF-02,confirmed,C051-store,warm-1440,24,LF-09 create draft clears during warm exit; LF-02 new long row expands automatic columns all4profiles. Fixed overlay toast only declared entrance.,/Users/albin/Code/jori/dist/layout-hunt/before/lists/C051-store/warm-1440/before.png,/Users/albin/Code/jori/dist/layout-hunt/before/lists/C051-store/warm-1440/0.png,/Users/albin/Code/jori/dist/layout-hunt/before/lists/C051-store/warm-1440/record.json,/Users/albin/Code/jori/dist/layout-hunt/LISTS_OCCURRENCES.json
LF-02,LF-02,confirmed,C051-store,warm-375,39,LF-09 create draft clears during warm exit; LF-02 new long row expands automatic columns all4profiles. Fixed overlay toast only declared entrance.,/Users/albin/Code/jori/dist/layout-hunt/before/lists/C051-store/warm-375/before.png,/Users/albin/Code/jori/dist/layout-hunt/before/lists/C051-store/warm-375/0.png,/Users/albin/Code/jori/dist/layout-hunt/before/lists/C051-store/warm-375/record.json,/Users/albin/Code/jori/dist/layout-hunt/LISTS_OCCURRENCES.json
LF-02,LF-02,confirmed,C030-jobs,cold-1440,,"LF02 automatic columns on surviving headers (desktop Name253.69→158.2, mobile295→303); LF15 narrow footer72→44 native0.003057585 at84/41ms; LF16 confirmation unmounts before exit. Stock overlay toast entrance, scroll0; all24PNG reviewed.",/Users/albin/Code/jori/dist/layout-hunt/before/lists-tail-root/C030-jobs/cold-1440/before.png,/Users/albin/Code/jori/dist/layout-hunt/before/lists-tail-root/C030-jobs/cold-1440/0.png,/Users/albin/Code/jori/dist/layout-hunt/before/lists-tail-root/C030-jobs/cold-1440/record.json,/Users/albin/Code/jori/dist/layout-hunt/LISTS_OCCURRENCES.json
LF-02,LF-02,confirmed,C030-jobs,cold-375,84,"LF02 automatic columns on surviving headers (desktop Name253.69→158.2, mobile295→303); LF15 narrow footer72→44 native0.003057585 at84/41ms; LF16 confirmation unmounts before exit. Stock overlay toast entrance, scroll0; all24PNG reviewed.",/Users/albin/Code/jori/dist/layout-hunt/before/lists-tail-root/C030-jobs/cold-375/before.png,/Users/albin/Code/jori/dist/layout-hunt/before/lists-tail-root/C030-jobs/cold-375/0.png,/Users/albin/Code/jori/dist/layout-hunt/before/lists-tail-root/C030-jobs/cold-375/record.json,/Users/albin/Code/jori/dist/layout-hunt/LISTS_OCCURRENCES.json
LF-02,LF-02,confirmed,C030-jobs,warm-1440,,"LF02 automatic columns on surviving headers (desktop Name253.69→158.2, mobile295→303); LF15 narrow footer72→44 native0.003057585 at84/41ms; LF16 confirmation unmounts before exit. Stock overlay toast entrance, scroll0; all24PNG reviewed.",/Users/albin/Code/jori/dist/layout-hunt/before/lists-tail-root/C030-jobs/warm-1440/before.png,/Users/albin/Code/jori/dist/layout-hunt/before/lists-tail-root/C030-jobs/warm-1440/0.png,/Users/albin/Code/jori/dist/layout-hunt/before/lists-tail-root/C030-jobs/warm-1440/record.json,/Users/albin/Code/jori/dist/layout-hunt/LISTS_OCCURRENCES.json
LF-02,LF-02,confirmed,C030-jobs,warm-375,41,"LF02 automatic columns on surviving headers (desktop Name253.69→158.2, mobile295→303); LF15 narrow footer72→44 native0.003057585 at84/41ms; LF16 confirmation unmounts before exit. Stock overlay toast entrance, scroll0; all24PNG reviewed.",/Users/albin/Code/jori/dist/layout-hunt/before/lists-tail-root/C030-jobs/warm-375/before.png,/Users/albin/Code/jori/dist/layout-hunt/before/lists-tail-root/C030-jobs/warm-375/0.png,/Users/albin/Code/jori/dist/layout-hunt/before/lists-tail-root/C030-jobs/warm-375/record.json,/Users/albin/Code/jori/dist/layout-hunt/LISTS_OCCURRENCES.json
LF-02,LF-02,confirmed,C039-stores,cold-1440,127,"LF02 rename changes existing columns (Name252.5→364.2D/175.41→272M); LF04 save clears name before exit, visible warmM34ms blank input. native0.004048269D/0.005316184M; scroll0; all24PNG reviewed.",/Users/albin/Code/jori/dist/layout-hunt/before/lists-tail-root/C039-stores/cold-1440/before.png,/Users/albin/Code/jori/dist/layout-hunt/before/lists-tail-root/C039-stores/cold-1440/0.png,/Users/albin/Code/jori/dist/layout-hunt/before/lists-tail-root/C039-stores/cold-1440/record.json,/Users/albin/Code/jori/dist/layout-hunt/LISTS_OCCURRENCES.json
LF-02,LF-02,confirmed,C039-stores,cold-375,83,"LF02 rename changes existing columns (Name252.5→364.2D/175.41→272M); LF04 save clears name before exit, visible warmM34ms blank input. native0.004048269D/0.005316184M; scroll0; all24PNG reviewed.",/Users/albin/Code/jori/dist/layout-hunt/before/lists-tail-root/C039-stores/cold-375/before.png,/Users/albin/Code/jori/dist/layout-hunt/before/lists-tail-root/C039-stores/cold-375/0.png,/Users/albin/Code/jori/dist/layout-hunt/before/lists-tail-root/C039-stores/cold-375/record.json,/Users/albin/Code/jori/dist/layout-hunt/LISTS_OCCURRENCES.json
LF-02,LF-02,confirmed,C039-stores,warm-1440,38,"LF02 rename changes existing columns (Name252.5→364.2D/175.41→272M); LF04 save clears name before exit, visible warmM34ms blank input. native0.004048269D/0.005316184M; scroll0; all24PNG reviewed.",/Users/albin/Code/jori/dist/layout-hunt/before/lists-tail-root/C039-stores/warm-1440/before.png,/Users/albin/Code/jori/dist/layout-hunt/before/lists-tail-root/C039-stores/warm-1440/0.png,/Users/albin/Code/jori/dist/layout-hunt/before/lists-tail-root/C039-stores/warm-1440/record.json,/Users/albin/Code/jori/dist/layout-hunt/LISTS_OCCURRENCES.json
LF-02,LF-02,confirmed,C039-stores,warm-375,30,"LF02 rename changes existing columns (Name252.5→364.2D/175.41→272M); LF04 save clears name before exit, visible warmM34ms blank input. native0.004048269D/0.005316184M; scroll0; all24PNG reviewed.",/Users/albin/Code/jori/dist/layout-hunt/before/lists-tail-root/C039-stores/warm-375/before.png,/Users/albin/Code/jori/dist/layout-hunt/before/lists-tail-root/C039-stores/warm-375/0.png,/Users/albin/Code/jori/dist/layout-hunt/before/lists-tail-root/C039-stores/warm-375/record.json,/Users/albin/Code/jori/dist/layout-hunt/LISTS_OCCURRENCES.json
LF-02,LF-02,confirmed,C039-files,cold-1440,50,"Correct intended control state reached; all six PNGs and all native, retained/replaced rect and scroll candidates reviewed. No scroll movement. Long resource name saved successfully; first list row uses new name and updated timestamp. Existing neighboring table columns recalculate intrinsic widths; Edit draft clears during exit. Causes: [{'causeId': 'LF-02', 'variant': 'Successful long-name edit changes automatic table intrinsic widths', 'status': 'confirmed', 'sourcePaths': ['src/shared/console/list/frame.tsx', 'src/shared/console/materials/list.tsx'], 'fromTo': 'Files desktop Type x622.64→718.59,width139.47→121.83; mobile LastUpdated x207.77→304,width119.23→71.', 'nativeEvents': [{'action': 'C039-files', 'at': 11959.900000035763, 'msAfterAction': 50, 'value': 0.007935512740523726, 'hadRecentInput': True, 'sources': [{'node': 'div#root > div:nth-of-type(1) > div[data-slot=""sidebar-wrapper""]:nth-of-type(1) > main[data-slot=""sidebar-inset""]:nth-of-type(1) > div:nth-of-type(1) > section:nth-of-type(1) > div:nth-of-type(1) > div[data-slot=""table-container""]:nth-of-type(1) > table[data-slot=""table""]:nth-of-type(1) > tbody[data-slot=""table-body""]:nth-of-type(1) > tr[data-slot=""table-row""]:nth-of-type(2) > td[data-slot=""table-cell""]:nth-of-type(4) ""PDF""', 'from': {'x': 622.64, 'y': 128.5, 'width': 139.47, 'height': 41}, 'to': {'x': 718.59, 'y': 128.5, 'width': 121.83, 'height': 41}}, {'node': 'div#root > div:nth-of-type(1) > div[data-slot=""sidebar-wrapper""]:nth-of-type(1) > main[data-slot=""sidebar-inset""]:nth-of-type(1) > div:nth-of-type(1) > section:nth-of-type(1) > div:nth-of-type(1) > div[data-slot=""table-container""]:nth-of-type(1) > table[data-slot=""table""]:nth-of-type(1) > tbody[data-slot=""table-body""]:nth-of-type(1) > tr[data-slot=""table-row""]:nth-of-type(3) > td[data-slot=""table-cell""]:nth-of-type(4) ""Excel""', 'from': {'x': 622.64, 'y': 169.5, 'width': 139.47, 'height': 41}, 'to': {'x': 718.59, 'y': 169.5, 'width': 121.83, 'height': 41}}, {'node': 'div#root > div:nth-of-type(1) > div[data-slot=""sidebar-wrapper""]:nth-of-type(1) > main[data-slot=""sidebar-inset""]:nth-of-type(1) > div:nth-of-type(1) > section:nth-of-type(1) > div:nth-of-type(1) > div[data-slot=""table-container""]:nth-of-type(1) > table[data-slot=""table""]:nth-of-type(1) > tbody[data-slot=""table-body""]:nth-of-type(1) > tr[data-slot=""table-row""]:nth-of-type(1) > td[data-slot=""table-cell""]:nth-of-type(4) ""Markdown""', 'from': {'x': 622.64, 'y': 88, 'width': 139.47, 'height': 40.5}, 'to': {'x': 718.59, 'y': 88, 'width': 121.83, 'height': 40.5}}, {'node': 'div#root > div:nth-of-type(1) > div[data-slot=""sidebar-wrapper""]:nth-of-type(1) > main[data-slot=""sidebar-inset""]:nth-of-type(1) > div:nth-of-type(1) > section:nth-of-type(1) > div:nth-of-type(1) > div[data-slot=""table-container""]:nth-of-type(1) > table[data-slot=""table""]:nth-of-type(1) > tbody[data-slot=""table-body""]:nth-of-type(1) > tr[data-slot=""table-row""]:nth-of-type(4) > td[data-slot=""table-cell""]:nth-of-type(4) ""Image""', 'from': {'x': 622.64, 'y': 210.5, 'width': 139.47, 'height': 40.5}, 'to': {'x': 718.59, 'y': 210.5, 'width': 121.83, 'height': 40.5}}, {'node': 'div#root > div:nth-of-type(1) > div[data-slot=""sidebar-wrapper""]:nth-of-type(1) > main[data-slot=""sidebar-inset""]:nth-of-type(1) > div:nth-of-type(1) > section:nth-of-type(1) > div:nth-of-type(1) > div[data-slot=""table-container""]:nth-of-type(1) > table[data-slot=""table""]:nth-of-type(1) > tbody[data-slot=""table-body""]:nth-of-type(1) > tr[data-slot=""table-row""]:nth-of-type(3) > td[data-slot=""table-cell""]:nth-of-type(7) ""PNPriya Natarajan""', 'from': {'x': 1029.95, 'y': 169.5, 'width': 191.84, 'height': 41}, 'to': {'x': 1074.41, 'y': 169.5, 'width': 167.59, 'height': 41}}]}], 'pngPairs': [{'before': '/Users/albin/Code/jori/dist/layout-hunt/before/lists-tail-chat/C039-files/cold-1440/before.png', 'first': {'elapsed': 67, 'screenshotElapsed': 119, 'screenshot': '/Users/albin/Code/jori/dist/layout-hunt/before/lists-tail-chat/C039-files/cold-1440/0.png'}, '250': {'elapsed': 309, 'screenshotElapsed': 315, 'screenshot': '/Users/albin/Code/jori/dist/layout-hunt/before/lists-tail-chat/C039-files/cold-1440/250.png'}, 'settled': {'elapsed': 3144, 'screenshotElapsed': 3144, 'screenshot': '/Users/albin/Code/jori/dist/layout-hunt/before/lists-tail-chat/C039-files/cold-1440/settled.png'}}]}, {'causeId': 'LF-04', 'variant': 'Successful rename clears existing draft before exit', 'status': 'confirmed', 'sourcePaths': ['src/shared/console/materials/dialogs/edit.tsx'], 'fromTo': 'Existing Name input contains submitted long name before Save and is blank while closing. Outer height retained; raw field-content flash not native CLS.', 'pngPairs': [{'before': '/Users/albin/Code/jori/dist/layout-hunt/before/lists-tail-chat/C039-files/cold-1440/before.png', 'first': {'elapsed': 67, 'screenshotElapsed': 119, 'screenshot': '/Users/albin/Code/jori/dist/layout-hunt/before/lists-tail-chat/C039-files/cold-1440/0.png'}, '250': {'elapsed': 309, 'screenshotElapsed': 315, 'screenshot': '/Users/albin/Code/jori/dist/layout-hunt/before/lists-tail-chat/C039-files/cold-1440/250.png'}, 'settled': {'elapsed': 3144, 'screenshotElapsed': 3144, 'screenshot': '/Users/albin/Code/jori/dist/layout-hunt/before/lists-tail-chat/C039-files/cold-1440/settled.png'}}]}] Limits: []",/Users/albin/Code/jori/dist/layout-hunt/before/lists-tail-chat/C039-files/cold-1440/before.png,/Users/albin/Code/jori/dist/layout-hunt/before/lists-tail-chat/C039-files/cold-1440/0.png,/Users/albin/Code/jori/dist/layout-hunt/before/lists-tail-chat/C039-files/cold-1440/record.json,/Users/albin/Code/jori/dist/layout-hunt/LISTS_OCCURRENCES.json
LF-02,LF-02,confirmed,C039-files,cold-375,180,"Correct intended control state reached; all six PNGs and all native, retained/replaced rect and scroll candidates reviewed. No scroll movement. Long resource name saved successfully; first list row uses new name and updated timestamp. Existing neighboring table columns recalculate intrinsic widths; Edit draft clears during exit. Causes: [{'causeId': 'LF-02', 'variant': 'Successful long-name edit changes automatic table intrinsic widths', 'status': 'confirmed', 'sourcePaths': ['src/shared/console/list/frame.tsx', 'src/shared/console/materials/list.tsx'], 'fromTo': 'Files desktop Type x622.64→718.59,width139.47→121.83; mobile LastUpdated x207.77→304,width119.23→71.', 'nativeEvents': [{'action': 'C039-files', 'at': 11936.5, 'msAfterAction': 180, 'value': 0.010594756492817103, 'hadRecentInput': True, 'sources': [{'node': 'div#root > div:nth-of-type(1) > div[data-slot=""sidebar-wrapper""]:nth-of-type(1) > main[data-slot=""sidebar-inset""]:nth-of-type(1) > div:nth-of-type(1) > section:nth-of-type(1) > div:nth-of-type(1) > div[data-slot=""table-container""]:nth-of-type(1) > table[data-slot=""table""]:nth-of-type(1) > tbody[data-slot=""table-body""]:nth-of-type(1) > tr[data-slot=""table-row""]:nth-of-type(2) > td[data-slot=""table-cell""]:nth-of-type(8) ""3d ago""', 'from': {'x': 207.77, 'y': 128.5, 'width': 119.23, 'height': 41}, 'to': {'x': 304, 'y': 128.5, 'width': 71, 'height': 41}}, {'node': 'div#root > div:nth-of-type(1) > div[data-slot=""sidebar-wrapper""]:nth-of-type(1) > main[data-slot=""sidebar-inset""]:nth-of-type(1) > div:nth-of-type(1) > section:nth-of-type(1) > div:nth-of-type(1) > div[data-slot=""table-container""]:nth-of-type(1) > table[data-slot=""table""]:nth-of-type(1) > tbody[data-slot=""table-body""]:nth-of-type(1) > tr[data-slot=""table-row""]:nth-of-type(3) > td[data-slot=""table-cell""]:nth-of-type(8) ""Yesterday""', 'from': {'x': 207.77, 'y': 169.5, 'width': 119.23, 'height': 41}, 'to': {'x': 304, 'y': 169.5, 'width': 71, 'height': 41}}, {'node': 'div#root > div:nth-of-type(1) > div[data-slot=""sidebar-wrapper""]:nth-of-type(1) > main[data-slot=""sidebar-inset""]:nth-of-type(1) > div:nth-of-type(1) > section:nth-of-type(1) > div:nth-of-type(1) > div[data-slot=""table-container""]:nth-of-type(1) > table[data-slot=""table""]:nth-of-type(1) > tbody[data-slot=""table-body""]:nth-of-type(1) > tr[data-slot=""table-row""]:nth-of-type(1) > td[data-slot=""table-cell""]:nth-of-type(8) ""in under a minute""', 'from': {'x': 207.77, 'y': 88, 'width': 119.23, 'height': 40.5}, 'to': {'x': 304, 'y': 88, 'width': 71, 'height': 40.5}}, {'node': 'div#root > div:nth-of-type(1) > div[data-slot=""sidebar-wrapper""]:nth-of-type(1) > main[data-slot=""sidebar-inset""]:nth-of-type(1) > div:nth-of-type(1) > section:nth-of-type(1) > div:nth-of-type(1) > div[data-slot=""table-container""]:nth-of-type(1) > table[data-slot=""table""]:nth-of-type(1) > tbody[data-slot=""table-body""]:nth-of-type(1) > tr[data-slot=""table-row""]:nth-of-type(4) > td[data-slot=""table-cell""]:nth-of-type(8) ""3d ago""', 'from': {'x': 207.77, 'y': 210.5, 'width': 119.23, 'height': 40.5}, 'to': {'x': 304, 'y': 210.5, 'width': 71, 'height': 40.5}}]}], 'pngPairs': [{'before': '/Users/albin/Code/jori/dist/layout-hunt/before/lists-tail-chat/C039-files/cold-375/before.png', 'first': {'elapsed': 53, 'screenshotElapsed': 79, 'screenshot': '/Users/albin/Code/jori/dist/layout-hunt/before/lists-tail-chat/C039-files/cold-375/0.png'}, '250': {'elapsed': 324, 'screenshotElapsed': 346, 'screenshot': '/Users/albin/Code/jori/dist/layout-hunt/before/lists-tail-chat/C039-files/cold-375/250.png'}, 'settled': {'elapsed': 3184, 'screenshotElapsed': 3184, 'screenshot': '/Users/albin/Code/jori/dist/layout-hunt/before/lists-tail-chat/C039-files/cold-375/settled.png'}}]}, {'causeId': 'LF-04', 'variant': 'Successful rename clears existing draft before exit', 'status': 'confirmed', 'sourcePaths': ['src/shared/console/materials/dialogs/edit.tsx'], 'fromTo': 'Existing Name input contains submitted long name before Save and is blank while closing. Outer height retained; raw field-content flash not native CLS.', 'pngPairs': [{'before': '/Users/albin/Code/jori/dist/layout-hunt/before/lists-tail-chat/C039-files/cold-375/before.png', 'first': {'elapsed': 53, 'screenshotElapsed': 79, 'screenshot': '/Users/albin/Code/jori/dist/layout-hunt/before/lists-tail-chat/C039-files/cold-375/0.png'}, '250': {'elapsed': 324, 'screenshotElapsed': 346, 'screenshot': '/Users/albin/Code/jori/dist/layout-hunt/before/lists-tail-chat/C039-files/cold-375/250.png'}, 'settled': {'elapsed': 3184, 'screenshotElapsed': 3184, 'screenshot': '/Users/albin/Code/jori/dist/layout-hunt/before/lists-tail-chat/C039-files/cold-375/settled.png'}}]}] Limits: []",/Users/albin/Code/jori/dist/layout-hunt/before/lists-tail-chat/C039-files/cold-375/before.png,/Users/albin/Code/jori/dist/layout-hunt/before/lists-tail-chat/C039-files/cold-375/0.png,/Users/albin/Code/jori/dist/layout-hunt/before/lists-tail-chat/C039-files/cold-375/record.json,/Users/albin/Code/jori/dist/layout-hunt/LISTS_OCCURRENCES.json
LF-02,LF-02,confirmed,C039-files,warm-1440,36,"Correct intended control state reached; all six PNGs and all native, retained/replaced rect and scroll candidates reviewed. No scroll movement. Long resource name saved successfully; first list row uses new name and updated timestamp. Existing neighboring table columns recalculate intrinsic widths; Edit draft clears during exit. Causes: [{'causeId': 'LF-02', 'variant': 'Successful long-name edit changes automatic table intrinsic widths', 'status': 'confirmed', 'sourcePaths': ['src/shared/console/list/frame.tsx', 'src/shared/console/materials/list.tsx'], 'fromTo': 'Files desktop Type x622.64→718.59,width139.47→121.83; mobile LastUpdated x207.77→304,width119.23→71.', 'nativeEvents': [{'action': 'C039-files', 'at': 6953.900000035763, 'msAfterAction': 36, 'value': 0.007935512740523726, 'hadRecentInput': True, 'sources': [{'node': 'div#root > div:nth-of-type(1) > div[data-slot=""sidebar-wrapper""]:nth-of-type(1) > main[data-slot=""sidebar-inset""]:nth-of-type(1) > div:nth-of-type(1) > section:nth-of-type(1) > div:nth-of-type(1) > div[data-slot=""table-container""]:nth-of-type(1) > table[data-slot=""table""]:nth-of-type(1) > tbody[data-slot=""table-body""]:nth-of-type(1) > tr[data-slot=""table-row""]:nth-of-type(2) > td[data-slot=""table-cell""]:nth-of-type(4) ""PDF""', 'from': {'x': 622.64, 'y': 128.5, 'width': 139.47, 'height': 41}, 'to': {'x': 718.59, 'y': 128.5, 'width': 121.83, 'height': 41}}, {'node': 'div#root > div:nth-of-type(1) > div[data-slot=""sidebar-wrapper""]:nth-of-type(1) > main[data-slot=""sidebar-inset""]:nth-of-type(1) > div:nth-of-type(1) > section:nth-of-type(1) > div:nth-of-type(1) > div[data-slot=""table-container""]:nth-of-type(1) > table[data-slot=""table""]:nth-of-type(1) > tbody[data-slot=""table-body""]:nth-of-type(1) > tr[data-slot=""table-row""]:nth-of-type(3) > td[data-slot=""table-cell""]:nth-of-type(4) ""Excel""', 'from': {'x': 622.64, 'y': 169.5, 'width': 139.47, 'height': 41}, 'to': {'x': 718.59, 'y': 169.5, 'width': 121.83, 'height': 41}}, {'node': 'div#root > div:nth-of-type(1) > div[data-slot=""sidebar-wrapper""]:nth-of-type(1) > main[data-slot=""sidebar-inset""]:nth-of-type(1) > div:nth-of-type(1) > section:nth-of-type(1) > div:nth-of-type(1) > div[data-slot=""table-container""]:nth-of-type(1) > table[data-slot=""table""]:nth-of-type(1) > tbody[data-slot=""table-body""]:nth-of-type(1) > tr[data-slot=""table-row""]:nth-of-type(1) > td[data-slot=""table-cell""]:nth-of-type(4) ""Markdown""', 'from': {'x': 622.64, 'y': 88, 'width': 139.47, 'height': 40.5}, 'to': {'x': 718.59, 'y': 88, 'width': 121.83, 'height': 40.5}}, {'node': 'div#root > div:nth-of-type(1) > div[data-slot=""sidebar-wrapper""]:nth-of-type(1) > main[data-slot=""sidebar-inset""]:nth-of-type(1) > div:nth-of-type(1) > section:nth-of-type(1) > div:nth-of-type(1) > div[data-slot=""table-container""]:nth-of-type(1) > table[data-slot=""table""]:nth-of-type(1) > tbody[data-slot=""table-body""]:nth-of-type(1) > tr[data-slot=""table-row""]:nth-of-type(4) > td[data-slot=""table-cell""]:nth-of-type(4) ""Image""', 'from': {'x': 622.64, 'y': 210.5, 'width': 139.47, 'height': 40.5}, 'to': {'x': 718.59, 'y': 210.5, 'width': 121.83, 'height': 40.5}}, {'node': 'div#root > div:nth-of-type(1) > div[data-slot=""sidebar-wrapper""]:nth-of-type(1) > main[data-slot=""sidebar-inset""]:nth-of-type(1) > div:nth-of-type(1) > section:nth-of-type(1) > div:nth-of-type(1) > div[data-slot=""table-container""]:nth-of-type(1) > table[data-slot=""table""]:nth-of-type(1) > tbody[data-slot=""table-body""]:nth-of-type(1) > tr[data-slot=""table-row""]:nth-of-type(3) > td[data-slot=""table-cell""]:nth-of-type(7) ""PNPriya Natarajan""', 'from': {'x': 1029.95, 'y': 169.5, 'width': 191.84, 'height': 41}, 'to': {'x': 1074.41, 'y': 169.5, 'width': 167.59, 'height': 41}}]}], 'pngPairs': [{'before': '/Users/albin/Code/jori/dist/layout-hunt/before/lists-tail-chat/C039-files/warm-1440/before.png', 'first': {'elapsed': 50, 'screenshotElapsed': 117, 'screenshot': '/Users/albin/Code/jori/dist/layout-hunt/before/lists-tail-chat/C039-files/warm-1440/0.png'}, '250': {'elapsed': 293, 'screenshotElapsed': 309, 'screenshot': '/Users/albin/Code/jori/dist/layout-hunt/before/lists-tail-chat/C039-files/warm-1440/250.png'}, 'settled': {'elapsed': 3174, 'screenshotElapsed': 3174, 'screenshot': '/Users/albin/Code/jori/dist/layout-hunt/before/lists-tail-chat/C039-files/warm-1440/settled.png'}}]}, {'causeId': 'LF-04', 'variant': 'Successful rename clears existing draft before exit', 'status': 'confirmed', 'sourcePaths': ['src/shared/console/materials/dialogs/edit.tsx'], 'fromTo': 'Existing Name input contains submitted long name before Save and is blank while closing. Outer height retained; raw field-content flash not native CLS.', 'pngPairs': [{'before': '/Users/albin/Code/jori/dist/layout-hunt/before/lists-tail-chat/C039-files/warm-1440/before.png', 'first': {'elapsed': 50, 'screenshotElapsed': 117, 'screenshot': '/Users/albin/Code/jori/dist/layout-hunt/before/lists-tail-chat/C039-files/warm-1440/0.png'}, '250': {'elapsed': 293, 'screenshotElapsed': 309, 'screenshot': '/Users/albin/Code/jori/dist/layout-hunt/before/lists-tail-chat/C039-files/warm-1440/250.png'}, 'settled': {'elapsed': 3174, 'screenshotElapsed': 3174, 'screenshot': '/Users/albin/Code/jori/dist/layout-hunt/before/lists-tail-chat/C039-files/warm-1440/settled.png'}}]}] Limits: []",/Users/albin/Code/jori/dist/layout-hunt/before/lists-tail-chat/C039-files/warm-1440/before.png,/Users/albin/Code/jori/dist/layout-hunt/before/lists-tail-chat/C039-files/warm-1440/0.png,/Users/albin/Code/jori/dist/layout-hunt/before/lists-tail-chat/C039-files/warm-1440/record.json,/Users/albin/Code/jori/dist/layout-hunt/LISTS_OCCURRENCES.json
LF-02,LF-02,confirmed,C039-files,warm-375,35,"Correct intended control state reached; all six PNGs and all native, retained/replaced rect and scroll candidates reviewed. No scroll movement. Long resource name saved successfully; first list row uses new name and updated timestamp. Existing neighboring table columns recalculate intrinsic widths; Edit draft clears during exit. Causes: [{'causeId': 'LF-02', 'variant': 'Successful long-name edit changes automatic table intrinsic widths', 'status': 'confirmed', 'sourcePaths': ['src/shared/console/list/frame.tsx', 'src/shared/console/materials/list.tsx'], 'fromTo': 'Files desktop Type x622.64→718.59,width139.47→121.83; mobile LastUpdated x207.77→304,width119.23→71.', 'nativeEvents': [{'action': 'C039-files', 'at': 7051.600000023842, 'msAfterAction': 35, 'value': 0.010594756492817103, 'hadRecentInput': True, 'sources': [{'node': 'div#root > div:nth-of-type(1) > div[data-slot=""sidebar-wrapper""]:nth-of-type(1) > main[data-slot=""sidebar-inset""]:nth-of-type(1) > div:nth-of-type(1) > section:nth-of-type(1) > div:nth-of-type(1) > div[data-slot=""table-container""]:nth-of-type(1) > table[data-slot=""table""]:nth-of-type(1) > tbody[data-slot=""table-body""]:nth-of-type(1) > tr[data-slot=""table-row""]:nth-of-type(2) > td[data-slot=""table-cell""]:nth-of-type(8) ""3d ago""', 'from': {'x': 207.77, 'y': 128.5, 'width': 119.23, 'height': 41}, 'to': {'x': 304, 'y': 128.5, 'width': 71, 'height': 41}}, {'node': 'div#root > div:nth-of-type(1) > div[data-slot=""sidebar-wrapper""]:nth-of-type(1) > main[data-slot=""sidebar-inset""]:nth-of-type(1) > div:nth-of-type(1) > section:nth-of-type(1) > div:nth-of-type(1) > div[data-slot=""table-container""]:nth-of-type(1) > table[data-slot=""table""]:nth-of-type(1) > tbody[data-slot=""table-body""]:nth-of-type(1) > tr[data-slot=""table-row""]:nth-of-type(3) > td[data-slot=""table-cell""]:nth-of-type(8) ""Yesterday""', 'from': {'x': 207.77, 'y': 169.5, 'width': 119.23, 'height': 41}, 'to': {'x': 304, 'y': 169.5, 'width': 71, 'height': 41}}, {'node': 'div#root > div:nth-of-type(1) > div[data-slot=""sidebar-wrapper""]:nth-of-type(1) > main[data-slot=""sidebar-inset""]:nth-of-type(1) > div:nth-of-type(1) > section:nth-of-type(1) > div:nth-of-type(1) > div[data-slot=""table-container""]:nth-of-type(1) > table[data-slot=""table""]:nth-of-type(1) > tbody[data-slot=""table-body""]:nth-of-type(1) > tr[data-slot=""table-row""]:nth-of-type(1) > td[data-slot=""table-cell""]:nth-of-type(8) ""in under a minute""', 'from': {'x': 207.77, 'y': 88, 'width': 119.23, 'height': 40.5}, 'to': {'x': 304, 'y': 88, 'width': 71, 'height': 40.5}}, {'node': 'div#root > div:nth-of-type(1) > div[data-slot=""sidebar-wrapper""]:nth-of-type(1) > main[data-slot=""sidebar-inset""]:nth-of-type(1) > div:nth-of-type(1) > section:nth-of-type(1) > div:nth-of-type(1) > div[data-slot=""table-container""]:nth-of-type(1) > table[data-slot=""table""]:nth-of-type(1) > tbody[data-slot=""table-body""]:nth-of-type(1) > tr[data-slot=""table-row""]:nth-of-type(4) > td[data-slot=""table-cell""]:nth-of-type(8) ""3d ago""', 'from': {'x': 207.77, 'y': 210.5, 'width': 119.23, 'height': 40.5}, 'to': {'x': 304, 'y': 210.5, 'width': 71, 'height': 40.5}}]}], 'pngPairs': [{'before': '/Users/albin/Code/jori/dist/layout-hunt/before/lists-tail-chat/C039-files/warm-375/before.png', 'first': {'elapsed': 21, 'screenshotElapsed': 37, 'screenshot': '/Users/albin/Code/jori/dist/layout-hunt/before/lists-tail-chat/C039-files/warm-375/0.png'}, '250': {'elapsed': 295, 'screenshotElapsed': 306, 'screenshot': '/Users/albin/Code/jori/dist/layout-hunt/before/lists-tail-chat/C039-files/warm-375/250.png'}, 'settled': {'elapsed': 3063, 'screenshotElapsed': 3063, 'screenshot': '/Users/albin/Code/jori/dist/layout-hunt/before/lists-tail-chat/C039-files/warm-375/settled.png'}}]}, {'causeId': 'LF-04', 'variant': 'Successful rename clears existing draft before exit', 'status': 'confirmed', 'sourcePaths': ['src/shared/console/materials/dialogs/edit.tsx'], 'fromTo': 'Existing Name input contains submitted long name before Save and is blank while closing. Outer height retained; raw field-content flash not native CLS.', 'pngPairs': [{'before': '/Users/albin/Code/jori/dist/layout-hunt/before/lists-tail-chat/C039-files/warm-375/before.png', 'first': {'elapsed': 21, 'screenshotElapsed': 37, 'screenshot': '/Users/albin/Code/jori/dist/layout-hunt/before/lists-tail-chat/C039-files/warm-375/0.png'}, '250': {'elapsed': 295, 'screenshotElapsed': 306, 'screenshot': '/Users/albin/Code/jori/dist/layout-hunt/before/lists-tail-chat/C039-files/warm-375/250.png'}, 'settled': {'elapsed': 3063, 'screenshotElapsed': 3063, 'screenshot': '/Users/albin/Code/jori/dist/layout-hunt/before/lists-tail-chat/C039-files/warm-375/settled.png'}}]}] Limits: []",/Users/albin/Code/jori/dist/layout-hunt/before/lists-tail-chat/C039-files/warm-375/before.png,/Users/albin/Code/jori/dist/layout-hunt/before/lists-tail-chat/C039-files/warm-375/0.png,/Users/albin/Code/jori/dist/layout-hunt/before/lists-tail-chat/C039-files/warm-375/record.json,/Users/albin/Code/jori/dist/layout-hunt/LISTS_OCCURRENCES.json
LF-02,LF-02,confirmed,C039-tables,cold-1440,129,"Correct intended control state reached; all six PNGs and all native, retained/replaced rect and scroll candidates reviewed. No scroll movement. Long resource name saved successfully; first list row uses new name and updated timestamp. Existing neighboring table columns recalculate intrinsic widths; Edit draft clears during exit. Causes: [{'causeId': 'LF-02', 'variant': 'Successful long-name edit changes automatic table intrinsic widths', 'status': 'confirmed', 'sourcePaths': ['src/shared/console/list/frame.tsx', 'src/shared/console/materials/list.tsx'], 'fromTo': 'Tables desktop Columns x545.78→643.53,width123.78→109.30; mobile LastUpdated x211.33→304,width115.67→71.', 'nativeEvents': [{'action': 'C039-tables', 'at': 12660.199999988079, 'msAfterAction': 129, 'value': 0.00728879927019033, 'hadRecentInput': True, 'sources': [{'node': 'div#root > div:nth-of-type(1) > div[data-slot=""sidebar-wrapper""]:nth-of-type(1) > main[data-slot=""sidebar-inset""]:nth-of-type(1) > div:nth-of-type(1) > section:nth-of-type(1) > div:nth-of-type(1) > div[data-slot=""table-container""]:nth-of-type(1) > table[data-slot=""table""]:nth-of-type(1) > tbody[data-slot=""table-body""]:nth-of-type(1) > tr[data-slot=""table-row""]:nth-of-type(3) > td[data-slot=""table-cell""]:nth-of-type(7) ""Jori logoJori""', 'from': {'x': 1032.3, 'y': 169.5, 'width': 190.56, 'height': 41}, 'to': {'x': 1073.13, 'y': 169.5, 'width': 168.28, 'height': 41}}, {'node': 'div#root > div:nth-of-type(1) > div[data-slot=""sidebar-wrapper""]:nth-of-type(1) > main[data-slot=""sidebar-inset""]:nth-of-type(1) > div:nth-of-type(1) > section:nth-of-type(1) > div:nth-of-type(1) > div[data-slot=""table-container""]:nth-of-type(1) > table[data-slot=""table""]:nth-of-type(1) > tbody[data-slot=""table-body""]:nth-of-type(1) > tr[data-slot=""table-row""]:nth-of-type(2) > td[data-slot=""table-cell""]:nth-of-type(7) ""Jori logoJori""', 'from': {'x': 1032.3, 'y': 128.5, 'width': 190.56, 'height': 41}, 'to': {'x': 1073.13, 'y': 128.5, 'width': 168.28, 'height': 41}}, {'node': 'div#root > div:nth-of-type(1) > div[data-slot=""sidebar-wrapper""]:nth-of-type(1) > main[data-slot=""sidebar-inset""]:nth-of-type(1) > div:nth-of-type(1) > section:nth-of-type(1) > div:nth-of-type(1) > div[data-slot=""table-container""]:nth-of-type(1) > table[data-slot=""table""]:nth-of-type(1) > tbody[data-slot=""table-body""]:nth-of-type(1) > tr[data-slot=""table-row""]:nth-of-type(3) > td[data-slot=""table-cell""]:nth-of-type(3) ""44 columns""', 'from': {'x': 545.78, 'y': 169.5, 'width': 123.78, 'height': 41}, 'to': {'x': 643.53, 'y': 169.5, 'width': 109.3, 'height': 41}}, {'node': 'div#root > div:nth-of-type(1) > div[data-slot=""sidebar-wrapper""]:nth-of-type(1) > main[data-slot=""sidebar-inset""]:nth-of-type(1) > div:nth-of-type(1) > section:nth-of-type(1) > div:nth-of-type(1) > div[data-slot=""table-container""]:nth-of-type(1) > table[data-slot=""table""]:nth-of-type(1) > tbody[data-slot=""table-body""]:nth-of-type(1) > tr[data-slot=""table-row""]:nth-of-type(2) > td[data-slot=""table-cell""]:nth-of-type(3) ""44 columns""', 'from': {'x': 545.78, 'y': 128.5, 'width': 123.78, 'height': 41}, 'to': {'x': 643.53, 'y': 128.5, 'width': 109.3, 'height': 41}}, {'node': 'div#root > div:nth-of-type(1) > div[data-slot=""sidebar-wrapper""]:nth-of-type(1) > main[data-slot=""sidebar-inset""]:nth-of-type(1) > div:nth-of-type(1) > section:nth-of-type(1) > div:nth-of-type(1) > div[data-slot=""table-container""]:nth-of-type(1) > table[data-slot=""table""]:nth-of-type(1) > tbody[data-slot=""table-body""]:nth-of-type(1) > tr[data-slot=""table-row""]:nth-of-type(1) > td[data-slot=""table-cell""]:nth-of-type(7) ""MLMaya Lund""', 'from': {'x': 1032.3, 'y': 88, 'width': 190.56, 'height': 40.5}, 'to': {'x': 1073.13, 'y': 88, 'width': 168.28, 'height': 40.5}}]}], 'pngPairs': [{'before': '/Users/albin/Code/jori/dist/layout-hunt/before/lists-tail-chat/C039-tables/cold-1440/before.png', 'first': {'elapsed': 120, 'screenshotElapsed': 180, 'screenshot': '/Users/albin/Code/jori/dist/layout-hunt/before/lists-tail-chat/C039-tables/cold-1440/0.png'}, '250': {'elapsed': 366, 'screenshotElapsed': 372, 'screenshot': '/Users/albin/Code/jori/dist/layout-hunt/before/lists-tail-chat/C039-tables/cold-1440/250.png'}, 'settled': {'elapsed': 3199, 'screenshotElapsed': 3199, 'screenshot': '/Users/albin/Code/jori/dist/layout-hunt/before/lists-tail-chat/C039-tables/cold-1440/settled.png'}}]}, {'causeId': 'LF-04', 'variant': 'Successful rename clears existing draft before exit', 'status': 'confirmed-source; no clear early PNG in this profile', 'sourcePaths': ['src/shared/console/materials/dialogs/edit.tsx'], 'fromTo': 'Existing Name input contains submitted long name before Save and is blank while closing. Outer height retained; raw field-content flash not native CLS.', 'pngPairs': [{'before': '/Users/albin/Code/jori/dist/layout-hunt/before/lists-tail-chat/C039-tables/cold-1440/before.png', 'first': {'elapsed': 120, 'screenshotElapsed': 180, 'screenshot': '/Users/albin/Code/jori/dist/layout-hunt/before/lists-tail-chat/C039-tables/cold-1440/0.png'}, '250': {'elapsed': 366, 'screenshotElapsed': 372, 'screenshot': '/Users/albin/Code/jori/dist/layout-hunt/before/lists-tail-chat/C039-tables/cold-1440/250.png'}, 'settled': {'elapsed': 3199, 'screenshotElapsed': 3199, 'screenshot': '/Users/albin/Code/jori/dist/layout-hunt/before/lists-tail-chat/C039-tables/cold-1440/settled.png'}}]}] Limits: ['First PNG180ms has no visible dialog; this profile proves column reflow, while warm desktop and mobile pairs prove draft-clear flash.']",/Users/albin/Code/jori/dist/layout-hunt/before/lists-tail-chat/C039-tables/cold-1440/before.png,/Users/albin/Code/jori/dist/layout-hunt/before/lists-tail-chat/C039-tables/cold-1440/0.png,/Users/albin/Code/jori/dist/layout-hunt/before/lists-tail-chat/C039-tables/cold-1440/record.json,/Users/albin/Code/jori/dist/layout-hunt/LISTS_OCCURRENCES.json
LF-02,LF-02,confirmed,C039-tables,cold-375,88,"Correct intended control state reached; all six PNGs and all native, retained/replaced rect and scroll candidates reviewed. No scroll movement. Long resource name saved successfully; first list row uses new name and updated timestamp. Existing neighboring table columns recalculate intrinsic widths; Edit draft clears during exit. Causes: [{'causeId': 'LF-02', 'variant': 'Successful long-name edit changes automatic table intrinsic widths', 'status': 'confirmed', 'sourcePaths': ['src/shared/console/list/frame.tsx', 'src/shared/console/materials/list.tsx'], 'fromTo': 'Tables desktop Columns x545.78→643.53,width123.78→109.30; mobile LastUpdated x211.33→304,width115.67→71.', 'nativeEvents': [{'action': 'C039-tables', 'at': 11684.199999988079, 'msAfterAction': 88, 'value': 0.010846872042514985, 'hadRecentInput': True, 'sources': [{'node': 'div#root > div:nth-of-type(1) > div[data-slot=""sidebar-wrapper""]:nth-of-type(1) > main[data-slot=""sidebar-inset""]:nth-of-type(1) > div:nth-of-type(1) > section:nth-of-type(1) > div:nth-of-type(1) > div[data-slot=""table-container""]:nth-of-type(1) > table[data-slot=""table""]:nth-of-type(1) > tbody[data-slot=""table-body""]:nth-of-type(1) > tr[data-slot=""table-row""]:nth-of-type(2) > td[data-slot=""table-cell""]:nth-of-type(8) ""Yesterday""', 'from': {'x': 211.33, 'y': 128.5, 'width': 115.67, 'height': 41}, 'to': {'x': 304, 'y': 128.5, 'width': 71, 'height': 41}}, {'node': 'div#root > div:nth-of-type(1) > div[data-slot=""sidebar-wrapper""]:nth-of-type(1) > main[data-slot=""sidebar-inset""]:nth-of-type(1) > div:nth-of-type(1) > section:nth-of-type(1) > div:nth-of-type(1) > div[data-slot=""table-container""]:nth-of-type(1) > table[data-slot=""table""]:nth-of-type(1) > tbody[data-slot=""table-body""]:nth-of-type(1) > tr[data-slot=""table-row""]:nth-of-type(3) > td[data-slot=""table-cell""]:nth-of-type(8) ""2d ago""', 'from': {'x': 211.33, 'y': 169.5, 'width': 115.67, 'height': 41}, 'to': {'x': 304, 'y': 169.5, 'width': 71, 'height': 41}}, {'node': 'div#root > div:nth-of-type(1) > div[data-slot=""sidebar-wrapper""]:nth-of-type(1) > main[data-slot=""sidebar-inset""]:nth-of-type(1) > div:nth-of-type(1) > section:nth-of-type(1) > div:nth-of-type(1) > div[data-slot=""table-container""]:nth-of-type(1) > table[data-slot=""table""]:nth-of-type(1) > tbody[data-slot=""table-body""]:nth-of-type(1) > tr[data-slot=""table-row""]:nth-of-type(1) > td[data-slot=""table-cell""]:nth-of-type(8) ""in under a minute""', 'from': {'x': 211.33, 'y': 88, 'width': 115.67, 'height': 40.5}, 'to': {'x': 304, 'y': 88, 'width': 71, 'height': 40.5}}, {'node': 'div#root > div:nth-of-type(1) > div[data-slot=""sidebar-wrapper""]:nth-of-type(1) > main[data-slot=""sidebar-inset""]:nth-of-type(1) > div:nth-of-type(1) > section:nth-of-type(1) > div:nth-of-type(1) > div[data-slot=""table-container""]:nth-of-type(1) > table[data-slot=""table""]:nth-of-type(1) > tbody[data-slot=""table-body""]:nth-of-type(1) > tr[data-slot=""table-row""]:nth-of-type(4) > td[data-slot=""table-cell""]:nth-of-type(8) ""Yesterday""', 'from': {'x': 211.33, 'y': 210.5, 'width': 115.67, 'height': 40.5}, 'to': {'x': 304, 'y': 210.5, 'width': 71, 'height': 40.5}}, {'node': 'main[data-slot=""sidebar-inset""]:nth-of-type(1) > div:nth-of-type(1) > section:nth-of-type(1) > div:nth-of-type(1) > div[data-slot=""table-container""]:nth-of-type(1) > table[data-slot=""table""]:nth-of-type(1) > tbody[data-slot=""table-body""]:nth-of-type(1) > tr[data-slot=""table-row""]:nth-of-type(1) > td[data-slot=""table-cell""]:nth-of-type(2) > div:nth-of-type(1) > span[data-slot=""tooltip-trigger""]:nth-of-type(1) > svg:nth-of-type(1) """"', 'from': {'x': 180.63, 'y': 100, 'width': 16, 'height': 16}, 'to': {'x': 280, 'y': 100, 'width': 16, 'height': 16}}]}], 'pngPairs': [{'before': '/Users/albin/Code/jori/dist/layout-hunt/before/lists-tail-chat/C039-tables/cold-375/before.png', 'first': {'elapsed': 39, 'screenshotElapsed': 68, 'screenshot': '/Users/albin/Code/jori/dist/layout-hunt/before/lists-tail-chat/C039-tables/cold-375/0.png'}, '250': {'elapsed': 281, 'screenshotElapsed': 316, 'screenshot': '/Users/albin/Code/jori/dist/layout-hunt/before/lists-tail-chat/C039-tables/cold-375/250.png'}, 'settled': {'elapsed': 3060, 'screenshotElapsed': 3060, 'screenshot': '/Users/albin/Code/jori/dist/layout-hunt/before/lists-tail-chat/C039-tables/cold-375/settled.png'}}]}, {'causeId': 'LF-04', 'variant': 'Successful rename clears existing draft before exit', 'status': 'confirmed', 'sourcePaths': ['src/shared/console/materials/dialogs/edit.tsx'], 'fromTo': 'Existing Name input contains submitted long name before Save and is blank while closing. Outer height retained; raw field-content flash not native CLS.', 'pngPairs': [{'before': '/Users/albin/Code/jori/dist/layout-hunt/before/lists-tail-chat/C039-tables/cold-375/before.png', 'first': {'elapsed': 39, 'screenshotElapsed': 68, 'screenshot': '/Users/albin/Code/jori/dist/layout-hunt/before/lists-tail-chat/C039-tables/cold-375/0.png'}, '250': {'elapsed': 281, 'screenshotElapsed': 316, 'screenshot': '/Users/albin/Code/jori/dist/layout-hunt/before/lists-tail-chat/C039-tables/cold-375/250.png'}, 'settled': {'elapsed': 3060, 'screenshotElapsed': 3060, 'screenshot': '/Users/albin/Code/jori/dist/layout-hunt/before/lists-tail-chat/C039-tables/cold-375/settled.png'}}]}] Limits: []",/Users/albin/Code/jori/dist/layout-hunt/before/lists-tail-chat/C039-tables/cold-375/before.png,/Users/albin/Code/jori/dist/layout-hunt/before/lists-tail-chat/C039-tables/cold-375/0.png,/Users/albin/Code/jori/dist/layout-hunt/before/lists-tail-chat/C039-tables/cold-375/record.json,/Users/albin/Code/jori/dist/layout-hunt/LISTS_OCCURRENCES.json
LF-02,LF-02,confirmed,C039-tables,warm-1440,40,"Correct intended control state reached; all six PNGs and all native, retained/replaced rect and scroll candidates reviewed. No scroll movement. Long resource name saved successfully; first list row uses new name and updated timestamp. Existing neighboring table columns recalculate intrinsic widths; Edit draft clears during exit. Causes: [{'causeId': 'LF-02', 'variant': 'Successful long-name edit changes automatic table intrinsic widths', 'status': 'confirmed', 'sourcePaths': ['src/shared/console/list/frame.tsx', 'src/shared/console/materials/list.tsx'], 'fromTo': 'Tables desktop Columns x545.78→643.53,width123.78→109.30; mobile LastUpdated x211.33→304,width115.67→71.', 'nativeEvents': [{'action': 'C039-tables', 'at': 6932.800000011921, 'msAfterAction': 40, 'value': 0.00728879927019033, 'hadRecentInput': True, 'sources': [{'node': 'div#root > div:nth-of-type(1) > div[data-slot=""sidebar-wrapper""]:nth-of-type(1) > main[data-slot=""sidebar-inset""]:nth-of-type(1) > div:nth-of-type(1) > section:nth-of-type(1) > div:nth-of-type(1) > div[data-slot=""table-container""]:nth-of-type(1) > table[data-slot=""table""]:nth-of-type(1) > tbody[data-slot=""table-body""]:nth-of-type(1) > tr[data-slot=""table-row""]:nth-of-type(3) > td[data-slot=""table-cell""]:nth-of-type(7) ""Jori logoJori""', 'from': {'x': 1032.3, 'y': 169.5, 'width': 190.56, 'height': 41}, 'to': {'x': 1073.13, 'y': 169.5, 'width': 168.28, 'height': 41}}, {'node': 'div#root > div:nth-of-type(1) > div[data-slot=""sidebar-wrapper""]:nth-of-type(1) > main[data-slot=""sidebar-inset""]:nth-of-type(1) > div:nth-of-type(1) > section:nth-of-type(1) > div:nth-of-type(1) > div[data-slot=""table-container""]:nth-of-type(1) > table[data-slot=""table""]:nth-of-type(1) > tbody[data-slot=""table-body""]:nth-of-type(1) > tr[data-slot=""table-row""]:nth-of-type(2) > td[data-slot=""table-cell""]:nth-of-type(7) ""Jori logoJori""', 'from': {'x': 1032.3, 'y': 128.5, 'width': 190.56, 'height': 41}, 'to': {'x': 1073.13, 'y': 128.5, 'width': 168.28, 'height': 41}}, {'node': 'div#root > div:nth-of-type(1) > div[data-slot=""sidebar-wrapper""]:nth-of-type(1) > main[data-slot=""sidebar-inset""]:nth-of-type(1) > div:nth-of-type(1) > section:nth-of-type(1) > div:nth-of-type(1) > div[data-slot=""table-container""]:nth-of-type(1) > table[data-slot=""table""]:nth-of-type(1) > tbody[data-slot=""table-body""]:nth-of-type(1) > tr[data-slot=""table-row""]:nth-of-type(3) > td[data-slot=""table-cell""]:nth-of-type(3) ""44 columns""', 'from': {'x': 545.78, 'y': 169.5, 'width': 123.78, 'height': 41}, 'to': {'x': 643.53, 'y': 169.5, 'width': 109.3, 'height': 41}}, {'node': 'div#root > div:nth-of-type(1) > div[data-slot=""sidebar-wrapper""]:nth-of-type(1) > main[data-slot=""sidebar-inset""]:nth-of-type(1) > div:nth-of-type(1) > section:nth-of-type(1) > div:nth-of-type(1) > div[data-slot=""table-container""]:nth-of-type(1) > table[data-slot=""table""]:nth-of-type(1) > tbody[data-slot=""table-body""]:nth-of-type(1) > tr[data-slot=""table-row""]:nth-of-type(2) > td[data-slot=""table-cell""]:nth-of-type(3) ""44 columns""', 'from': {'x': 545.78, 'y': 128.5, 'width': 123.78, 'height': 41}, 'to': {'x': 643.53, 'y': 128.5, 'width': 109.3, 'height': 41}}, {'node': 'div#root > div:nth-of-type(1) > div[data-slot=""sidebar-wrapper""]:nth-of-type(1) > main[data-slot=""sidebar-inset""]:nth-of-type(1) > div:nth-of-type(1) > section:nth-of-type(1) > div:nth-of-type(1) > div[data-slot=""table-container""]:nth-of-type(1) > table[data-slot=""table""]:nth-of-type(1) > tbody[data-slot=""table-body""]:nth-of-type(1) > tr[data-slot=""table-row""]:nth-of-type(1) > td[data-slot=""table-cell""]:nth-of-type(7) ""MLMaya Lund""', 'from': {'x': 1032.3, 'y': 88, 'width': 190.56, 'height': 40.5}, 'to': {'x': 1073.13, 'y': 88, 'width': 168.28, 'height': 40.5}}]}], 'pngPairs': [{'before': '/Users/albin/Code/jori/dist/layout-hunt/before/lists-tail-chat/C039-tables/warm-1440/before.png', 'first': {'elapsed': 44, 'screenshotElapsed': 82, 'screenshot': '/Users/albin/Code/jori/dist/layout-hunt/before/lists-tail-chat/C039-tables/warm-1440/0.png'}, '250': {'elapsed': 281, 'screenshotElapsed': 302, 'screenshot': '/Users/albin/Code/jori/dist/layout-hunt/before/lists-tail-chat/C039-tables/warm-1440/250.png'}, 'settled': {'elapsed': 3082, 'screenshotElapsed': 3082, 'screenshot': '/Users/albin/Code/jori/dist/layout-hunt/before/lists-tail-chat/C039-tables/warm-1440/settled.png'}}]}, {'causeId': 'LF-04', 'variant': 'Successful rename clears existing draft before exit', 'status': 'confirmed', 'sourcePaths': ['src/shared/console/materials/dialogs/edit.tsx'], 'fromTo': 'Existing Name input contains submitted long name before Save and is blank while closing. Outer height retained; raw field-content flash not native CLS.', 'pngPairs': [{'before': '/Users/albin/Code/jori/dist/layout-hunt/before/lists-tail-chat/C039-tables/warm-1440/before.png', 'first': {'elapsed': 44, 'screenshotElapsed': 82, 'screenshot': '/Users/albin/Code/jori/dist/layout-hunt/before/lists-tail-chat/C039-tables/warm-1440/0.png'}, '250': {'elapsed': 281, 'screenshotElapsed': 302, 'screenshot': '/Users/albin/Code/jori/dist/layout-hunt/before/lists-tail-chat/C039-tables/warm-1440/250.png'}, 'settled': {'elapsed': 3082, 'screenshotElapsed': 3082, 'screenshot': '/Users/albin/Code/jori/dist/layout-hunt/before/lists-tail-chat/C039-tables/warm-1440/settled.png'}}]}] Limits: []",/Users/albin/Code/jori/dist/layout-hunt/before/lists-tail-chat/C039-tables/warm-1440/before.png,/Users/albin/Code/jori/dist/layout-hunt/before/lists-tail-chat/C039-tables/warm-1440/0.png,/Users/albin/Code/jori/dist/layout-hunt/before/lists-tail-chat/C039-tables/warm-1440/record.json,/Users/albin/Code/jori/dist/layout-hunt/LISTS_OCCURRENCES.json
LF-02,LF-02,confirmed,C039-tables,warm-375,61,"Correct intended control state reached; all six PNGs and all native, retained/replaced rect and scroll candidates reviewed. No scroll movement. Long resource name saved successfully; first list row uses new name and updated timestamp. Existing neighboring table columns recalculate intrinsic widths; Edit draft clears during exit. Causes: [{'causeId': 'LF-02', 'variant': 'Successful long-name edit changes automatic table intrinsic widths', 'status': 'confirmed', 'sourcePaths': ['src/shared/console/list/frame.tsx', 'src/shared/console/materials/list.tsx'], 'fromTo': 'Tables desktop Columns x545.78→643.53,width123.78→109.30; mobile LastUpdated x211.33→304,width115.67→71.', 'nativeEvents': [{'action': 'C039-tables', 'at': 6820.400000035763, 'msAfterAction': 61, 'value': 0.010846872042514985, 'hadRecentInput': True, 'sources': [{'node': 'div#root > div:nth-of-type(1) > div[data-slot=""sidebar-wrapper""]:nth-of-type(1) > main[data-slot=""sidebar-inset""]:nth-of-type(1) > div:nth-of-type(1) > section:nth-of-type(1) > div:nth-of-type(1) > div[data-slot=""table-container""]:nth-of-type(1) > table[data-slot=""table""]:nth-of-type(1) > tbody[data-slot=""table-body""]:nth-of-type(1) > tr[data-slot=""table-row""]:nth-of-type(2) > td[data-slot=""table-cell""]:nth-of-type(8) ""Yesterday""', 'from': {'x': 211.33, 'y': 128.5, 'width': 115.67, 'height': 41}, 'to': {'x': 304, 'y': 128.5, 'width': 71, 'height': 41}}, {'node': 'div#root > div:nth-of-type(1) > div[data-slot=""sidebar-wrapper""]:nth-of-type(1) > main[data-slot=""sidebar-inset""]:nth-of-type(1) > div:nth-of-type(1) > section:nth-of-type(1) > div:nth-of-type(1) > div[data-slot=""table-container""]:nth-of-type(1) > table[data-slot=""table""]:nth-of-type(1) > tbody[data-slot=""table-body""]:nth-of-type(1) > tr[data-slot=""table-row""]:nth-of-type(3) > td[data-slot=""table-cell""]:nth-of-type(8) ""2d ago""', 'from': {'x': 211.33, 'y': 169.5, 'width': 115.67, 'height': 41}, 'to': {'x': 304, 'y': 169.5, 'width': 71, 'height': 41}}, {'node': 'div#root > div:nth-of-type(1) > div[data-slot=""sidebar-wrapper""]:nth-of-type(1) > main[data-slot=""sidebar-inset""]:nth-of-type(1) > div:nth-of-type(1) > section:nth-of-type(1) > div:nth-of-type(1) > div[data-slot=""table-container""]:nth-of-type(1) > table[data-slot=""table""]:nth-of-type(1) > tbody[data-slot=""table-body""]:nth-of-type(1) > tr[data-slot=""table-row""]:nth-of-type(1) > td[data-slot=""table-cell""]:nth-of-type(8) ""in under a minute""', 'from': {'x': 211.33, 'y': 88, 'width': 115.67, 'height': 40.5}, 'to': {'x': 304, 'y': 88, 'width': 71, 'height': 40.5}}, {'node': 'div#root > div:nth-of-type(1) > div[data-slot=""sidebar-wrapper""]:nth-of-type(1) > main[data-slot=""sidebar-inset""]:nth-of-type(1) > div:nth-of-type(1) > section:nth-of-type(1) > div:nth-of-type(1) > div[data-slot=""table-container""]:nth-of-type(1) > table[data-slot=""table""]:nth-of-type(1) > tbody[data-slot=""table-body""]:nth-of-type(1) > tr[data-slot=""table-row""]:nth-of-type(4) > td[data-slot=""table-cell""]:nth-of-type(8) ""Yesterday""', 'from': {'x': 211.33, 'y': 210.5, 'width': 115.67, 'height': 40.5}, 'to': {'x': 304, 'y': 210.5, 'width': 71, 'height': 40.5}}, {'node': 'main[data-slot=""sidebar-inset""]:nth-of-type(1) > div:nth-of-type(1) > section:nth-of-type(1) > div:nth-of-type(1) > div[data-slot=""table-container""]:nth-of-type(1) > table[data-slot=""table""]:nth-of-type(1) > tbody[data-slot=""table-body""]:nth-of-type(1) > tr[data-slot=""table-row""]:nth-of-type(1) > td[data-slot=""table-cell""]:nth-of-type(2) > div:nth-of-type(1) > span[data-slot=""tooltip-trigger""]:nth-of-type(1) > svg:nth-of-type(1) """"', 'from': {'x': 180.63, 'y': 100, 'width': 16, 'height': 16}, 'to': {'x': 280, 'y': 100, 'width': 16, 'height': 16}}]}], 'pngPairs': [{'before': '/Users/albin/Code/jori/dist/layout-hunt/before/lists-tail-chat/C039-tables/warm-375/before.png', 'first': {'elapsed': 13, 'screenshotElapsed': 33, 'screenshot': '/Users/albin/Code/jori/dist/layout-hunt/before/lists-tail-chat/C039-tables/warm-375/0.png'}, '250': {'elapsed': 258, 'screenshotElapsed': 265, 'screenshot': '/Users/albin/Code/jori/dist/layout-hunt/before/lists-tail-chat/C039-tables/warm-375/250.png'}, 'settled': {'elapsed': 3044, 'screenshotElapsed': 3044, 'screenshot': '/Users/albin/Code/jori/dist/layout-hunt/before/lists-tail-chat/C039-tables/warm-375/settled.png'}}]}, {'causeId': 'LF-04', 'variant': 'Successful rename clears existing draft before exit', 'status': 'confirmed', 'sourcePaths': ['src/shared/console/materials/dialogs/edit.tsx'], 'fromTo': 'Existing Name input contains submitted long name before Save and is blank while closing. Outer height retained; raw field-content flash not native CLS.', 'pngPairs': [{'before': '/Users/albin/Code/jori/dist/layout-hunt/before/lists-tail-chat/C039-tables/warm-375/before.png', 'first': {'elapsed': 13, 'screenshotElapsed': 33, 'screenshot': '/Users/albin/Code/jori/dist/layout-hunt/before/lists-tail-chat/C039-tables/warm-375/0.png'}, '250': {'elapsed': 258, 'screenshotElapsed': 265, 'screenshot': '/Users/albin/Code/jori/dist/layout-hunt/before/lists-tail-chat/C039-tables/warm-375/250.png'}, 'settled': {'elapsed': 3044, 'screenshotElapsed': 3044, 'screenshot': '/Users/albin/Code/jori/dist/layout-hunt/before/lists-tail-chat/C039-tables/warm-375/settled.png'}}]}] Limits: []",/Users/albin/Code/jori/dist/layout-hunt/before/lists-tail-chat/C039-tables/warm-375/before.png,/Users/albin/Code/jori/dist/layout-hunt/before/lists-tail-chat/C039-tables/warm-375/0.png,/Users/albin/Code/jori/dist/layout-hunt/before/lists-tail-chat/C039-tables/warm-375/record.json,/Users/albin/Code/jori/dist/layout-hunt/LISTS_OCCURRENCES.json
CF-10,CF-10,question,C121-finance-open,cold-1440,102,,/Users/albin/Code/jori/dist/layout-hunt/before/controls/C121-finance-open/cold-1440/before.png,/Users/albin/Code/jori/dist/layout-hunt/before/controls/C121-finance-open/cold-1440/0.png,/Users/albin/Code/jori/dist/layout-hunt/before/controls/C121-finance-open/cold-1440/record.json,/Users/albin/Code/jori/dist/layout-hunt/CONTROLS_OCCURRENCES.json
CF-10,CF-10,question,C121-finance-open,warm-1440,24,,/Users/albin/Code/jori/dist/layout-hunt/before/controls/C121-finance-open/warm-1440/before.png,/Users/albin/Code/jori/dist/layout-hunt/before/controls/C121-finance-open/warm-1440/0.png,/Users/albin/Code/jori/dist/layout-hunt/before/controls/C121-finance-open/warm-1440/record.json,/Users/albin/Code/jori/dist/layout-hunt/CONTROLS_OCCURRENCES.json
CF-10,CF-10,question,C121-finance-close,cold-1440,28,,/Users/albin/Code/jori/dist/layout-hunt/before/controls/C121-finance-close/cold-1440/before.png,/Users/albin/Code/jori/dist/layout-hunt/before/controls/C121-finance-close/cold-1440/0.png,/Users/albin/Code/jori/dist/layout-hunt/before/controls/C121-finance-close/cold-1440/record.json,/Users/albin/Code/jori/dist/layout-hunt/CONTROLS_OCCURRENCES.json
CF-10,CF-10,question,C121-finance-close,warm-1440,38,,/Users/albin/Code/jori/dist/layout-hunt/before/controls/C121-finance-close/warm-1440/before.png,/Users/albin/Code/jori/dist/layout-hunt/before/controls/C121-finance-close/warm-1440/0.png,/Users/albin/Code/jori/dist/layout-hunt/before/controls/C121-finance-close/warm-1440/record.json,/Users/albin/Code/jori/dist/layout-hunt/CONTROLS_OCCURRENCES.json
CF-11,CF-11,confirmed,C124-create,warm-1440,34,,/Users/albin/Code/jori/dist/layout-hunt/before/controls/C124-create/warm-1440/before.png,/Users/albin/Code/jori/dist/layout-hunt/before/controls/C124-create/warm-1440/0.png,/Users/albin/Code/jori/dist/layout-hunt/before/controls/C124-create/warm-1440/record.json,/Users/albin/Code/jori/dist/layout-hunt/CONTROLS_OCCURRENCES.json
CF-11,CF-11,confirmed,C124-create,cold-375,80,,/Users/albin/Code/jori/dist/layout-hunt/before/controls/C124-create/cold-375/before.png,/Users/albin/Code/jori/dist/layout-hunt/before/controls/C124-create/cold-375/0.png,/Users/albin/Code/jori/dist/layout-hunt/before/controls/C124-create/cold-375/record.json,/Users/albin/Code/jori/dist/layout-hunt/CONTROLS_OCCURRENCES.json
CF-11,CF-11,confirmed,C124-create,warm-375,37,,/Users/albin/Code/jori/dist/layout-hunt/before/controls/C124-create/warm-375/before.png,/Users/albin/Code/jori/dist/layout-hunt/before/controls/C124-create/warm-375/0.png,/Users/albin/Code/jori/dist/layout-hunt/before/controls/C124-create/warm-375/record.json,/Users/albin/Code/jori/dist/layout-hunt/CONTROLS_OCCURRENCES.json
CF-12,CF-12,question,C125-menu-open,cold-1440,310,,/Users/albin/Code/jori/dist/layout-hunt/before/controls/C125-menu-open/cold-1440/before.png,/Users/albin/Code/jori/dist/layout-hunt/before/controls/C125-menu-open/cold-1440/250.png,/Users/albin/Code/jori/dist/layout-hunt/before/controls/C125-menu-open/cold-1440/record.json,/Users/albin/Code/jori/dist/layout-hunt/CONTROLS_OCCURRENCES.json
CF-12,CF-12,question,C125-menu-open,warm-1440,161,,/Users/albin/Code/jori/dist/layout-hunt/before/controls/C125-menu-open/warm-1440/before.png,/Users/albin/Code/jori/dist/layout-hunt/before/controls/C125-menu-open/warm-1440/250.png,/Users/albin/Code/jori/dist/layout-hunt/before/controls/C125-menu-open/warm-1440/record.json,/Users/albin/Code/jori/dist/layout-hunt/CONTROLS_OCCURRENCES.json
CF-12,CF-12,question,C125-menu-open,cold-375,,,/Users/albin/Code/jori/dist/layout-hunt/before/controls/C125-menu-open/cold-375/before.png,/Users/albin/Code/jori/dist/layout-hunt/before/controls/C125-menu-open/cold-375/250.png,/Users/albin/Code/jori/dist/layout-hunt/before/controls/C125-menu-open/cold-375/record.json,/Users/albin/Code/jori/dist/layout-hunt/CONTROLS_OCCURRENCES.json
CF-12,CF-12,question,C125-menu-open,warm-375,,,/Users/albin/Code/jori/dist/layout-hunt/before/controls/C125-menu-open/warm-375/before.png,/Users/albin/Code/jori/dist/layout-hunt/before/controls/C125-menu-open/warm-375/250.png,/Users/albin/Code/jori/dist/layout-hunt/before/controls/C125-menu-open/warm-375/record.json,/Users/albin/Code/jori/dist/layout-hunt/CONTROLS_OCCURRENCES.json
CF-12,CF-12,question,C126-delete-open,cold-1440,185,,/Users/albin/Code/jori/dist/layout-hunt/before/controls/C126-delete-open/cold-1440/before.png,/Users/albin/Code/jori/dist/layout-hunt/before/controls/C126-delete-open/cold-1440/250.png,/Users/albin/Code/jori/dist/layout-hunt/before/controls/C126-delete-open/cold-1440/record.json,/Users/albin/Code/jori/dist/layout-hunt/CONTROLS_OCCURRENCES.json
CF-12,CF-12,question,C126-delete-open,warm-1440,"108,156",,/Users/albin/Code/jori/dist/layout-hunt/before/controls/C126-delete-open/warm-1440/before.png,/Users/albin/Code/jori/dist/layout-hunt/before/controls/C126-delete-open/warm-1440/250.png,/Users/albin/Code/jori/dist/layout-hunt/before/controls/C126-delete-open/warm-1440/record.json,/Users/albin/Code/jori/dist/layout-hunt/CONTROLS_OCCURRENCES.json
CF-12,CF-12,question,C130-hover,cold-1440,574,,/Users/albin/Code/jori/dist/layout-hunt/before/controls/C130-hover/cold-1440/before.png,/Users/albin/Code/jori/dist/layout-hunt/before/controls/C130-hover/cold-1440/250.png,/Users/albin/Code/jori/dist/layout-hunt/before/controls/C130-hover/cold-1440/record.json,/Users/albin/Code/jori/dist/layout-hunt/CONTROLS_OCCURRENCES.json
CF-12,CF-12,question,C130-hover,warm-1440,134,,/Users/albin/Code/jori/dist/layout-hunt/before/controls/C130-hover/warm-1440/before.png,/Users/albin/Code/jori/dist/layout-hunt/before/controls/C130-hover/warm-1440/250.png,/Users/albin/Code/jori/dist/layout-hunt/before/controls/C130-hover/warm-1440/record.json,/Users/albin/Code/jori/dist/layout-hunt/CONTROLS_OCCURRENCES.json
CF-12,CF-12,question,C130-leave,cold-1440,111,,/Users/albin/Code/jori/dist/layout-hunt/before/controls/C130-leave/cold-1440/before.png,/Users/albin/Code/jori/dist/layout-hunt/before/controls/C130-leave/cold-1440/250.png,/Users/albin/Code/jori/dist/layout-hunt/before/controls/C130-leave/cold-1440/record.json,/Users/albin/Code/jori/dist/layout-hunt/CONTROLS_OCCURRENCES.json
CF-12,CF-12,question,C130-leave,warm-1440,85,,/Users/albin/Code/jori/dist/layout-hunt/before/controls/C130-leave/warm-1440/before.png,/Users/albin/Code/jori/dist/layout-hunt/before/controls/C130-leave/warm-1440/250.png,/Users/albin/Code/jori/dist/layout-hunt/before/controls/C130-leave/warm-1440/record.json,/Users/albin/Code/jori/dist/layout-hunt/CONTROLS_OCCURRENCES.json
CF-12,CF-12,question,C097-tooltip-close,cold-375,,Original single-hop hover recipe leaves tooltip open. Retain incidental breadcrumb padding evidence; corrected tooltip dismissal remains queued.,/Users/albin/Code/jori/dist/layout-hunt/before/controls/C097-tooltip-close/cold-375/0.png,/Users/albin/Code/jori/dist/layout-hunt/before/controls/C097-tooltip-close/cold-375/250.png,/Users/albin/Code/jori/dist/layout-hunt/before/controls/C097-tooltip-close/cold-375/record.json,/Users/albin/Code/jori/dist/layout-hunt/CONTROLS_OCCURRENCES.json
CF-12,CF-12,question,C097-tooltip-close,warm-375,,Original single-hop hover recipe leaves tooltip open. Retain incidental breadcrumb padding evidence; corrected tooltip dismissal remains queued.,/Users/albin/Code/jori/dist/layout-hunt/before/controls/C097-tooltip-close/warm-375/0.png,/Users/albin/Code/jori/dist/layout-hunt/before/controls/C097-tooltip-close/warm-375/250.png,/Users/albin/Code/jori/dist/layout-hunt/before/controls/C097-tooltip-close/warm-375/record.json,/Users/albin/Code/jori/dist/layout-hunt/CONTROLS_OCCURRENCES.json
CF-13,CF-13,confirmed,C126-contents,cold-1440,28,,/Users/albin/Code/jori/dist/layout-hunt/before/controls/C126-contents/cold-1440/before.png,/Users/albin/Code/jori/dist/layout-hunt/before/controls/C126-contents/cold-1440/0.png,/Users/albin/Code/jori/dist/layout-hunt/before/controls/C126-contents/cold-1440/record.json,/Users/albin/Code/jori/dist/layout-hunt/CONTROLS_OCCURRENCES.json
CF-13,CF-13,confirmed,C126-contents,warm-1440,35,,/Users/albin/Code/jori/dist/layout-hunt/before/controls/C126-contents/warm-1440/before.png,/Users/albin/Code/jori/dist/layout-hunt/before/controls/C126-contents/warm-1440/0.png,/Users/albin/Code/jori/dist/layout-hunt/before/controls/C126-contents/warm-1440/record.json,/Users/albin/Code/jori/dist/layout-hunt/CONTROLS_OCCURRENCES.json
CF-13,CF-13,confirmed,C126-contents-back,cold-1440,34,,/Users/albin/Code/jori/dist/layout-hunt/before/controls/C126-contents-back/cold-1440/before.png,/Users/albin/Code/jori/dist/layout-hunt/before/controls/C126-contents-back/cold-1440/0.png,/Users/albin/Code/jori/dist/layout-hunt/before/controls/C126-contents-back/cold-1440/record.json,/Users/albin/Code/jori/dist/layout-hunt/CONTROLS_OCCURRENCES.json
CF-13,CF-13,confirmed,C126-contents-back,warm-1440,33,,/Users/albin/Code/jori/dist/layout-hunt/before/controls/C126-contents-back/warm-1440/before.png,/Users/albin/Code/jori/dist/layout-hunt/before/controls/C126-contents-back/warm-1440/0.png,/Users/albin/Code/jori/dist/layout-hunt/before/controls/C126-contents-back/warm-1440/record.json,/Users/albin/Code/jori/dist/layout-hunt/CONTROLS_OCCURRENCES.json
CF-14,CF-14,question,C095-unfold,cold-1440,"94,143,158",,/Users/albin/Code/jori/dist/layout-hunt/before/controls/C095-unfold/cold-1440/before.png,/Users/albin/Code/jori/dist/layout-hunt/before/controls/C095-unfold/cold-1440/0.png,/Users/albin/Code/jori/dist/layout-hunt/before/controls/C095-unfold/cold-1440/record.json,/Users/albin/Code/jori/dist/layout-hunt/CONTROLS_OCCURRENCES.json
CF-14,CF-14,question,C095-unfold,warm-1440,"65,117,132,149",,/Users/albin/Code/jori/dist/layout-hunt/before/controls/C095-unfold/warm-1440/before.png,/Users/albin/Code/jori/dist/layout-hunt/before/controls/C095-unfold/warm-1440/0.png,/Users/albin/Code/jori/dist/layout-hunt/before/controls/C095-unfold/warm-1440/record.json,/Users/albin/Code/jori/dist/layout-hunt/CONTROLS_OCCURRENCES.json
CF-14,CF-14,question,C095-fold,cold-1440,"84,96,117,129,146,179",,/Users/albin/Code/jori/dist/layout-hunt/before/controls/C095-fold/cold-1440/before.png,/Users/albin/Code/jori/dist/layout-hunt/before/controls/C095-fold/cold-1440/0.png,/Users/albin/Code/jori/dist/layout-hunt/before/controls/C095-fold/cold-1440/record.json,/Users/albin/Code/jori/dist/layout-hunt/CONTROLS_OCCURRENCES.json
CF-14,CF-14,question,C095-fold,warm-1440,"63,79,96,113,130,146,179",,/Users/albin/Code/jori/dist/layout-hunt/before/controls/C095-fold/warm-1440/before.png,/Users/albin/Code/jori/dist/layout-hunt/before/controls/C095-fold/warm-1440/0.png,/Users/albin/Code/jori/dist/layout-hunt/before/controls/C095-fold/warm-1440/record.json,/Users/albin/Code/jori/dist/layout-hunt/CONTROLS_OCCURRENCES.json
CF-16,CF-16,question,C159-permissions-open,cold-1440,572,,/Users/albin/Code/jori/dist/layout-hunt/before/controls/C159-permissions-open/cold-1440/before.png,/Users/albin/Code/jori/dist/layout-hunt/before/controls/C159-permissions-open/cold-1440/0.png,/Users/albin/Code/jori/dist/layout-hunt/before/controls/C159-permissions-open/cold-1440/record.json,/Users/albin/Code/jori/dist/layout-hunt/CONTROLS_OCCURRENCES.json
CF-16,CF-16,question,C159-permissions-open,warm-1440,,,/Users/albin/Code/jori/dist/layout-hunt/before/controls/C159-permissions-open/warm-1440/before.png,/Users/albin/Code/jori/dist/layout-hunt/before/controls/C159-permissions-open/warm-1440/0.png,/Users/albin/Code/jori/dist/layout-hunt/before/controls/C159-permissions-open/warm-1440/record.json,/Users/albin/Code/jori/dist/layout-hunt/CONTROLS_OCCURRENCES.json
CF-16,CF-16,question,C159-permissions-open,cold-375,,,/Users/albin/Code/jori/dist/layout-hunt/before/controls/C159-permissions-open/cold-375/before.png,/Users/albin/Code/jori/dist/layout-hunt/before/controls/C159-permissions-open/cold-375/0.png,/Users/albin/Code/jori/dist/layout-hunt/before/controls/C159-permissions-open/cold-375/record.json,/Users/albin/Code/jori/dist/layout-hunt/CONTROLS_OCCURRENCES.json
CF-16,CF-16,question,C159-permissions-open,warm-375,,,/Users/albin/Code/jori/dist/layout-hunt/before/controls/C159-permissions-open/warm-375/before.png,/Users/albin/Code/jori/dist/layout-hunt/before/controls/C159-permissions-open/warm-375/0.png,/Users/albin/Code/jori/dist/layout-hunt/before/controls/C159-permissions-open/warm-375/record.json,/Users/albin/Code/jori/dist/layout-hunt/CONTROLS_OCCURRENCES.json
CF-16,CF-16,question,C159-permissions-close,cold-1440,,,/Users/albin/Code/jori/dist/layout-hunt/before/controls/C159-permissions-close/cold-1440/before.png,/Users/albin/Code/jori/dist/layout-hunt/before/controls/C159-permissions-close/cold-1440/0.png,/Users/albin/Code/jori/dist/layout-hunt/before/controls/C159-permissions-close/cold-1440/record.json,/Users/albin/Code/jori/dist/layout-hunt/CONTROLS_OCCURRENCES.json
CF-16,CF-16,question,C159-permissions-close,warm-1440,,,/Users/albin/Code/jori/dist/layout-hunt/before/controls/C159-permissions-close/warm-1440/before.png,/Users/albin/Code/jori/dist/layout-hunt/before/controls/C159-permissions-close/warm-1440/0.png,/Users/albin/Code/jori/dist/layout-hunt/before/controls/C159-permissions-close/warm-1440/record.json,/Users/albin/Code/jori/dist/layout-hunt/CONTROLS_OCCURRENCES.json
CF-16,CF-16,question,C159-permissions-close,cold-375,,,/Users/albin/Code/jori/dist/layout-hunt/before/controls/C159-permissions-close/cold-375/before.png,/Users/albin/Code/jori/dist/layout-hunt/before/controls/C159-permissions-close/cold-375/0.png,/Users/albin/Code/jori/dist/layout-hunt/before/controls/C159-permissions-close/cold-375/record.json,/Users/albin/Code/jori/dist/layout-hunt/CONTROLS_OCCURRENCES.json
CF-16,CF-16,question,C159-permissions-close,warm-375,,,/Users/albin/Code/jori/dist/layout-hunt/before/controls/C159-permissions-close/warm-375/before.png,/Users/albin/Code/jori/dist/layout-hunt/before/controls/C159-permissions-close/warm-375/0.png,/Users/albin/Code/jori/dist/layout-hunt/before/controls/C159-permissions-close/warm-375/record.json,/Users/albin/Code/jori/dist/layout-hunt/CONTROLS_OCCURRENCES.json
CF-17,CF-17,question,C159-permissions-open,cold-1440,572,,/Users/albin/Code/jori/dist/layout-hunt/before/controls/C159-permissions-open/cold-1440/before.png,/Users/albin/Code/jori/dist/layout-hunt/before/controls/C159-permissions-open/cold-1440/0.png,/Users/albin/Code/jori/dist/layout-hunt/before/controls/C159-permissions-open/cold-1440/record.json,/Users/albin/Code/jori/dist/layout-hunt/CONTROLS_OCCURRENCES.json
CF-18,CF-18,question,C165-edit-close,cold-1440,,,/Users/albin/Code/jori/dist/layout-hunt/before/controls/C165-edit-close/cold-1440/before.png,/Users/albin/Code/jori/dist/layout-hunt/before/controls/C165-edit-close/cold-1440/0.png,/Users/albin/Code/jori/dist/layout-hunt/before/controls/C165-edit-close/cold-1440/record.json,/Users/albin/Code/jori/dist/layout-hunt/CONTROLS_OCCURRENCES.json
CF-18,CF-18,question,C165-edit-close,warm-1440,,,/Users/albin/Code/jori/dist/layout-hunt/before/controls/C165-edit-close/warm-1440/before.png,/Users/albin/Code/jori/dist/layout-hunt/before/controls/C165-edit-close/warm-1440/0.png,/Users/albin/Code/jori/dist/layout-hunt/before/controls/C165-edit-close/warm-1440/record.json,/Users/albin/Code/jori/dist/layout-hunt/CONTROLS_OCCURRENCES.json
CF-18,CF-18,question,C165-edit-close,cold-375,,,/Users/albin/Code/jori/dist/layout-hunt/before/controls/C165-edit-close/cold-375/before.png,/Users/albin/Code/jori/dist/layout-hunt/before/controls/C165-edit-close/cold-375/0.png,/Users/albin/Code/jori/dist/layout-hunt/before/controls/C165-edit-close/cold-375/record.json,/Users/albin/Code/jori/dist/layout-hunt/CONTROLS_OCCURRENCES.json
CF-18,CF-18,question,C165-edit-close,warm-375,,,/Users/albin/Code/jori/dist/layout-hunt/before/controls/C165-edit-close/warm-375/before.png,/Users/albin/Code/jori/dist/layout-hunt/before/controls/C165-edit-close/warm-375/0.png,/Users/albin/Code/jori/dist/layout-hunt/before/controls/C165-edit-close/warm-375/record.json,/Users/albin/Code/jori/dist/layout-hunt/CONTROLS_OCCURRENCES.json
CF-19,CF-19,confirmed,C166-domain-open,cold-375,,,/Users/albin/Code/jori/dist/layout-hunt/before/controls/C166-domain-open/cold-375/before.png,/Users/albin/Code/jori/dist/layout-hunt/before/controls/C166-domain-open/cold-375/0.png,/Users/albin/Code/jori/dist/layout-hunt/before/controls/C166-domain-open/cold-375/record.json,/Users/albin/Code/jori/dist/layout-hunt/CONTROLS_OCCURRENCES.json
CF-19,CF-19,confirmed,C166-domain-open,warm-375,,,/Users/albin/Code/jori/dist/layout-hunt/before/controls/C166-domain-open/warm-375/before.png,/Users/albin/Code/jori/dist/layout-hunt/before/controls/C166-domain-open/warm-375/0.png,/Users/albin/Code/jori/dist/layout-hunt/before/controls/C166-domain-open/warm-375/record.json,/Users/albin/Code/jori/dist/layout-hunt/CONTROLS_OCCURRENCES.json
CF-19,CF-19,confirmed,C166-domain-close,cold-375,,,/Users/albin/Code/jori/dist/layout-hunt/before/controls/C166-domain-close/cold-375/before.png,/Users/albin/Code/jori/dist/layout-hunt/before/controls/C166-domain-close/cold-375/0.png,/Users/albin/Code/jori/dist/layout-hunt/before/controls/C166-domain-close/cold-375/record.json,/Users/albin/Code/jori/dist/layout-hunt/CONTROLS_OCCURRENCES.json
CF-19,CF-19,confirmed,C166-domain-close,warm-375,,,/Users/albin/Code/jori/dist/layout-hunt/before/controls/C166-domain-close/warm-375/before.png,/Users/albin/Code/jori/dist/layout-hunt/before/controls/C166-domain-close/warm-375/0.png,/Users/albin/Code/jori/dist/layout-hunt/before/controls/C166-domain-close/warm-375/record.json,/Users/albin/Code/jori/dist/layout-hunt/CONTROLS_OCCURRENCES.json
CF-20,CF-20,confirmed,C155-Runs,cold-1440,,,/Users/albin/Code/jori/dist/layout-hunt/before/controls/C155-Runs/cold-1440/before.png,/Users/albin/Code/jori/dist/layout-hunt/before/controls/C155-Runs/cold-1440/0.png,/Users/albin/Code/jori/dist/layout-hunt/before/controls/C155-Runs/cold-1440/record.json,/Users/albin/Code/jori/dist/layout-hunt/CONTROLS_OCCURRENCES.json
CF-20,CF-20,confirmed,C155-Runs,warm-1440,,,/Users/albin/Code/jori/dist/layout-hunt/before/controls/C155-Runs/warm-1440/before.png,/Users/albin/Code/jori/dist/layout-hunt/before/controls/C155-Runs/warm-1440/0.png,/Users/albin/Code/jori/dist/layout-hunt/before/controls/C155-Runs/warm-1440/record.json,/Users/albin/Code/jori/dist/layout-hunt/CONTROLS_OCCURRENCES.json
CF-20,CF-20,confirmed,C155-Runs-return,cold-1440,,,/Users/albin/Code/jori/dist/layout-hunt/before/controls/C155-Runs-return/cold-1440/before.png,/Users/albin/Code/jori/dist/layout-hunt/before/controls/C155-Runs-return/cold-1440/0.png,/Users/albin/Code/jori/dist/layout-hunt/before/controls/C155-Runs-return/cold-1440/record.json,/Users/albin/Code/jori/dist/layout-hunt/CONTROLS_OCCURRENCES.json
CF-20,CF-20,confirmed,C155-Runs-return,warm-1440,,,/Users/albin/Code/jori/dist/layout-hunt/before/controls/C155-Runs-return/warm-1440/before.png,/Users/albin/Code/jori/dist/layout-hunt/before/controls/C155-Runs-return/warm-1440/0.png,/Users/albin/Code/jori/dist/layout-hunt/before/controls/C155-Runs-return/warm-1440/record.json,/Users/albin/Code/jori/dist/layout-hunt/CONTROLS_OCCURRENCES.json
CF-20,CF-20,confirmed,C155-Allowances,cold-1440,147,,/Users/albin/Code/jori/dist/layout-hunt/before/controls/C155-Allowances/cold-1440/before.png,/Users/albin/Code/jori/dist/layout-hunt/before/controls/C155-Allowances/cold-1440/0.png,/Users/albin/Code/jori/dist/layout-hunt/before/controls/C155-Allowances/cold-1440/record.json,/Users/albin/Code/jori/dist/layout-hunt/CONTROLS_OCCURRENCES.json
CF-20,CF-20,confirmed,C155-Allowances,warm-1440,51,,/Users/albin/Code/jori/dist/layout-hunt/before/controls/C155-Allowances/warm-1440/before.png,/Users/albin/Code/jori/dist/layout-hunt/before/controls/C155-Allowances/warm-1440/0.png,/Users/albin/Code/jori/dist/layout-hunt/before/controls/C155-Allowances/warm-1440/record.json,/Users/albin/Code/jori/dist/layout-hunt/CONTROLS_OCCURRENCES.json
CF-20,CF-20,confirmed,C155-Allowances-return,cold-1440,373,,/Users/albin/Code/jori/dist/layout-hunt/before/controls/C155-Allowances-return/cold-1440/before.png,/Users/albin/Code/jori/dist/layout-hunt/before/controls/C155-Allowances-return/cold-1440/0.png,/Users/albin/Code/jori/dist/layout-hunt/before/controls/C155-Allowances-return/cold-1440/record.json,/Users/albin/Code/jori/dist/layout-hunt/CONTROLS_OCCURRENCES.json
CF-20,CF-20,confirmed,C155-Allowances-return,warm-1440,254,,/Users/albin/Code/jori/dist/layout-hunt/before/controls/C155-Allowances-return/warm-1440/before.png,/Users/albin/Code/jori/dist/layout-hunt/before/controls/C155-Allowances-return/warm-1440/0.png,/Users/albin/Code/jori/dist/layout-hunt/before/controls/C155-Allowances-return/warm-1440/record.json,/Users/albin/Code/jori/dist/layout-hunt/CONTROLS_OCCURRENCES.json
CF-20,CF-20,confirmed,C155-Top-ups,cold-1440,107,,/Users/albin/Code/jori/dist/layout-hunt/before/controls/C155-Top-ups/cold-1440/before.png,/Users/albin/Code/jori/dist/layout-hunt/before/controls/C155-Top-ups/cold-1440/0.png,/Users/albin/Code/jori/dist/layout-hunt/before/controls/C155-Top-ups/cold-1440/record.json,/Users/albin/Code/jori/dist/layout-hunt/CONTROLS_OCCURRENCES.json
CF-20,CF-20,confirmed,C155-Top-ups,warm-1440,55,,/Users/albin/Code/jori/dist/layout-hunt/before/controls/C155-Top-ups/warm-1440/before.png,/Users/albin/Code/jori/dist/layout-hunt/before/controls/C155-Top-ups/warm-1440/0.png,/Users/albin/Code/jori/dist/layout-hunt/before/controls/C155-Top-ups/warm-1440/record.json,/Users/albin/Code/jori/dist/layout-hunt/CONTROLS_OCCURRENCES.json
CF-20,CF-20,confirmed,C155-Top-ups-return,cold-1440,346,,/Users/albin/Code/jori/dist/layout-hunt/before/controls/C155-Top-ups-return/cold-1440/before.png,/Users/albin/Code/jori/dist/layout-hunt/before/controls/C155-Top-ups-return/cold-1440/0.png,/Users/albin/Code/jori/dist/layout-hunt/before/controls/C155-Top-ups-return/cold-1440/record.json,/Users/albin/Code/jori/dist/layout-hunt/CONTROLS_OCCURRENCES.json
CF-20,CF-20,confirmed,C155-Top-ups-return,warm-1440,187,,/Users/albin/Code/jori/dist/layout-hunt/before/controls/C155-Top-ups-return/warm-1440/before.png,/Users/albin/Code/jori/dist/layout-hunt/before/controls/C155-Top-ups-return/warm-1440/0.png,/Users/albin/Code/jori/dist/layout-hunt/before/controls/C155-Top-ups-return/warm-1440/record.json,/Users/albin/Code/jori/dist/layout-hunt/CONTROLS_OCCURRENCES.json
CF-21,CF-21,confirmed,C171-close,cold-1440,,"Empty body is recorded, but first PNG637ms misses the sheet during exit.",/Users/albin/Code/jori/dist/layout-hunt/before/controls/C171-close/cold-1440/before.png,/Users/albin/Code/jori/dist/layout-hunt/before/controls/C171-close/cold-1440/0.png,/Users/albin/Code/jori/dist/layout-hunt/before/controls/C171-close/cold-1440/record.json,/Users/albin/Code/jori/dist/layout-hunt/CONTROLS_OCCURRENCES.json
CF-21,CF-21,confirmed,C171-close,warm-1440,,,/Users/albin/Code/jori/dist/layout-hunt/before/controls/C171-close/warm-1440/before.png,/Users/albin/Code/jori/dist/layout-hunt/before/controls/C171-close/warm-1440/0.png,/Users/albin/Code/jori/dist/layout-hunt/before/controls/C171-close/warm-1440/record.json,/Users/albin/Code/jori/dist/layout-hunt/CONTROLS_OCCURRENCES.json
CF-21,CF-21,confirmed,C171-close,cold-375,,,/Users/albin/Code/jori/dist/layout-hunt/before/controls/C171-close/cold-375/before.png,/Users/albin/Code/jori/dist/layout-hunt/before/controls/C171-close/cold-375/0.png,/Users/albin/Code/jori/dist/layout-hunt/before/controls/C171-close/cold-375/record.json,/Users/albin/Code/jori/dist/layout-hunt/CONTROLS_OCCURRENCES.json
CF-21,CF-21,confirmed,C171-close,warm-375,,,/Users/albin/Code/jori/dist/layout-hunt/before/controls/C171-close/warm-375/before.png,/Users/albin/Code/jori/dist/layout-hunt/before/controls/C171-close/warm-375/0.png,/Users/albin/Code/jori/dist/layout-hunt/before/controls/C171-close/warm-375/record.json,/Users/albin/Code/jori/dist/layout-hunt/CONTROLS_OCCURRENCES.json
CF-22,CF-22,question,C171-timeline-open,cold-1440,74,,/Users/albin/Code/jori/dist/layout-hunt/before/controls/C171-timeline-open/cold-1440/before.png,/Users/albin/Code/jori/dist/layout-hunt/before/controls/C171-timeline-open/cold-1440/0.png,/Users/albin/Code/jori/dist/layout-hunt/before/controls/C171-timeline-open/cold-1440/record.json,/Users/albin/Code/jori/dist/layout-hunt/CONTROLS_OCCURRENCES.json
CF-22,CF-22,question,C171-timeline-open,warm-1440,30,,/Users/albin/Code/jori/dist/layout-hunt/before/controls/C171-timeline-open/warm-1440/before.png,/Users/albin/Code/jori/dist/layout-hunt/before/controls/C171-timeline-open/warm-1440/0.png,/Users/albin/Code/jori/dist/layout-hunt/before/controls/C171-timeline-open/warm-1440/record.json,/Users/albin/Code/jori/dist/layout-hunt/CONTROLS_OCCURRENCES.json
CF-22,CF-22,question,C171-timeline-open,cold-375,50,,/Users/albin/Code/jori/dist/layout-hunt/before/controls/C171-timeline-open/cold-375/before.png,/Users/albin/Code/jori/dist/layout-hunt/before/controls/C171-timeline-open/cold-375/0.png,/Users/albin/Code/jori/dist/layout-hunt/before/controls/C171-timeline-open/cold-375/record.json,/Users/albin/Code/jori/dist/layout-hunt/CONTROLS_OCCURRENCES.json
CF-22,CF-22,question,C171-timeline-open,warm-375,25,,/Users/albin/Code/jori/dist/layout-hunt/before/controls/C171-timeline-open/warm-375/before.png,/Users/albin/Code/jori/dist/layout-hunt/before/controls/C171-timeline-open/warm-375/0.png,/Users/albin/Code/jori/dist/layout-hunt/before/controls/C171-timeline-open/warm-375/record.json,/Users/albin/Code/jori/dist/layout-hunt/CONTROLS_OCCURRENCES.json
CF-22,CF-22,question,C171-timeline-close,cold-1440,39,,/Users/albin/Code/jori/dist/layout-hunt/before/controls/C171-timeline-close/cold-1440/before.png,/Users/albin/Code/jori/dist/layout-hunt/before/controls/C171-timeline-close/cold-1440/0.png,/Users/albin/Code/jori/dist/layout-hunt/before/controls/C171-timeline-close/cold-1440/record.json,/Users/albin/Code/jori/dist/layout-hunt/CONTROLS_OCCURRENCES.json
CF-22,CF-22,question,C171-timeline-close,warm-1440,22,,/Users/albin/Code/jori/dist/layout-hunt/before/controls/C171-timeline-close/warm-1440/before.png,/Users/albin/Code/jori/dist/layout-hunt/before/controls/C171-timeline-close/warm-1440/0.png,/Users/albin/Code/jori/dist/layout-hunt/before/controls/C171-timeline-close/warm-1440/record.json,/Users/albin/Code/jori/dist/layout-hunt/CONTROLS_OCCURRENCES.json
CF-22,CF-22,question,C171-timeline-close,cold-375,47,,/Users/albin/Code/jori/dist/layout-hunt/before/controls/C171-timeline-close/cold-375/before.png,/Users/albin/Code/jori/dist/layout-hunt/before/controls/C171-timeline-close/cold-375/0.png,/Users/albin/Code/jori/dist/layout-hunt/before/controls/C171-timeline-close/cold-375/record.json,/Users/albin/Code/jori/dist/layout-hunt/CONTROLS_OCCURRENCES.json
CF-22,CF-22,question,C171-timeline-close,warm-375,23,,/Users/albin/Code/jori/dist/layout-hunt/before/controls/C171-timeline-close/warm-375/before.png,/Users/albin/Code/jori/dist/layout-hunt/before/controls/C171-timeline-close/warm-375/0.png,/Users/albin/Code/jori/dist/layout-hunt/before/controls/C171-timeline-close/warm-375/record.json,/Users/albin/Code/jori/dist/layout-hunt/CONTROLS_OCCURRENCES.json
CF-23,CF-23,confirmed,C171-timeline-open,cold-1440,267,Native and geometry capture the receipt growth; first PNG414ms already contains the receipt.,/Users/albin/Code/jori/dist/layout-hunt/before/controls/C171-timeline-open/cold-1440/0.png,/Users/albin/Code/jori/dist/layout-hunt/before/controls/C171-timeline-open/cold-1440/250.png,/Users/albin/Code/jori/dist/layout-hunt/before/controls/C171-timeline-open/cold-1440/record.json,/Users/albin/Code/jori/dist/layout-hunt/CONTROLS_OCCURRENCES.json
CF-23,CF-23,confirmed,C171-timeline-open,warm-1440,181,,/Users/albin/Code/jori/dist/layout-hunt/before/controls/C171-timeline-open/warm-1440/0.png,/Users/albin/Code/jori/dist/layout-hunt/before/controls/C171-timeline-open/warm-1440/250.png,/Users/albin/Code/jori/dist/layout-hunt/before/controls/C171-timeline-open/warm-1440/record.json,/Users/albin/Code/jori/dist/layout-hunt/CONTROLS_OCCURRENCES.json
CF-23,CF-23,confirmed,C171-timeline-open,cold-375,200,,/Users/albin/Code/jori/dist/layout-hunt/before/controls/C171-timeline-open/cold-375/0.png,/Users/albin/Code/jori/dist/layout-hunt/before/controls/C171-timeline-open/cold-375/250.png,/Users/albin/Code/jori/dist/layout-hunt/before/controls/C171-timeline-open/cold-375/record.json,/Users/albin/Code/jori/dist/layout-hunt/CONTROLS_OCCURRENCES.json
CF-23,CF-23,confirmed,C171-timeline-open,warm-375,154,,/Users/albin/Code/jori/dist/layout-hunt/before/controls/C171-timeline-open/warm-375/0.png,/Users/albin/Code/jori/dist/layout-hunt/before/controls/C171-timeline-open/warm-375/250.png,/Users/albin/Code/jori/dist/layout-hunt/before/controls/C171-timeline-open/warm-375/record.json,/Users/albin/Code/jori/dist/layout-hunt/CONTROLS_OCCURRENCES.json
CF-24,CF-24,question,C169-open,cold-1440,420,,/Users/albin/Code/jori/dist/layout-hunt/before/controls/C169-open/cold-1440/0.png,/Users/albin/Code/jori/dist/layout-hunt/before/controls/C169-open/cold-1440/250.png,/Users/albin/Code/jori/dist/layout-hunt/before/controls/C169-open/cold-1440/record.json,/Users/albin/Code/jori/dist/layout-hunt/CONTROLS_OCCURRENCES.json
CF-24,CF-24,question,C169-open,warm-1440,"265,271",,/Users/albin/Code/jori/dist/layout-hunt/before/controls/C169-open/warm-1440/0.png,/Users/albin/Code/jori/dist/layout-hunt/before/controls/C169-open/warm-1440/250.png,/Users/albin/Code/jori/dist/layout-hunt/before/controls/C169-open/warm-1440/record.json,/Users/albin/Code/jori/dist/layout-hunt/CONTROLS_OCCURRENCES.json
CF-24,CF-24,question,C169-open,cold-375,"316,337,350",,/Users/albin/Code/jori/dist/layout-hunt/before/controls/C169-open/cold-375/0.png,/Users/albin/Code/jori/dist/layout-hunt/before/controls/C169-open/cold-375/250.png,/Users/albin/Code/jori/dist/layout-hunt/before/controls/C169-open/cold-375/record.json,/Users/albin/Code/jori/dist/layout-hunt/CONTROLS_OCCURRENCES.json
CF-24,CF-24,question,C169-open,warm-375,"159,176,193,209",,/Users/albin/Code/jori/dist/layout-hunt/before/controls/C169-open/warm-375/0.png,/Users/albin/Code/jori/dist/layout-hunt/before/controls/C169-open/warm-375/250.png,/Users/albin/Code/jori/dist/layout-hunt/before/controls/C169-open/warm-375/record.json,/Users/albin/Code/jori/dist/layout-hunt/CONTROLS_OCCURRENCES.json
CF-25,CF-25,confirmed,C134-desktop-billing-exit,cold-1440,,"The reset is recorded in DOM/action geometry; the first PNG misses or nearly completes the fade, so this profile is not a visible-flash claim.",/Users/albin/Code/jori/dist/layout-hunt/before-v3/controls/C134-desktop-billing-exit/cold-1440/before.png,/Users/albin/Code/jori/dist/layout-hunt/before-v3/controls/C134-desktop-billing-exit/cold-1440/0.png,/Users/albin/Code/jori/dist/layout-hunt/before-v3/controls/C134-desktop-billing-exit/cold-1440/record.json,/Users/albin/Code/jori/dist/layout-hunt/CONTROLS_OCCURRENCES.json
CF-25,CF-25,confirmed,C134-desktop-billing-exit,warm-1440,,,/Users/albin/Code/jori/dist/layout-hunt/before-v3/controls/C134-desktop-billing-exit/warm-1440/before.png,/Users/albin/Code/jori/dist/layout-hunt/before-v3/controls/C134-desktop-billing-exit/warm-1440/0.png,/Users/albin/Code/jori/dist/layout-hunt/before-v3/controls/C134-desktop-billing-exit/warm-1440/record.json,/Users/albin/Code/jori/dist/layout-hunt/CONTROLS_OCCURRENCES.json
CF-25,CF-25,confirmed,C134-desktop-people-exit,cold-1440,,"The reset is recorded in DOM/action geometry; the first PNG misses or nearly completes the fade, so this profile is not a visible-flash claim.",/Users/albin/Code/jori/dist/layout-hunt/before-v3/controls/C134-desktop-people-exit/cold-1440/before.png,/Users/albin/Code/jori/dist/layout-hunt/before-v3/controls/C134-desktop-people-exit/cold-1440/0.png,/Users/albin/Code/jori/dist/layout-hunt/before-v3/controls/C134-desktop-people-exit/cold-1440/record.json,/Users/albin/Code/jori/dist/layout-hunt/CONTROLS_OCCURRENCES.json
CF-25,CF-25,confirmed,C134-desktop-people-exit,warm-1440,,,/Users/albin/Code/jori/dist/layout-hunt/before-v3/controls/C134-desktop-people-exit/warm-1440/before.png,/Users/albin/Code/jori/dist/layout-hunt/before-v3/controls/C134-desktop-people-exit/warm-1440/0.png,/Users/albin/Code/jori/dist/layout-hunt/before-v3/controls/C134-desktop-people-exit/warm-1440/record.json,/Users/albin/Code/jori/dist/layout-hunt/CONTROLS_OCCURRENCES.json
CF-25,CF-25,confirmed,C134-desktop-security-exit,cold-1440,,"The reset is recorded in DOM/action geometry; the first PNG misses or nearly completes the fade, so this profile is not a visible-flash claim.",/Users/albin/Code/jori/dist/layout-hunt/before-v3/controls/C134-desktop-security-exit/cold-1440/before.png,/Users/albin/Code/jori/dist/layout-hunt/before-v3/controls/C134-desktop-security-exit/cold-1440/0.png,/Users/albin/Code/jori/dist/layout-hunt/before-v3/controls/C134-desktop-security-exit/cold-1440/record.json,/Users/albin/Code/jori/dist/layout-hunt/CONTROLS_OCCURRENCES.json
CF-25,CF-25,confirmed,C134-desktop-security-exit,warm-1440,,"The reset is recorded in DOM/action geometry; the first PNG misses or nearly completes the fade, so this profile is not a visible-flash claim.",/Users/albin/Code/jori/dist/layout-hunt/before-v3/controls/C134-desktop-security-exit/warm-1440/before.png,/Users/albin/Code/jori/dist/layout-hunt/before-v3/controls/C134-desktop-security-exit/warm-1440/0.png,/Users/albin/Code/jori/dist/layout-hunt/before-v3/controls/C134-desktop-security-exit/warm-1440/record.json,/Users/albin/Code/jori/dist/layout-hunt/CONTROLS_OCCURRENCES.json
CF-25,CF-25,confirmed,C134-desktop-teams-exit,cold-1440,,"The reset is recorded in DOM/action geometry; the first PNG misses or nearly completes the fade, so this profile is not a visible-flash claim.",/Users/albin/Code/jori/dist/layout-hunt/before-v3/controls/C134-desktop-teams-exit/cold-1440/before.png,/Users/albin/Code/jori/dist/layout-hunt/before-v3/controls/C134-desktop-teams-exit/cold-1440/0.png,/Users/albin/Code/jori/dist/layout-hunt/before-v3/controls/C134-desktop-teams-exit/cold-1440/record.json,/Users/albin/Code/jori/dist/layout-hunt/CONTROLS_OCCURRENCES.json
CF-25,CF-25,confirmed,C134-desktop-teams-exit,warm-1440,,,/Users/albin/Code/jori/dist/layout-hunt/before-v3/controls/C134-desktop-teams-exit/warm-1440/before.png,/Users/albin/Code/jori/dist/layout-hunt/before-v3/controls/C134-desktop-teams-exit/warm-1440/0.png,/Users/albin/Code/jori/dist/layout-hunt/before-v3/controls/C134-desktop-teams-exit/warm-1440/record.json,/Users/albin/Code/jori/dist/layout-hunt/CONTROLS_OCCURRENCES.json
CF-25,CF-25,confirmed,C134-mobile-billing-exit,cold-375,,,/Users/albin/Code/jori/dist/layout-hunt/before-v3/controls/C134-mobile-billing-exit/cold-375/before.png,/Users/albin/Code/jori/dist/layout-hunt/before-v3/controls/C134-mobile-billing-exit/cold-375/0.png,/Users/albin/Code/jori/dist/layout-hunt/before-v3/controls/C134-mobile-billing-exit/cold-375/record.json,/Users/albin/Code/jori/dist/layout-hunt/CONTROLS_OCCURRENCES.json
CF-25,CF-25,confirmed,C134-mobile-billing-exit,warm-375,,,/Users/albin/Code/jori/dist/layout-hunt/before-v3/controls/C134-mobile-billing-exit/warm-375/before.png,/Users/albin/Code/jori/dist/layout-hunt/before-v3/controls/C134-mobile-billing-exit/warm-375/0.png,/Users/albin/Code/jori/dist/layout-hunt/before-v3/controls/C134-mobile-billing-exit/warm-375/record.json,/Users/albin/Code/jori/dist/layout-hunt/CONTROLS_OCCURRENCES.json
CF-25,CF-25,confirmed,C134-mobile-people-exit,cold-375,,"The reset is recorded in DOM/action geometry; the first PNG misses or nearly completes the fade, so this profile is not a visible-flash claim.",/Users/albin/Code/jori/dist/layout-hunt/before-v3/controls/C134-mobile-people-exit/cold-375/before.png,/Users/albin/Code/jori/dist/layout-hunt/before-v3/controls/C134-mobile-people-exit/cold-375/0.png,/Users/albin/Code/jori/dist/layout-hunt/before-v3/controls/C134-mobile-people-exit/cold-375/record.json,/Users/albin/Code/jori/dist/layout-hunt/CONTROLS_OCCURRENCES.json
CF-25,CF-25,confirmed,C134-mobile-people-exit,warm-375,,,/Users/albin/Code/jori/dist/layout-hunt/before-v3/controls/C134-mobile-people-exit/warm-375/before.png,/Users/albin/Code/jori/dist/layout-hunt/before-v3/controls/C134-mobile-people-exit/warm-375/0.png,/Users/albin/Code/jori/dist/layout-hunt/before-v3/controls/C134-mobile-people-exit/warm-375/record.json,/Users/albin/Code/jori/dist/layout-hunt/CONTROLS_OCCURRENCES.json
CF-25,CF-25,confirmed,C134-mobile-security-exit,cold-375,,,/Users/albin/Code/jori/dist/layout-hunt/before-v3/controls/C134-mobile-security-exit/cold-375/before.png,/Users/albin/Code/jori/dist/layout-hunt/before-v3/controls/C134-mobile-security-exit/cold-375/0.png,/Users/albin/Code/jori/dist/layout-hunt/before-v3/controls/C134-mobile-security-exit/cold-375/record.json,/Users/albin/Code/jori/dist/layout-hunt/CONTROLS_OCCURRENCES.json
CF-25,CF-25,confirmed,C134-mobile-security-exit,warm-375,,,/Users/albin/Code/jori/dist/layout-hunt/before-v3/controls/C134-mobile-security-exit/warm-375/before.png,/Users/albin/Code/jori/dist/layout-hunt/before-v3/controls/C134-mobile-security-exit/warm-375/0.png,/Users/albin/Code/jori/dist/layout-hunt/before-v3/controls/C134-mobile-security-exit/warm-375/record.json,/Users/albin/Code/jori/dist/layout-hunt/CONTROLS_OCCURRENCES.json
LF-01,LF-01,question,C006-tables-hover,cold-1440,"137,188",LF-01 declared padding motion,/Users/albin/Code/jori/dist/layout-hunt/before/lists/C006-tables-hover/cold-1440/before.png,/Users/albin/Code/jori/dist/layout-hunt/before/lists/C006-tables-hover/cold-1440/0.png,/Users/albin/Code/jori/dist/layout-hunt/before/lists/C006-tables-hover/cold-1440/record.json,/Users/albin/Code/jori/dist/layout-hunt/LISTS_OCCURRENCES.json
LF-01,LF-01,question,C006-tables-hover,cold-375,153,LF-01 declared padding motion,/Users/albin/Code/jori/dist/layout-hunt/before/lists/C006-tables-hover/cold-375/before.png,/Users/albin/Code/jori/dist/layout-hunt/before/lists/C006-tables-hover/cold-375/0.png,/Users/albin/Code/jori/dist/layout-hunt/before/lists/C006-tables-hover/cold-375/record.json,/Users/albin/Code/jori/dist/layout-hunt/LISTS_OCCURRENCES.json
LF-01,LF-01,question,C006-tables-hover,warm-1440,113,LF-01 declared padding motion,/Users/albin/Code/jori/dist/layout-hunt/before/lists/C006-tables-hover/warm-1440/before.png,/Users/albin/Code/jori/dist/layout-hunt/before/lists/C006-tables-hover/warm-1440/0.png,/Users/albin/Code/jori/dist/layout-hunt/before/lists/C006-tables-hover/warm-1440/record.json,/Users/albin/Code/jori/dist/layout-hunt/LISTS_OCCURRENCES.json
LF-01,LF-01,question,C006-tables-hover,warm-375,119,LF-01 declared padding motion,/Users/albin/Code/jori/dist/layout-hunt/before/lists/C006-tables-hover/warm-375/before.png,/Users/albin/Code/jori/dist/layout-hunt/before/lists/C006-tables-hover/warm-375/0.png,/Users/albin/Code/jori/dist/layout-hunt/before/lists/C006-tables-hover/warm-375/record.json,/Users/albin/Code/jori/dist/layout-hunt/LISTS_OCCURRENCES.json
LF-01,LF-01,question,C006-tables-blur,cold-1440,123,LF-01 declared padding motion,/Users/albin/Code/jori/dist/layout-hunt/before/lists/C006-tables-blur/cold-1440/before.png,/Users/albin/Code/jori/dist/layout-hunt/before/lists/C006-tables-blur/cold-1440/0.png,/Users/albin/Code/jori/dist/layout-hunt/before/lists/C006-tables-blur/cold-1440/record.json,/Users/albin/Code/jori/dist/layout-hunt/LISTS_OCCURRENCES.json
LF-01,LF-01,question,C006-tables-blur,cold-375,,LF-01 declared padding motion,/Users/albin/Code/jori/dist/layout-hunt/before/lists/C006-tables-blur/cold-375/before.png,/Users/albin/Code/jori/dist/layout-hunt/before/lists/C006-tables-blur/cold-375/0.png,/Users/albin/Code/jori/dist/layout-hunt/before/lists/C006-tables-blur/cold-375/record.json,/Users/albin/Code/jori/dist/layout-hunt/LISTS_OCCURRENCES.json
LF-01,LF-01,question,C006-tables-blur,warm-1440,,LF-01 declared padding motion,/Users/albin/Code/jori/dist/layout-hunt/before/lists/C006-tables-blur/warm-1440/before.png,/Users/albin/Code/jori/dist/layout-hunt/before/lists/C006-tables-blur/warm-1440/0.png,/Users/albin/Code/jori/dist/layout-hunt/before/lists/C006-tables-blur/warm-1440/record.json,/Users/albin/Code/jori/dist/layout-hunt/LISTS_OCCURRENCES.json
LF-01,LF-01,question,C006-tables-blur,warm-375,,LF-01 declared padding motion,/Users/albin/Code/jori/dist/layout-hunt/before/lists/C006-tables-blur/warm-375/before.png,/Users/albin/Code/jori/dist/layout-hunt/before/lists/C006-tables-blur/warm-375/0.png,/Users/albin/Code/jori/dist/layout-hunt/before/lists/C006-tables-blur/warm-375/record.json,/Users/albin/Code/jori/dist/layout-hunt/LISTS_OCCURRENCES.json
LF-01,LF-01,question,C007-asc,cold-1440,"99,259",requested row ordering in reserved list; LF-01 header padding,/Users/albin/Code/jori/dist/layout-hunt/before/lists/C007-asc/cold-1440/before.png,/Users/albin/Code/jori/dist/layout-hunt/before/lists/C007-asc/cold-1440/0.png,/Users/albin/Code/jori/dist/layout-hunt/before/lists/C007-asc/cold-1440/record.json,/Users/albin/Code/jori/dist/layout-hunt/LISTS_OCCURRENCES.json
LF-01,LF-01,question,C007-asc,cold-375,75,requested row ordering in reserved list; LF-01 header padding,/Users/albin/Code/jori/dist/layout-hunt/before/lists/C007-asc/cold-375/before.png,/Users/albin/Code/jori/dist/layout-hunt/before/lists/C007-asc/cold-375/0.png,/Users/albin/Code/jori/dist/layout-hunt/before/lists/C007-asc/cold-375/record.json,/Users/albin/Code/jori/dist/layout-hunt/LISTS_OCCURRENCES.json
LF-01,LF-01,question,C007-asc,warm-1440,30,requested row ordering in reserved list; LF-01 header padding,/Users/albin/Code/jori/dist/layout-hunt/before/lists/C007-asc/warm-1440/before.png,/Users/albin/Code/jori/dist/layout-hunt/before/lists/C007-asc/warm-1440/0.png,/Users/albin/Code/jori/dist/layout-hunt/before/lists/C007-asc/warm-1440/record.json,/Users/albin/Code/jori/dist/layout-hunt/LISTS_OCCURRENCES.json
LF-01,LF-01,question,C007-asc,warm-375,46,requested row ordering in reserved list; LF-01 header padding,/Users/albin/Code/jori/dist/layout-hunt/before/lists/C007-asc/warm-375/before.png,/Users/albin/Code/jori/dist/layout-hunt/before/lists/C007-asc/warm-375/0.png,/Users/albin/Code/jori/dist/layout-hunt/before/lists/C007-asc/warm-375/record.json,/Users/albin/Code/jori/dist/layout-hunt/LISTS_OCCURRENCES.json
LF-01,LF-01,question,C012-owner-open,cold-1440,202,default popup entrance; LF-01 trigger padding,/Users/albin/Code/jori/dist/layout-hunt/before/lists/C012-owner-open/cold-1440/before.png,/Users/albin/Code/jori/dist/layout-hunt/before/lists/C012-owner-open/cold-1440/0.png,/Users/albin/Code/jori/dist/layout-hunt/before/lists/C012-owner-open/cold-1440/record.json,/Users/albin/Code/jori/dist/layout-hunt/LISTS_OCCURRENCES.json
LF-01,LF-01,question,C012-owner-open,warm-1440,,default popup entrance; LF-01 trigger padding,/Users/albin/Code/jori/dist/layout-hunt/before/lists/C012-owner-open/warm-1440/before.png,/Users/albin/Code/jori/dist/layout-hunt/before/lists/C012-owner-open/warm-1440/0.png,/Users/albin/Code/jori/dist/layout-hunt/before/lists/C012-owner-open/warm-1440/record.json,/Users/albin/Code/jori/dist/layout-hunt/LISTS_OCCURRENCES.json
LF-01,LF-01,question,C006-stores-hover,cold-1440,"122,172",LF-01 declared header padding,/Users/albin/Code/jori/dist/layout-hunt/before/lists/C006-stores-hover/cold-1440/before.png,/Users/albin/Code/jori/dist/layout-hunt/before/lists/C006-stores-hover/cold-1440/0.png,/Users/albin/Code/jori/dist/layout-hunt/before/lists/C006-stores-hover/cold-1440/record.json,/Users/albin/Code/jori/dist/layout-hunt/LISTS_OCCURRENCES.json
LF-01,LF-01,question,C006-stores-hover,cold-375,147,LF-01 declared header padding,/Users/albin/Code/jori/dist/layout-hunt/before/lists/C006-stores-hover/cold-375/before.png,/Users/albin/Code/jori/dist/layout-hunt/before/lists/C006-stores-hover/cold-375/0.png,/Users/albin/Code/jori/dist/layout-hunt/before/lists/C006-stores-hover/cold-375/record.json,/Users/albin/Code/jori/dist/layout-hunt/LISTS_OCCURRENCES.json
LF-01,LF-01,question,C006-stores-hover,warm-1440,103,LF-01 declared header padding,/Users/albin/Code/jori/dist/layout-hunt/before/lists/C006-stores-hover/warm-1440/before.png,/Users/albin/Code/jori/dist/layout-hunt/before/lists/C006-stores-hover/warm-1440/0.png,/Users/albin/Code/jori/dist/layout-hunt/before/lists/C006-stores-hover/warm-1440/record.json,/Users/albin/Code/jori/dist/layout-hunt/LISTS_OCCURRENCES.json
LF-01,LF-01,question,C006-stores-hover,warm-375,115,LF-01 declared header padding,/Users/albin/Code/jori/dist/layout-hunt/before/lists/C006-stores-hover/warm-375/before.png,/Users/albin/Code/jori/dist/layout-hunt/before/lists/C006-stores-hover/warm-375/0.png,/Users/albin/Code/jori/dist/layout-hunt/before/lists/C006-stores-hover/warm-375/record.json,/Users/albin/Code/jori/dist/layout-hunt/LISTS_OCCURRENCES.json
LF-01,LF-01,question,C006-stores-blur,cold-1440,100,LF-01 declared header padding,/Users/albin/Code/jori/dist/layout-hunt/before/lists/C006-stores-blur/cold-1440/before.png,/Users/albin/Code/jori/dist/layout-hunt/before/lists/C006-stores-blur/cold-1440/0.png,/Users/albin/Code/jori/dist/layout-hunt/before/lists/C006-stores-blur/cold-1440/record.json,/Users/albin/Code/jori/dist/layout-hunt/LISTS_OCCURRENCES.json
LF-01,LF-01,question,C006-stores-blur,cold-375,,LF-01 declared header padding,/Users/albin/Code/jori/dist/layout-hunt/before/lists/C006-stores-blur/cold-375/before.png,/Users/albin/Code/jori/dist/layout-hunt/before/lists/C006-stores-blur/cold-375/0.png,/Users/albin/Code/jori/dist/layout-hunt/before/lists/C006-stores-blur/cold-375/record.json,/Users/albin/Code/jori/dist/layout-hunt/LISTS_OCCURRENCES.json
LF-01,LF-01,question,C006-stores-blur,warm-1440,,LF-01 declared header padding,/Users/albin/Code/jori/dist/layout-hunt/before/lists/C006-stores-blur/warm-1440/before.png,/Users/albin/Code/jori/dist/layout-hunt/before/lists/C006-stores-blur/warm-1440/0.png,/Users/albin/Code/jori/dist/layout-hunt/before/lists/C006-stores-blur/warm-1440/record.json,/Users/albin/Code/jori/dist/layout-hunt/LISTS_OCCURRENCES.json
LF-01,LF-01,question,C006-stores-blur,warm-375,,LF-01 declared header padding,/Users/albin/Code/jori/dist/layout-hunt/before/lists/C006-stores-blur/warm-375/before.png,/Users/albin/Code/jori/dist/layout-hunt/before/lists/C006-stores-blur/warm-375/0.png,/Users/albin/Code/jori/dist/layout-hunt/before/lists/C006-stores-blur/warm-375/record.json,/Users/albin/Code/jori/dist/layout-hunt/LISTS_OCCURRENCES.json
LF-01,LF-01,question,C008-asc,cold-1440,163,LF-01 declared header padding; requested sort,/Users/albin/Code/jori/dist/layout-hunt/before/lists/C008-asc/cold-1440/before.png,/Users/albin/Code/jori/dist/layout-hunt/before/lists/C008-asc/cold-1440/0.png,/Users/albin/Code/jori/dist/layout-hunt/before/lists/C008-asc/cold-1440/record.json,/Users/albin/Code/jori/dist/layout-hunt/LISTS_OCCURRENCES.json
LF-01,LF-01,question,C008-asc,cold-375,,LF-01 declared header padding; requested sort,/Users/albin/Code/jori/dist/layout-hunt/before/lists/C008-asc/cold-375/before.png,/Users/albin/Code/jori/dist/layout-hunt/before/lists/C008-asc/cold-375/0.png,/Users/albin/Code/jori/dist/layout-hunt/before/lists/C008-asc/cold-375/record.json,/Users/albin/Code/jori/dist/layout-hunt/LISTS_OCCURRENCES.json
LF-01,LF-01,question,C008-asc,warm-1440,,LF-01 declared header padding; requested sort,/Users/albin/Code/jori/dist/layout-hunt/before/lists/C008-asc/warm-1440/before.png,/Users/albin/Code/jori/dist/layout-hunt/before/lists/C008-asc/warm-1440/0.png,/Users/albin/Code/jori/dist/layout-hunt/before/lists/C008-asc/warm-1440/record.json,/Users/albin/Code/jori/dist/layout-hunt/LISTS_OCCURRENCES.json
LF-01,LF-01,question,C008-asc,warm-375,,LF-01 declared header padding; requested sort,/Users/albin/Code/jori/dist/layout-hunt/before/lists/C008-asc/warm-375/before.png,/Users/albin/Code/jori/dist/layout-hunt/before/lists/C008-asc/warm-375/0.png,/Users/albin/Code/jori/dist/layout-hunt/before/lists/C008-asc/warm-375/record.json,/Users/albin/Code/jori/dist/layout-hunt/LISTS_OCCURRENCES.json
LF-01,LF-01,question,C013-owner-open,cold-1440,191,LF-01 padding propagates through automatic columns; popup entrance,/Users/albin/Code/jori/dist/layout-hunt/before/lists/C013-owner-open/cold-1440/before.png,/Users/albin/Code/jori/dist/layout-hunt/before/lists/C013-owner-open/cold-1440/0.png,/Users/albin/Code/jori/dist/layout-hunt/before/lists/C013-owner-open/cold-1440/record.json,/Users/albin/Code/jori/dist/layout-hunt/LISTS_OCCURRENCES.json
LF-01,LF-01,question,C013-owner-open,warm-1440,"121,136",LF-01 padding propagates through automatic columns; popup entrance,/Users/albin/Code/jori/dist/layout-hunt/before/lists/C013-owner-open/warm-1440/before.png,/Users/albin/Code/jori/dist/layout-hunt/before/lists/C013-owner-open/warm-1440/0.png,/Users/albin/Code/jori/dist/layout-hunt/before/lists/C013-owner-open/warm-1440/record.json,/Users/albin/Code/jori/dist/layout-hunt/LISTS_OCCURRENCES.json
LF-01,LF-01,question,C006-files-hover,cold-1440,"144,202",LF-01 declared header padding animation; surrounding rows stable,/Users/albin/Code/jori/dist/layout-hunt/before/lists/C006-files-hover/cold-1440/before.png,/Users/albin/Code/jori/dist/layout-hunt/before/lists/C006-files-hover/cold-1440/0.png,/Users/albin/Code/jori/dist/layout-hunt/before/lists/C006-files-hover/cold-1440/record.json,/Users/albin/Code/jori/dist/layout-hunt/LISTS_OCCURRENCES.json
LF-01,LF-01,question,C006-files-hover,cold-375,154,LF-01 declared header padding animation; surrounding rows stable,/Users/albin/Code/jori/dist/layout-hunt/before/lists/C006-files-hover/cold-375/before.png,/Users/albin/Code/jori/dist/layout-hunt/before/lists/C006-files-hover/cold-375/0.png,/Users/albin/Code/jori/dist/layout-hunt/before/lists/C006-files-hover/cold-375/record.json,/Users/albin/Code/jori/dist/layout-hunt/LISTS_OCCURRENCES.json
LF-01,LF-01,question,C006-files-hover,warm-1440,101,LF-01 declared header padding animation; surrounding rows stable,/Users/albin/Code/jori/dist/layout-hunt/before/lists/C006-files-hover/warm-1440/before.png,/Users/albin/Code/jori/dist/layout-hunt/before/lists/C006-files-hover/warm-1440/0.png,/Users/albin/Code/jori/dist/layout-hunt/before/lists/C006-files-hover/warm-1440/record.json,/Users/albin/Code/jori/dist/layout-hunt/LISTS_OCCURRENCES.json
LF-01,LF-01,question,C006-files-hover,warm-375,122,LF-01 declared header padding animation; surrounding rows stable,/Users/albin/Code/jori/dist/layout-hunt/before/lists/C006-files-hover/warm-375/before.png,/Users/albin/Code/jori/dist/layout-hunt/before/lists/C006-files-hover/warm-375/0.png,/Users/albin/Code/jori/dist/layout-hunt/before/lists/C006-files-hover/warm-375/record.json,/Users/albin/Code/jori/dist/layout-hunt/LISTS_OCCURRENCES.json
LF-01,LF-01,question,C006-files-blur,cold-1440,88,LF-01 declared header padding reverses; table and scroll stable,/Users/albin/Code/jori/dist/layout-hunt/before/lists/C006-files-blur/cold-1440/before.png,/Users/albin/Code/jori/dist/layout-hunt/before/lists/C006-files-blur/cold-1440/0.png,/Users/albin/Code/jori/dist/layout-hunt/before/lists/C006-files-blur/cold-1440/record.json,/Users/albin/Code/jori/dist/layout-hunt/LISTS_OCCURRENCES.json
LF-01,LF-01,question,C006-files-blur,cold-375,,LF-01 declared header padding reverses; table and scroll stable,/Users/albin/Code/jori/dist/layout-hunt/before/lists/C006-files-blur/cold-375/before.png,/Users/albin/Code/jori/dist/layout-hunt/before/lists/C006-files-blur/cold-375/0.png,/Users/albin/Code/jori/dist/layout-hunt/before/lists/C006-files-blur/cold-375/record.json,/Users/albin/Code/jori/dist/layout-hunt/LISTS_OCCURRENCES.json
LF-01,LF-01,question,C006-files-blur,warm-1440,,LF-01 declared header padding reverses; table and scroll stable,/Users/albin/Code/jori/dist/layout-hunt/before/lists/C006-files-blur/warm-1440/before.png,/Users/albin/Code/jori/dist/layout-hunt/before/lists/C006-files-blur/warm-1440/0.png,/Users/albin/Code/jori/dist/layout-hunt/before/lists/C006-files-blur/warm-1440/record.json,/Users/albin/Code/jori/dist/layout-hunt/LISTS_OCCURRENCES.json
LF-01,LF-01,question,C006-files-blur,warm-375,,LF-01 declared header padding reverses; table and scroll stable,/Users/albin/Code/jori/dist/layout-hunt/before/lists/C006-files-blur/warm-375/before.png,/Users/albin/Code/jori/dist/layout-hunt/before/lists/C006-files-blur/warm-375/0.png,/Users/albin/Code/jori/dist/layout-hunt/before/lists/C006-files-blur/warm-375/record.json,/Users/albin/Code/jori/dist/layout-hunt/LISTS_OCCURRENCES.json
LF-01,LF-01,question,C009-asc,cold-1440,"64,172",Requested row ordering within reserved list; LF-01 header activation padding only later movement,/Users/albin/Code/jori/dist/layout-hunt/before/lists/C009-asc/cold-1440/before.png,/Users/albin/Code/jori/dist/layout-hunt/before/lists/C009-asc/cold-1440/0.png,/Users/albin/Code/jori/dist/layout-hunt/before/lists/C009-asc/cold-1440/record.json,/Users/albin/Code/jori/dist/layout-hunt/LISTS_OCCURRENCES.json
LF-01,LF-01,question,C009-asc,cold-375,85,Requested row ordering within reserved list; LF-01 header activation padding only later movement,/Users/albin/Code/jori/dist/layout-hunt/before/lists/C009-asc/cold-375/before.png,/Users/albin/Code/jori/dist/layout-hunt/before/lists/C009-asc/cold-375/0.png,/Users/albin/Code/jori/dist/layout-hunt/before/lists/C009-asc/cold-375/record.json,/Users/albin/Code/jori/dist/layout-hunt/LISTS_OCCURRENCES.json
LF-01,LF-01,question,C009-asc,warm-1440,42,Requested row ordering within reserved list; LF-01 header activation padding only later movement,/Users/albin/Code/jori/dist/layout-hunt/before/lists/C009-asc/warm-1440/before.png,/Users/albin/Code/jori/dist/layout-hunt/before/lists/C009-asc/warm-1440/0.png,/Users/albin/Code/jori/dist/layout-hunt/before/lists/C009-asc/warm-1440/record.json,/Users/albin/Code/jori/dist/layout-hunt/LISTS_OCCURRENCES.json
LF-01,LF-01,question,C009-asc,warm-375,37,Requested row ordering within reserved list; LF-01 header activation padding only later movement,/Users/albin/Code/jori/dist/layout-hunt/before/lists/C009-asc/warm-375/before.png,/Users/albin/Code/jori/dist/layout-hunt/before/lists/C009-asc/warm-375/0.png,/Users/albin/Code/jori/dist/layout-hunt/before/lists/C009-asc/warm-375/record.json,/Users/albin/Code/jori/dist/layout-hunt/LISTS_OCCURRENCES.json
LF-01,LF-01,question,C014-owner-open,cold-1440,216,Stock popup entrance and LF-01 padding; surrounding table stable; Owner omitted at narrow width,/Users/albin/Code/jori/dist/layout-hunt/before/lists/C014-owner-open/cold-1440/before.png,/Users/albin/Code/jori/dist/layout-hunt/before/lists/C014-owner-open/cold-1440/0.png,/Users/albin/Code/jori/dist/layout-hunt/before/lists/C014-owner-open/cold-1440/record.json,/Users/albin/Code/jori/dist/layout-hunt/LISTS_OCCURRENCES.json
LF-01,LF-01,question,C014-owner-open,warm-1440,,Stock popup entrance and LF-01 padding; surrounding table stable; Owner omitted at narrow width,/Users/albin/Code/jori/dist/layout-hunt/before/lists/C014-owner-open/warm-1440/before.png,/Users/albin/Code/jori/dist/layout-hunt/before/lists/C014-owner-open/warm-1440/0.png,/Users/albin/Code/jori/dist/layout-hunt/before/lists/C014-owner-open/warm-1440/record.json,/Users/albin/Code/jori/dist/layout-hunt/LISTS_OCCURRENCES.json
LF-01,LF-01,question,C006-jobs-hover,cold-1440,148,LF-01 declared16px header padding animation; neighboring cells stable,/Users/albin/Code/jori/dist/layout-hunt/before/lists/C006-jobs-hover/cold-1440/before.png,/Users/albin/Code/jori/dist/layout-hunt/before/lists/C006-jobs-hover/cold-1440/0.png,/Users/albin/Code/jori/dist/layout-hunt/before/lists/C006-jobs-hover/cold-1440/record.json,/Users/albin/Code/jori/dist/layout-hunt/LISTS_OCCURRENCES.json
LF-01,LF-01,question,C006-jobs-hover,cold-375,169,LF-01 declared16px header padding animation; neighboring cells stable,/Users/albin/Code/jori/dist/layout-hunt/before/lists/C006-jobs-hover/cold-375/before.png,/Users/albin/Code/jori/dist/layout-hunt/before/lists/C006-jobs-hover/cold-375/0.png,/Users/albin/Code/jori/dist/layout-hunt/before/lists/C006-jobs-hover/cold-375/record.json,/Users/albin/Code/jori/dist/layout-hunt/LISTS_OCCURRENCES.json
LF-01,LF-01,question,C006-jobs-hover,warm-1440,110,LF-01 declared16px header padding animation; neighboring cells stable,/Users/albin/Code/jori/dist/layout-hunt/before/lists/C006-jobs-hover/warm-1440/before.png,/Users/albin/Code/jori/dist/layout-hunt/before/lists/C006-jobs-hover/warm-1440/0.png,/Users/albin/Code/jori/dist/layout-hunt/before/lists/C006-jobs-hover/warm-1440/record.json,/Users/albin/Code/jori/dist/layout-hunt/LISTS_OCCURRENCES.json
LF-01,LF-01,question,C006-jobs-hover,warm-375,110,LF-01 declared16px header padding animation; neighboring cells stable,/Users/albin/Code/jori/dist/layout-hunt/before/lists/C006-jobs-hover/warm-375/before.png,/Users/albin/Code/jori/dist/layout-hunt/before/lists/C006-jobs-hover/warm-375/0.png,/Users/albin/Code/jori/dist/layout-hunt/before/lists/C006-jobs-hover/warm-375/record.json,/Users/albin/Code/jori/dist/layout-hunt/LISTS_OCCURRENCES.json
LF-01,LF-01,question,C006-jobs-blur,cold-1440,139,LF-01 declared header padding reverses; surrounding table and scroll stable,/Users/albin/Code/jori/dist/layout-hunt/before/lists/C006-jobs-blur/cold-1440/before.png,/Users/albin/Code/jori/dist/layout-hunt/before/lists/C006-jobs-blur/cold-1440/0.png,/Users/albin/Code/jori/dist/layout-hunt/before/lists/C006-jobs-blur/cold-1440/record.json,/Users/albin/Code/jori/dist/layout-hunt/LISTS_OCCURRENCES.json
LF-01,LF-01,question,C006-jobs-blur,cold-375,99,LF-01 declared header padding reverses; surrounding table and scroll stable,/Users/albin/Code/jori/dist/layout-hunt/before/lists/C006-jobs-blur/cold-375/before.png,/Users/albin/Code/jori/dist/layout-hunt/before/lists/C006-jobs-blur/cold-375/0.png,/Users/albin/Code/jori/dist/layout-hunt/before/lists/C006-jobs-blur/cold-375/record.json,/Users/albin/Code/jori/dist/layout-hunt/LISTS_OCCURRENCES.json
LF-01,LF-01,question,C006-jobs-blur,warm-1440,,LF-01 declared header padding reverses; surrounding table and scroll stable,/Users/albin/Code/jori/dist/layout-hunt/before/lists/C006-jobs-blur/warm-1440/before.png,/Users/albin/Code/jori/dist/layout-hunt/before/lists/C006-jobs-blur/warm-1440/0.png,/Users/albin/Code/jori/dist/layout-hunt/before/lists/C006-jobs-blur/warm-1440/record.json,/Users/albin/Code/jori/dist/layout-hunt/LISTS_OCCURRENCES.json
LF-01,LF-01,question,C006-jobs-blur,warm-375,,LF-01 declared header padding reverses; surrounding table and scroll stable,/Users/albin/Code/jori/dist/layout-hunt/before/lists/C006-jobs-blur/warm-375/before.png,/Users/albin/Code/jori/dist/layout-hunt/before/lists/C006-jobs-blur/warm-375/0.png,/Users/albin/Code/jori/dist/layout-hunt/before/lists/C006-jobs-blur/warm-375/record.json,/Users/albin/Code/jori/dist/layout-hunt/LISTS_OCCURRENCES.json
LF-01,LF-01,question,C010-asc,cold-1440,"73,215",Requested row ordering in reserved list; only LF-01 activation padding afterward,/Users/albin/Code/jori/dist/layout-hunt/before/lists/C010-asc/cold-1440/before.png,/Users/albin/Code/jori/dist/layout-hunt/before/lists/C010-asc/cold-1440/0.png,/Users/albin/Code/jori/dist/layout-hunt/before/lists/C010-asc/cold-1440/record.json,/Users/albin/Code/jori/dist/layout-hunt/LISTS_OCCURRENCES.json
LF-01,LF-01,question,C010-asc,cold-375,93,Requested row ordering in reserved list; only LF-01 activation padding afterward,/Users/albin/Code/jori/dist/layout-hunt/before/lists/C010-asc/cold-375/before.png,/Users/albin/Code/jori/dist/layout-hunt/before/lists/C010-asc/cold-375/0.png,/Users/albin/Code/jori/dist/layout-hunt/before/lists/C010-asc/cold-375/record.json,/Users/albin/Code/jori/dist/layout-hunt/LISTS_OCCURRENCES.json
LF-01,LF-01,question,C010-asc,warm-1440,"100,259",Requested row ordering in reserved list; only LF-01 activation padding afterward,/Users/albin/Code/jori/dist/layout-hunt/before/lists/C010-asc/warm-1440/before.png,/Users/albin/Code/jori/dist/layout-hunt/before/lists/C010-asc/warm-1440/0.png,/Users/albin/Code/jori/dist/layout-hunt/before/lists/C010-asc/warm-1440/record.json,/Users/albin/Code/jori/dist/layout-hunt/LISTS_OCCURRENCES.json
LF-01,LF-01,question,C010-asc,warm-375,99,Requested row ordering in reserved list; only LF-01 activation padding afterward,/Users/albin/Code/jori/dist/layout-hunt/before/lists/C010-asc/warm-375/before.png,/Users/albin/Code/jori/dist/layout-hunt/before/lists/C010-asc/warm-375/0.png,/Users/albin/Code/jori/dist/layout-hunt/before/lists/C010-asc/warm-375/record.json,/Users/albin/Code/jori/dist/layout-hunt/LISTS_OCCURRENCES.json
LF-01,LF-01,question,C015-owner-open,cold-1440,251,Stock popup entrance plus LF-01 padding; table and scroll stable; narrow Owner omitted,/Users/albin/Code/jori/dist/layout-hunt/before/lists/C015-owner-open/cold-1440/before.png,/Users/albin/Code/jori/dist/layout-hunt/before/lists/C015-owner-open/cold-1440/0.png,/Users/albin/Code/jori/dist/layout-hunt/before/lists/C015-owner-open/cold-1440/record.json,/Users/albin/Code/jori/dist/layout-hunt/LISTS_OCCURRENCES.json
LF-01,LF-01,question,C015-owner-open,warm-1440,,Stock popup entrance plus LF-01 padding; table and scroll stable; narrow Owner omitted,/Users/albin/Code/jori/dist/layout-hunt/before/lists/C015-owner-open/warm-1440/before.png,/Users/albin/Code/jori/dist/layout-hunt/before/lists/C015-owner-open/warm-1440/0.png,/Users/albin/Code/jori/dist/layout-hunt/before/lists/C015-owner-open/warm-1440/record.json,/Users/albin/Code/jori/dist/layout-hunt/LISTS_OCCURRENCES.json
LF-01,LF-01,question,C011-sort,cold-1440,240,LF-01 declared header padding after sort activation. Existing columns and rows retain geometry; requested sort is inside the reserved list. All four screenshot series reviewed.,/Users/albin/Code/jori/dist/layout-hunt/before/lists-tail-root/C011-sort/cold-1440/before.png,/Users/albin/Code/jori/dist/layout-hunt/before/lists-tail-root/C011-sort/cold-1440/0.png,/Users/albin/Code/jori/dist/layout-hunt/before/lists-tail-root/C011-sort/cold-1440/record.json,/Users/albin/Code/jori/dist/layout-hunt/LISTS_OCCURRENCES.json
LF-01,LF-01,question,C011-sort,cold-375,455,LF-01 declared header padding after sort activation. Existing columns and rows retain geometry; requested sort is inside the reserved list. All four screenshot series reviewed.,/Users/albin/Code/jori/dist/layout-hunt/before/lists-tail-root/C011-sort/cold-375/before.png,/Users/albin/Code/jori/dist/layout-hunt/before/lists-tail-root/C011-sort/cold-375/0.png,/Users/albin/Code/jori/dist/layout-hunt/before/lists-tail-root/C011-sort/cold-375/record.json,/Users/albin/Code/jori/dist/layout-hunt/LISTS_OCCURRENCES.json
LF-01,LF-01,question,C011-sort,warm-1440,,LF-01 declared header padding after sort activation. Existing columns and rows retain geometry; requested sort is inside the reserved list. All four screenshot series reviewed.,/Users/albin/Code/jori/dist/layout-hunt/before/lists-tail-root/C011-sort/warm-1440/before.png,/Users/albin/Code/jori/dist/layout-hunt/before/lists-tail-root/C011-sort/warm-1440/0.png,/Users/albin/Code/jori/dist/layout-hunt/before/lists-tail-root/C011-sort/warm-1440/record.json,/Users/albin/Code/jori/dist/layout-hunt/LISTS_OCCURRENCES.json
LF-01,LF-01,question,C011-sort,warm-375,,LF-01 declared header padding after sort activation. Existing columns and rows retain geometry; requested sort is inside the reserved list. All four screenshot series reviewed.,/Users/albin/Code/jori/dist/layout-hunt/before/lists-tail-root/C011-sort/warm-375/before.png,/Users/albin/Code/jori/dist/layout-hunt/before/lists-tail-root/C011-sort/warm-375/0.png,/Users/albin/Code/jori/dist/layout-hunt/before/lists-tail-root/C011-sort/warm-375/record.json,/Users/albin/Code/jori/dist/layout-hunt/LISTS_OCCURRENCES.json
LF-01,LF-01,question,C016-owner-open,cold-1440,395,Stock owner popup entry plus LF-01 header padding; existing folder column widths and scroll stay fixed. Narrow owner filter intentionally hidden.,/Users/albin/Code/jori/dist/layout-hunt/before/lists-tail-chat/C016-owner-open/cold-1440/before.png,/Users/albin/Code/jori/dist/layout-hunt/before/lists-tail-chat/C016-owner-open/cold-1440/0.png,/Users/albin/Code/jori/dist/layout-hunt/before/lists-tail-chat/C016-owner-open/cold-1440/record.json,/Users/albin/Code/jori/dist/layout-hunt/LISTS_OCCURRENCES.json
LF-01,LF-01,question,C016-owner-open,warm-1440,,Stock owner popup entry plus LF-01 header padding; existing folder column widths and scroll stay fixed. Narrow owner filter intentionally hidden.,/Users/albin/Code/jori/dist/layout-hunt/before/lists-tail-chat/C016-owner-open/warm-1440/before.png,/Users/albin/Code/jori/dist/layout-hunt/before/lists-tail-chat/C016-owner-open/warm-1440/0.png,/Users/albin/Code/jori/dist/layout-hunt/before/lists-tail-chat/C016-owner-open/warm-1440/record.json,/Users/albin/Code/jori/dist/layout-hunt/LISTS_OCCURRENCES.json
LF-01,LF-01,question,C038-table-open,cold-1440,,"Correct intended control state reached; all six PNGs and all native, retained/replaced rect and scroll candidates reviewed. No scroll movement. Correct table material menu opens. Existing breadcrumb title padding animates; menu stock scale/fade otherwise stable. Causes: [{'causeId': 'Q1', 'mapping': 'Shell authored breadcrumb padding; analogous to LF-01 but distinct6px title padding source', 'status': 'question', 'sourcePaths': ['src/shared/console/shell/frame.tsx'], 'fromTo': 'Breadcrumb width185.53→197.53px; title button124.16→136.16px; retained title/icon+6px. Main/table fixed.', 'pngPairs': [{'before': '/Users/albin/Code/jori/dist/layout-hunt/before/lists-tail-chat/C038-table-open/cold-1440/before.png', 'first': {'elapsed': 55, 'screenshotElapsed': 94, 'screenshot': '/Users/albin/Code/jori/dist/layout-hunt/before/lists-tail-chat/C038-table-open/cold-1440/0.png'}, '250': {'elapsed': 306, 'screenshotElapsed': 315, 'screenshot': '/Users/albin/Code/jori/dist/layout-hunt/before/lists-tail-chat/C038-table-open/cold-1440/250.png'}, 'settled': {'elapsed': 3145, 'screenshotElapsed': 3145, 'screenshot': '/Users/albin/Code/jori/dist/layout-hunt/before/lists-tail-chat/C038-table-open/cold-1440/settled.png'}}], 'nativeEvents': []}] Limits: []",/Users/albin/Code/jori/dist/layout-hunt/before/lists-tail-chat/C038-table-open/cold-1440/before.png,/Users/albin/Code/jori/dist/layout-hunt/before/lists-tail-chat/C038-table-open/cold-1440/0.png,/Users/albin/Code/jori/dist/layout-hunt/before/lists-tail-chat/C038-table-open/cold-1440/record.json,/Users/albin/Code/jori/dist/layout-hunt/LISTS_OCCURRENCES.json
LF-01,LF-01,question,C038-table-open,cold-375,322,"Correct intended control state reached; all six PNGs and all native, retained/replaced rect and scroll candidates reviewed. No scroll movement. Correct table material menu opens. Existing breadcrumb title padding animates; menu stock scale/fade otherwise stable. Causes: [{'causeId': 'Q1', 'mapping': 'Shell authored breadcrumb padding; analogous to LF-01 but distinct6px title padding source', 'status': 'question', 'sourcePaths': ['src/shared/console/shell/frame.tsx'], 'fromTo': 'Breadcrumb width185.53→197.53px; title button124.16→136.16px; retained title/icon+6px. Main/table fixed.', 'pngPairs': [{'before': '/Users/albin/Code/jori/dist/layout-hunt/before/lists-tail-chat/C038-table-open/cold-375/before.png', 'first': {'elapsed': 33, 'screenshotElapsed': 81, 'screenshot': '/Users/albin/Code/jori/dist/layout-hunt/before/lists-tail-chat/C038-table-open/cold-375/0.png'}, '250': {'elapsed': 293, 'screenshotElapsed': 296, 'screenshot': '/Users/albin/Code/jori/dist/layout-hunt/before/lists-tail-chat/C038-table-open/cold-375/250.png'}, 'settled': {'elapsed': 3181, 'screenshotElapsed': 3181, 'screenshot': '/Users/albin/Code/jori/dist/layout-hunt/before/lists-tail-chat/C038-table-open/cold-375/settled.png'}}], 'nativeEvents': [{'action': 'C038-table-open', 'at': 8469.600000023842, 'msAfterAction': 322, 'value': 5.675944575214152e-05, 'hadRecentInput': True, 'sources': [{'node': 'button#radix-_r_14_ > span:nth-of-type(1) ""Customer renewals""', 'from': {'x': 78.38, 'y': 13.75, 'width': 106.16, 'height': 19.5}, 'to': {'x': 84.38, 'y': 13.75, 'width': 106.16, 'height': 19.5}}, {'node': 'button#radix-_r_14_ > svg:nth-of-type(1) """"', 'from': {'x': 188.53, 'y': 17.5, 'width': 12, 'height': 12}, 'to': {'x': 194.53, 'y': 17.5, 'width': 12, 'height': 12}}]}]}] Limits: []",/Users/albin/Code/jori/dist/layout-hunt/before/lists-tail-chat/C038-table-open/cold-375/before.png,/Users/albin/Code/jori/dist/layout-hunt/before/lists-tail-chat/C038-table-open/cold-375/0.png,/Users/albin/Code/jori/dist/layout-hunt/before/lists-tail-chat/C038-table-open/cold-375/record.json,/Users/albin/Code/jori/dist/layout-hunt/LISTS_OCCURRENCES.json
LF-01,LF-01,question,C038-table-open,warm-1440,,"Correct intended control state reached; all six PNGs and all native, retained/replaced rect and scroll candidates reviewed. No scroll movement. Correct table material menu opens. Existing breadcrumb title padding animates; menu stock scale/fade otherwise stable. Causes: [{'causeId': 'Q1', 'mapping': 'Shell authored breadcrumb padding; analogous to LF-01 but distinct6px title padding source', 'status': 'question', 'sourcePaths': ['src/shared/console/shell/frame.tsx'], 'fromTo': 'Breadcrumb width185.53→197.53px; title button124.16→136.16px; retained title/icon+6px. Main/table fixed.', 'pngPairs': [{'before': '/Users/albin/Code/jori/dist/layout-hunt/before/lists-tail-chat/C038-table-open/warm-1440/before.png', 'first': {'elapsed': 29, 'screenshotElapsed': 66, 'screenshot': '/Users/albin/Code/jori/dist/layout-hunt/before/lists-tail-chat/C038-table-open/warm-1440/0.png'}, '250': {'elapsed': 284, 'screenshotElapsed': 288, 'screenshot': '/Users/albin/Code/jori/dist/layout-hunt/before/lists-tail-chat/C038-table-open/warm-1440/250.png'}, 'settled': {'elapsed': 3103, 'screenshotElapsed': 3103, 'screenshot': '/Users/albin/Code/jori/dist/layout-hunt/before/lists-tail-chat/C038-table-open/warm-1440/settled.png'}}], 'nativeEvents': []}] Limits: []",/Users/albin/Code/jori/dist/layout-hunt/before/lists-tail-chat/C038-table-open/warm-1440/before.png,/Users/albin/Code/jori/dist/layout-hunt/before/lists-tail-chat/C038-table-open/warm-1440/0.png,/Users/albin/Code/jori/dist/layout-hunt/before/lists-tail-chat/C038-table-open/warm-1440/record.json,/Users/albin/Code/jori/dist/layout-hunt/LISTS_OCCURRENCES.json
LF-01,LF-01,question,C038-table-open,warm-375,,"Correct intended control state reached; all six PNGs and all native, retained/replaced rect and scroll candidates reviewed. No scroll movement. Correct table material menu opens. Existing breadcrumb title padding animates; menu stock scale/fade otherwise stable. Causes: [{'causeId': 'Q1', 'mapping': 'Shell authored breadcrumb padding; analogous to LF-01 but distinct6px title padding source', 'status': 'question', 'sourcePaths': ['src/shared/console/shell/frame.tsx'], 'fromTo': 'Breadcrumb width185.53→197.53px; title button124.16→136.16px; retained title/icon+6px. Main/table fixed.', 'pngPairs': [{'before': '/Users/albin/Code/jori/dist/layout-hunt/before/lists-tail-chat/C038-table-open/warm-375/before.png', 'first': {'elapsed': 9, 'screenshotElapsed': 38, 'screenshot': '/Users/albin/Code/jori/dist/layout-hunt/before/lists-tail-chat/C038-table-open/warm-375/0.png'}, '250': {'elapsed': 271, 'screenshotElapsed': 273, 'screenshot': '/Users/albin/Code/jori/dist/layout-hunt/before/lists-tail-chat/C038-table-open/warm-375/250.png'}, 'settled': {'elapsed': 3053, 'screenshotElapsed': 3053, 'screenshot': '/Users/albin/Code/jori/dist/layout-hunt/before/lists-tail-chat/C038-table-open/warm-375/settled.png'}}], 'nativeEvents': []}] Limits: []",/Users/albin/Code/jori/dist/layout-hunt/before/lists-tail-chat/C038-table-open/warm-375/before.png,/Users/albin/Code/jori/dist/layout-hunt/before/lists-tail-chat/C038-table-open/warm-375/0.png,/Users/albin/Code/jori/dist/layout-hunt/before/lists-tail-chat/C038-table-open/warm-375/record.json,/Users/albin/Code/jori/dist/layout-hunt/LISTS_OCCURRENCES.json
LF-03,LF-03,confirmed,C012-clear,cold-1440,,LF-02 table columns and LF-03 conditional footer,/Users/albin/Code/jori/dist/layout-hunt/before/lists/C012-clear/cold-1440/before.png,/Users/albin/Code/jori/dist/layout-hunt/before/lists/C012-clear/cold-1440/0.png,/Users/albin/Code/jori/dist/layout-hunt/before/lists/C012-clear/cold-1440/record.json,/Users/albin/Code/jori/dist/layout-hunt/LISTS_OCCURRENCES.json
LF-03,LF-03,confirmed,C012-clear,warm-1440,,LF-02 table columns and LF-03 conditional footer,/Users/albin/Code/jori/dist/layout-hunt/before/lists/C012-clear/warm-1440/before.png,/Users/albin/Code/jori/dist/layout-hunt/before/lists/C012-clear/warm-1440/0.png,/Users/albin/Code/jori/dist/layout-hunt/before/lists/C012-clear/warm-1440/record.json,/Users/albin/Code/jori/dist/layout-hunt/LISTS_OCCURRENCES.json
LF-03,LF-03,confirmed,C012-all,cold-1440,,LF-02 table columns and LF-03 conditional footer,/Users/albin/Code/jori/dist/layout-hunt/before/lists/C012-all/cold-1440/before.png,/Users/albin/Code/jori/dist/layout-hunt/before/lists/C012-all/cold-1440/0.png,/Users/albin/Code/jori/dist/layout-hunt/before/lists/C012-all/cold-1440/record.json,/Users/albin/Code/jori/dist/layout-hunt/LISTS_OCCURRENCES.json
LF-03,LF-03,confirmed,C012-all,warm-1440,,LF-02 table columns and LF-03 conditional footer,/Users/albin/Code/jori/dist/layout-hunt/before/lists/C012-all/warm-1440/before.png,/Users/albin/Code/jori/dist/layout-hunt/before/lists/C012-all/warm-1440/0.png,/Users/albin/Code/jori/dist/layout-hunt/before/lists/C012-all/warm-1440/record.json,/Users/albin/Code/jori/dist/layout-hunt/LISTS_OCCURRENCES.json
LF-03,LF-03,confirmed,C013-clear,cold-1440,,LF-02 table columns and LF-03 conditional footer,/Users/albin/Code/jori/dist/layout-hunt/before/lists/C013-clear/cold-1440/before.png,/Users/albin/Code/jori/dist/layout-hunt/before/lists/C013-clear/cold-1440/0.png,/Users/albin/Code/jori/dist/layout-hunt/before/lists/C013-clear/cold-1440/record.json,/Users/albin/Code/jori/dist/layout-hunt/LISTS_OCCURRENCES.json
LF-03,LF-03,confirmed,C013-clear,warm-1440,,LF-02 table columns and LF-03 conditional footer,/Users/albin/Code/jori/dist/layout-hunt/before/lists/C013-clear/warm-1440/before.png,/Users/albin/Code/jori/dist/layout-hunt/before/lists/C013-clear/warm-1440/0.png,/Users/albin/Code/jori/dist/layout-hunt/before/lists/C013-clear/warm-1440/record.json,/Users/albin/Code/jori/dist/layout-hunt/LISTS_OCCURRENCES.json
LF-03,LF-03,confirmed,C013-all,cold-1440,,LF-02 table columns and LF-03 conditional footer,/Users/albin/Code/jori/dist/layout-hunt/before/lists/C013-all/cold-1440/before.png,/Users/albin/Code/jori/dist/layout-hunt/before/lists/C013-all/cold-1440/0.png,/Users/albin/Code/jori/dist/layout-hunt/before/lists/C013-all/cold-1440/record.json,/Users/albin/Code/jori/dist/layout-hunt/LISTS_OCCURRENCES.json
LF-03,LF-03,confirmed,C013-all,warm-1440,,LF-02 table columns and LF-03 conditional footer,/Users/albin/Code/jori/dist/layout-hunt/before/lists/C013-all/warm-1440/before.png,/Users/albin/Code/jori/dist/layout-hunt/before/lists/C013-all/warm-1440/0.png,/Users/albin/Code/jori/dist/layout-hunt/before/lists/C013-all/warm-1440/record.json,/Users/albin/Code/jori/dist/layout-hunt/LISTS_OCCURRENCES.json
LF-03,LF-03,confirmed,C014-clear,cold-1440,,LF-02 auto column resizing and popup relocation; LF-03 footer33px removal; narrow Owner omitted,/Users/albin/Code/jori/dist/layout-hunt/before/lists/C014-clear/cold-1440/before.png,/Users/albin/Code/jori/dist/layout-hunt/before/lists/C014-clear/cold-1440/0.png,/Users/albin/Code/jori/dist/layout-hunt/before/lists/C014-clear/cold-1440/record.json,/Users/albin/Code/jori/dist/layout-hunt/LISTS_OCCURRENCES.json
LF-03,LF-03,confirmed,C014-clear,warm-1440,,LF-02 auto column resizing and popup relocation; LF-03 footer33px removal; narrow Owner omitted,/Users/albin/Code/jori/dist/layout-hunt/before/lists/C014-clear/warm-1440/before.png,/Users/albin/Code/jori/dist/layout-hunt/before/lists/C014-clear/warm-1440/0.png,/Users/albin/Code/jori/dist/layout-hunt/before/lists/C014-clear/warm-1440/record.json,/Users/albin/Code/jori/dist/layout-hunt/LISTS_OCCURRENCES.json
LF-03,LF-03,confirmed,C014-all,cold-1440,,LF-02 auto column resizing and popup relocation reversed; LF-03 footer33px restored; narrow Owner omitted,/Users/albin/Code/jori/dist/layout-hunt/before/lists/C014-all/cold-1440/before.png,/Users/albin/Code/jori/dist/layout-hunt/before/lists/C014-all/cold-1440/0.png,/Users/albin/Code/jori/dist/layout-hunt/before/lists/C014-all/cold-1440/record.json,/Users/albin/Code/jori/dist/layout-hunt/LISTS_OCCURRENCES.json
LF-03,LF-03,confirmed,C014-all,warm-1440,,LF-02 auto column resizing and popup relocation reversed; LF-03 footer33px restored; narrow Owner omitted,/Users/albin/Code/jori/dist/layout-hunt/before/lists/C014-all/warm-1440/before.png,/Users/albin/Code/jori/dist/layout-hunt/before/lists/C014-all/warm-1440/0.png,/Users/albin/Code/jori/dist/layout-hunt/before/lists/C014-all/warm-1440/record.json,/Users/albin/Code/jori/dist/layout-hunt/LISTS_OCCURRENCES.json
LF-03,LF-03,confirmed,C015-clear,cold-1440,,LF-02 column resize and166px popup relocation; LF-03 footer33px removal; narrow Owner omitted,/Users/albin/Code/jori/dist/layout-hunt/before/lists/C015-clear/cold-1440/before.png,/Users/albin/Code/jori/dist/layout-hunt/before/lists/C015-clear/cold-1440/0.png,/Users/albin/Code/jori/dist/layout-hunt/before/lists/C015-clear/cold-1440/record.json,/Users/albin/Code/jori/dist/layout-hunt/LISTS_OCCURRENCES.json
LF-03,LF-03,confirmed,C015-clear,warm-1440,,LF-02 column resize and166px popup relocation; LF-03 footer33px removal; narrow Owner omitted,/Users/albin/Code/jori/dist/layout-hunt/before/lists/C015-clear/warm-1440/before.png,/Users/albin/Code/jori/dist/layout-hunt/before/lists/C015-clear/warm-1440/0.png,/Users/albin/Code/jori/dist/layout-hunt/before/lists/C015-clear/warm-1440/record.json,/Users/albin/Code/jori/dist/layout-hunt/LISTS_OCCURRENCES.json
LF-03,LF-03,confirmed,C015-all,cold-1440,,LF-02 column resize and166px popup relocation reversed; LF-03 footer33px restored; narrow Owner omitted,/Users/albin/Code/jori/dist/layout-hunt/before/lists/C015-all/cold-1440/before.png,/Users/albin/Code/jori/dist/layout-hunt/before/lists/C015-all/cold-1440/0.png,/Users/albin/Code/jori/dist/layout-hunt/before/lists/C015-all/cold-1440/record.json,/Users/albin/Code/jori/dist/layout-hunt/LISTS_OCCURRENCES.json
LF-03,LF-03,confirmed,C015-all,warm-1440,,LF-02 column resize and166px popup relocation reversed; LF-03 footer33px restored; narrow Owner omitted,/Users/albin/Code/jori/dist/layout-hunt/before/lists/C015-all/warm-1440/before.png,/Users/albin/Code/jori/dist/layout-hunt/before/lists/C015-all/warm-1440/0.png,/Users/albin/Code/jori/dist/layout-hunt/before/lists/C015-all/warm-1440/record.json,/Users/albin/Code/jori/dist/layout-hunt/LISTS_OCCURRENCES.json
LF-04,LF-04,confirmed,C035-edit-close,cold-1440,,LF-04 input reset while exit remains visible,/Users/albin/Code/jori/dist/layout-hunt/before/lists/C035-edit-close/cold-1440/before.png,/Users/albin/Code/jori/dist/layout-hunt/before/lists/C035-edit-close/cold-1440/0.png,/Users/albin/Code/jori/dist/layout-hunt/before/lists/C035-edit-close/cold-1440/record.json,/Users/albin/Code/jori/dist/layout-hunt/LISTS_OCCURRENCES.json
LF-04,LF-04,confirmed,C035-edit-close,cold-375,,LF-04 input reset while exit remains visible,/Users/albin/Code/jori/dist/layout-hunt/before/lists/C035-edit-close/cold-375/before.png,/Users/albin/Code/jori/dist/layout-hunt/before/lists/C035-edit-close/cold-375/0.png,/Users/albin/Code/jori/dist/layout-hunt/before/lists/C035-edit-close/cold-375/record.json,/Users/albin/Code/jori/dist/layout-hunt/LISTS_OCCURRENCES.json
LF-04,LF-04,confirmed,C035-edit-close,warm-1440,,LF-04 input reset while exit remains visible,/Users/albin/Code/jori/dist/layout-hunt/before/lists/C035-edit-close/warm-1440/before.png,/Users/albin/Code/jori/dist/layout-hunt/before/lists/C035-edit-close/warm-1440/0.png,/Users/albin/Code/jori/dist/layout-hunt/before/lists/C035-edit-close/warm-1440/record.json,/Users/albin/Code/jori/dist/layout-hunt/LISTS_OCCURRENCES.json
LF-04,LF-04,confirmed,C035-edit-close,warm-375,,LF-04 input reset while exit remains visible,/Users/albin/Code/jori/dist/layout-hunt/before/lists/C035-edit-close/warm-375/before.png,/Users/albin/Code/jori/dist/layout-hunt/before/lists/C035-edit-close/warm-375/0.png,/Users/albin/Code/jori/dist/layout-hunt/before/lists/C035-edit-close/warm-375/record.json,/Users/albin/Code/jori/dist/layout-hunt/LISTS_OCCURRENCES.json
LF-04,LF-04,confirmed,C036-edit-close,cold-1440,,LF-04 input clears during exit,/Users/albin/Code/jori/dist/layout-hunt/before/lists/C036-edit-close/cold-1440/before.png,/Users/albin/Code/jori/dist/layout-hunt/before/lists/C036-edit-close/cold-1440/0.png,/Users/albin/Code/jori/dist/layout-hunt/before/lists/C036-edit-close/cold-1440/record.json,/Users/albin/Code/jori/dist/layout-hunt/LISTS_OCCURRENCES.json
LF-04,LF-04,confirmed,C036-edit-close,cold-375,,LF-04 input clears during exit,/Users/albin/Code/jori/dist/layout-hunt/before/lists/C036-edit-close/cold-375/before.png,/Users/albin/Code/jori/dist/layout-hunt/before/lists/C036-edit-close/cold-375/0.png,/Users/albin/Code/jori/dist/layout-hunt/before/lists/C036-edit-close/cold-375/record.json,/Users/albin/Code/jori/dist/layout-hunt/LISTS_OCCURRENCES.json
LF-04,LF-04,confirmed,C036-edit-close,warm-1440,,LF-04 input clears during exit,/Users/albin/Code/jori/dist/layout-hunt/before/lists/C036-edit-close/warm-1440/before.png,/Users/albin/Code/jori/dist/layout-hunt/before/lists/C036-edit-close/warm-1440/0.png,/Users/albin/Code/jori/dist/layout-hunt/before/lists/C036-edit-close/warm-1440/record.json,/Users/albin/Code/jori/dist/layout-hunt/LISTS_OCCURRENCES.json
LF-04,LF-04,confirmed,C036-edit-close,warm-375,,LF-04 input clears during exit,/Users/albin/Code/jori/dist/layout-hunt/before/lists/C036-edit-close/warm-375/before.png,/Users/albin/Code/jori/dist/layout-hunt/before/lists/C036-edit-close/warm-375/0.png,/Users/albin/Code/jori/dist/layout-hunt/before/lists/C036-edit-close/warm-375/record.json,/Users/albin/Code/jori/dist/layout-hunt/LISTS_OCCURRENCES.json
LF-04,LF-04,confirmed,C037-edit-close,cold-1440,,LF-04 blank rename field during mobile exit; desktop captures too late to independently show flash; no background shift,/Users/albin/Code/jori/dist/layout-hunt/before/lists/C037-edit-close/cold-1440/before.png,/Users/albin/Code/jori/dist/layout-hunt/before/lists/C037-edit-close/cold-1440/0.png,/Users/albin/Code/jori/dist/layout-hunt/before/lists/C037-edit-close/cold-1440/record.json,/Users/albin/Code/jori/dist/layout-hunt/LISTS_OCCURRENCES.json
LF-04,LF-04,confirmed,C037-edit-close,cold-375,,LF-04 blank rename field during mobile exit; desktop captures too late to independently show flash; no background shift,/Users/albin/Code/jori/dist/layout-hunt/before/lists/C037-edit-close/cold-375/before.png,/Users/albin/Code/jori/dist/layout-hunt/before/lists/C037-edit-close/cold-375/0.png,/Users/albin/Code/jori/dist/layout-hunt/before/lists/C037-edit-close/cold-375/record.json,/Users/albin/Code/jori/dist/layout-hunt/LISTS_OCCURRENCES.json
LF-04,LF-04,confirmed,C037-edit-close,warm-1440,,LF-04 blank rename field during mobile exit; desktop captures too late to independently show flash; no background shift,/Users/albin/Code/jori/dist/layout-hunt/before/lists/C037-edit-close/warm-1440/before.png,/Users/albin/Code/jori/dist/layout-hunt/before/lists/C037-edit-close/warm-1440/0.png,/Users/albin/Code/jori/dist/layout-hunt/before/lists/C037-edit-close/warm-1440/record.json,/Users/albin/Code/jori/dist/layout-hunt/LISTS_OCCURRENCES.json
LF-04,LF-04,confirmed,C037-edit-close,warm-375,,LF-04 blank rename field during mobile exit; desktop captures too late to independently show flash; no background shift,/Users/albin/Code/jori/dist/layout-hunt/before/lists/C037-edit-close/warm-375/before.png,/Users/albin/Code/jori/dist/layout-hunt/before/lists/C037-edit-close/warm-375/0.png,/Users/albin/Code/jori/dist/layout-hunt/before/lists/C037-edit-close/warm-375/record.json,/Users/albin/Code/jori/dist/layout-hunt/LISTS_OCCURRENCES.json
LF-04,LF-04,confirmed,C039-stores,cold-1440,127,"LF02 rename changes existing columns (Name252.5→364.2D/175.41→272M); LF04 save clears name before exit, visible warmM34ms blank input. native0.004048269D/0.005316184M; scroll0; all24PNG reviewed.",/Users/albin/Code/jori/dist/layout-hunt/before/lists-tail-root/C039-stores/cold-1440/before.png,/Users/albin/Code/jori/dist/layout-hunt/before/lists-tail-root/C039-stores/cold-1440/0.png,/Users/albin/Code/jori/dist/layout-hunt/before/lists-tail-root/C039-stores/cold-1440/record.json,/Users/albin/Code/jori/dist/layout-hunt/LISTS_OCCURRENCES.json
LF-04,LF-04,confirmed,C039-stores,cold-375,83,"LF02 rename changes existing columns (Name252.5→364.2D/175.41→272M); LF04 save clears name before exit, visible warmM34ms blank input. native0.004048269D/0.005316184M; scroll0; all24PNG reviewed.",/Users/albin/Code/jori/dist/layout-hunt/before/lists-tail-root/C039-stores/cold-375/before.png,/Users/albin/Code/jori/dist/layout-hunt/before/lists-tail-root/C039-stores/cold-375/0.png,/Users/albin/Code/jori/dist/layout-hunt/before/lists-tail-root/C039-stores/cold-375/record.json,/Users/albin/Code/jori/dist/layout-hunt/LISTS_OCCURRENCES.json
LF-04,LF-04,confirmed,C039-stores,warm-1440,38,"LF02 rename changes existing columns (Name252.5→364.2D/175.41→272M); LF04 save clears name before exit, visible warmM34ms blank input. native0.004048269D/0.005316184M; scroll0; all24PNG reviewed.",/Users/albin/Code/jori/dist/layout-hunt/before/lists-tail-root/C039-stores/warm-1440/before.png,/Users/albin/Code/jori/dist/layout-hunt/before/lists-tail-root/C039-stores/warm-1440/0.png,/Users/albin/Code/jori/dist/layout-hunt/before/lists-tail-root/C039-stores/warm-1440/record.json,/Users/albin/Code/jori/dist/layout-hunt/LISTS_OCCURRENCES.json
LF-04,LF-04,confirmed,C039-stores,warm-375,30,"LF02 rename changes existing columns (Name252.5→364.2D/175.41→272M); LF04 save clears name before exit, visible warmM34ms blank input. native0.004048269D/0.005316184M; scroll0; all24PNG reviewed.",/Users/albin/Code/jori/dist/layout-hunt/before/lists-tail-root/C039-stores/warm-375/before.png,/Users/albin/Code/jori/dist/layout-hunt/before/lists-tail-root/C039-stores/warm-375/0.png,/Users/albin/Code/jori/dist/layout-hunt/before/lists-tail-root/C039-stores/warm-375/record.json,/Users/albin/Code/jori/dist/layout-hunt/LISTS_OCCURRENCES.json
LF-04,LF-04,confirmed,C039-files,cold-1440,50,"Correct intended control state reached; all six PNGs and all native, retained/replaced rect and scroll candidates reviewed. No scroll movement. Long resource name saved successfully; first list row uses new name and updated timestamp. Existing neighboring table columns recalculate intrinsic widths; Edit draft clears during exit. Causes: [{'causeId': 'LF-02', 'variant': 'Successful long-name edit changes automatic table intrinsic widths', 'status': 'confirmed', 'sourcePaths': ['src/shared/console/list/frame.tsx', 'src/shared/console/materials/list.tsx'], 'fromTo': 'Files desktop Type x622.64→718.59,width139.47→121.83; mobile LastUpdated x207.77→304,width119.23→71.', 'nativeEvents': [{'action': 'C039-files', 'at': 11959.900000035763, 'msAfterAction': 50, 'value': 0.007935512740523726, 'hadRecentInput': True, 'sources': [{'node': 'div#root > div:nth-of-type(1) > div[data-slot=""sidebar-wrapper""]:nth-of-type(1) > main[data-slot=""sidebar-inset""]:nth-of-type(1) > div:nth-of-type(1) > section:nth-of-type(1) > div:nth-of-type(1) > div[data-slot=""table-container""]:nth-of-type(1) > table[data-slot=""table""]:nth-of-type(1) > tbody[data-slot=""table-body""]:nth-of-type(1) > tr[data-slot=""table-row""]:nth-of-type(2) > td[data-slot=""table-cell""]:nth-of-type(4) ""PDF""', 'from': {'x': 622.64, 'y': 128.5, 'width': 139.47, 'height': 41}, 'to': {'x': 718.59, 'y': 128.5, 'width': 121.83, 'height': 41}}, {'node': 'div#root > div:nth-of-type(1) > div[data-slot=""sidebar-wrapper""]:nth-of-type(1) > main[data-slot=""sidebar-inset""]:nth-of-type(1) > div:nth-of-type(1) > section:nth-of-type(1) > div:nth-of-type(1) > div[data-slot=""table-container""]:nth-of-type(1) > table[data-slot=""table""]:nth-of-type(1) > tbody[data-slot=""table-body""]:nth-of-type(1) > tr[data-slot=""table-row""]:nth-of-type(3) > td[data-slot=""table-cell""]:nth-of-type(4) ""Excel""', 'from': {'x': 622.64, 'y': 169.5, 'width': 139.47, 'height': 41}, 'to': {'x': 718.59, 'y': 169.5, 'width': 121.83, 'height': 41}}, {'node': 'div#root > div:nth-of-type(1) > div[data-slot=""sidebar-wrapper""]:nth-of-type(1) > main[data-slot=""sidebar-inset""]:nth-of-type(1) > div:nth-of-type(1) > section:nth-of-type(1) > div:nth-of-type(1) > div[data-slot=""table-container""]:nth-of-type(1) > table[data-slot=""table""]:nth-of-type(1) > tbody[data-slot=""table-body""]:nth-of-type(1) > tr[data-slot=""table-row""]:nth-of-type(1) > td[data-slot=""table-cell""]:nth-of-type(4) ""Markdown""', 'from': {'x': 622.64, 'y': 88, 'width': 139.47, 'height': 40.5}, 'to': {'x': 718.59, 'y': 88, 'width': 121.83, 'height': 40.5}}, {'node': 'div#root > div:nth-of-type(1) > div[data-slot=""sidebar-wrapper""]:nth-of-type(1) > main[data-slot=""sidebar-inset""]:nth-of-type(1) > div:nth-of-type(1) > section:nth-of-type(1) > div:nth-of-type(1) > div[data-slot=""table-container""]:nth-of-type(1) > table[data-slot=""table""]:nth-of-type(1) > tbody[data-slot=""table-body""]:nth-of-type(1) > tr[data-slot=""table-row""]:nth-of-type(4) > td[data-slot=""table-cell""]:nth-of-type(4) ""Image""', 'from': {'x': 622.64, 'y': 210.5, 'width': 139.47, 'height': 40.5}, 'to': {'x': 718.59, 'y': 210.5, 'width': 121.83, 'height': 40.5}}, {'node': 'div#root > div:nth-of-type(1) > div[data-slot=""sidebar-wrapper""]:nth-of-type(1) > main[data-slot=""sidebar-inset""]:nth-of-type(1) > div:nth-of-type(1) > section:nth-of-type(1) > div:nth-of-type(1) > div[data-slot=""table-container""]:nth-of-type(1) > table[data-slot=""table""]:nth-of-type(1) > tbody[data-slot=""table-body""]:nth-of-type(1) > tr[data-slot=""table-row""]:nth-of-type(3) > td[data-slot=""table-cell""]:nth-of-type(7) ""PNPriya Natarajan""', 'from': {'x': 1029.95, 'y': 169.5, 'width': 191.84, 'height': 41}, 'to': {'x': 1074.41, 'y': 169.5, 'width': 167.59, 'height': 41}}]}], 'pngPairs': [{'before': '/Users/albin/Code/jori/dist/layout-hunt/before/lists-tail-chat/C039-files/cold-1440/before.png', 'first': {'elapsed': 67, 'screenshotElapsed': 119, 'screenshot': '/Users/albin/Code/jori/dist/layout-hunt/before/lists-tail-chat/C039-files/cold-1440/0.png'}, '250': {'elapsed': 309, 'screenshotElapsed': 315, 'screenshot': '/Users/albin/Code/jori/dist/layout-hunt/before/lists-tail-chat/C039-files/cold-1440/250.png'}, 'settled': {'elapsed': 3144, 'screenshotElapsed': 3144, 'screenshot': '/Users/albin/Code/jori/dist/layout-hunt/before/lists-tail-chat/C039-files/cold-1440/settled.png'}}]}, {'causeId': 'LF-04', 'variant': 'Successful rename clears existing draft before exit', 'status': 'confirmed', 'sourcePaths': ['src/shared/console/materials/dialogs/edit.tsx'], 'fromTo': 'Existing Name input contains submitted long name before Save and is blank while closing. Outer height retained; raw field-content flash not native CLS.', 'pngPairs': [{'before': '/Users/albin/Code/jori/dist/layout-hunt/before/lists-tail-chat/C039-files/cold-1440/before.png', 'first': {'elapsed': 67, 'screenshotElapsed': 119, 'screenshot': '/Users/albin/Code/jori/dist/layout-hunt/before/lists-tail-chat/C039-files/cold-1440/0.png'}, '250': {'elapsed': 309, 'screenshotElapsed': 315, 'screenshot': '/Users/albin/Code/jori/dist/layout-hunt/before/lists-tail-chat/C039-files/cold-1440/250.png'}, 'settled': {'elapsed': 3144, 'screenshotElapsed': 3144, 'screenshot': '/Users/albin/Code/jori/dist/layout-hunt/before/lists-tail-chat/C039-files/cold-1440/settled.png'}}]}] Limits: []",/Users/albin/Code/jori/dist/layout-hunt/before/lists-tail-chat/C039-files/cold-1440/before.png,/Users/albin/Code/jori/dist/layout-hunt/before/lists-tail-chat/C039-files/cold-1440/0.png,/Users/albin/Code/jori/dist/layout-hunt/before/lists-tail-chat/C039-files/cold-1440/record.json,/Users/albin/Code/jori/dist/layout-hunt/LISTS_OCCURRENCES.json
LF-04,LF-04,confirmed,C039-files,cold-375,180,"Correct intended control state reached; all six PNGs and all native, retained/replaced rect and scroll candidates reviewed. No scroll movement. Long resource name saved successfully; first list row uses new name and updated timestamp. Existing neighboring table columns recalculate intrinsic widths; Edit draft clears during exit. Causes: [{'causeId': 'LF-02', 'variant': 'Successful long-name edit changes automatic table intrinsic widths', 'status': 'confirmed', 'sourcePaths': ['src/shared/console/list/frame.tsx', 'src/shared/console/materials/list.tsx'], 'fromTo': 'Files desktop Type x622.64→718.59,width139.47→121.83; mobile LastUpdated x207.77→304,width119.23→71.', 'nativeEvents': [{'action': 'C039-files', 'at': 11936.5, 'msAfterAction': 180, 'value': 0.010594756492817103, 'hadRecentInput': True, 'sources': [{'node': 'div#root > div:nth-of-type(1) > div[data-slot=""sidebar-wrapper""]:nth-of-type(1) > main[data-slot=""sidebar-inset""]:nth-of-type(1) > div:nth-of-type(1) > section:nth-of-type(1) > div:nth-of-type(1) > div[data-slot=""table-container""]:nth-of-type(1) > table[data-slot=""table""]:nth-of-type(1) > tbody[data-slot=""table-body""]:nth-of-type(1) > tr[data-slot=""table-row""]:nth-of-type(2) > td[data-slot=""table-cell""]:nth-of-type(8) ""3d ago""', 'from': {'x': 207.77, 'y': 128.5, 'width': 119.23, 'height': 41}, 'to': {'x': 304, 'y': 128.5, 'width': 71, 'height': 41}}, {'node': 'div#root > div:nth-of-type(1) > div[data-slot=""sidebar-wrapper""]:nth-of-type(1) > main[data-slot=""sidebar-inset""]:nth-of-type(1) > div:nth-of-type(1) > section:nth-of-type(1) > div:nth-of-type(1) > div[data-slot=""table-container""]:nth-of-type(1) > table[data-slot=""table""]:nth-of-type(1) > tbody[data-slot=""table-body""]:nth-of-type(1) > tr[data-slot=""table-row""]:nth-of-type(3) > td[data-slot=""table-cell""]:nth-of-type(8) ""Yesterday""', 'from': {'x': 207.77, 'y': 169.5, 'width': 119.23, 'height': 41}, 'to': {'x': 304, 'y': 169.5, 'width': 71, 'height': 41}}, {'node': 'div#root > div:nth-of-type(1) > div[data-slot=""sidebar-wrapper""]:nth-of-type(1) > main[data-slot=""sidebar-inset""]:nth-of-type(1) > div:nth-of-type(1) > section:nth-of-type(1) > div:nth-of-type(1) > div[data-slot=""table-container""]:nth-of-type(1) > table[data-slot=""table""]:nth-of-type(1) > tbody[data-slot=""table-body""]:nth-of-type(1) > tr[data-slot=""table-row""]:nth-of-type(1) > td[data-slot=""table-cell""]:nth-of-type(8) ""in under a minute""', 'from': {'x': 207.77, 'y': 88, 'width': 119.23, 'height': 40.5}, 'to': {'x': 304, 'y': 88, 'width': 71, 'height': 40.5}}, {'node': 'div#root > div:nth-of-type(1) > div[data-slot=""sidebar-wrapper""]:nth-of-type(1) > main[data-slot=""sidebar-inset""]:nth-of-type(1) > div:nth-of-type(1) > section:nth-of-type(1) > div:nth-of-type(1) > div[data-slot=""table-container""]:nth-of-type(1) > table[data-slot=""table""]:nth-of-type(1) > tbody[data-slot=""table-body""]:nth-of-type(1) > tr[data-slot=""table-row""]:nth-of-type(4) > td[data-slot=""table-cell""]:nth-of-type(8) ""3d ago""', 'from': {'x': 207.77, 'y': 210.5, 'width': 119.23, 'height': 40.5}, 'to': {'x': 304, 'y': 210.5, 'width': 71, 'height': 40.5}}]}], 'pngPairs': [{'before': '/Users/albin/Code/jori/dist/layout-hunt/before/lists-tail-chat/C039-files/cold-375/before.png', 'first': {'elapsed': 53, 'screenshotElapsed': 79, 'screenshot': '/Users/albin/Code/jori/dist/layout-hunt/before/lists-tail-chat/C039-files/cold-375/0.png'}, '250': {'elapsed': 324, 'screenshotElapsed': 346, 'screenshot': '/Users/albin/Code/jori/dist/layout-hunt/before/lists-tail-chat/C039-files/cold-375/250.png'}, 'settled': {'elapsed': 3184, 'screenshotElapsed': 3184, 'screenshot': '/Users/albin/Code/jori/dist/layout-hunt/before/lists-tail-chat/C039-files/cold-375/settled.png'}}]}, {'causeId': 'LF-04', 'variant': 'Successful rename clears existing draft before exit', 'status': 'confirmed', 'sourcePaths': ['src/shared/console/materials/dialogs/edit.tsx'], 'fromTo': 'Existing Name input contains submitted long name before Save and is blank while closing. Outer height retained; raw field-content flash not native CLS.', 'pngPairs': [{'before': '/Users/albin/Code/jori/dist/layout-hunt/before/lists-tail-chat/C039-files/cold-375/before.png', 'first': {'elapsed': 53, 'screenshotElapsed': 79, 'screenshot': '/Users/albin/Code/jori/dist/layout-hunt/before/lists-tail-chat/C039-files/cold-375/0.png'}, '250': {'elapsed': 324, 'screenshotElapsed': 346, 'screenshot': '/Users/albin/Code/jori/dist/layout-hunt/before/lists-tail-chat/C039-files/cold-375/250.png'}, 'settled': {'elapsed': 3184, 'screenshotElapsed': 3184, 'screenshot': '/Users/albin/Code/jori/dist/layout-hunt/before/lists-tail-chat/C039-files/cold-375/settled.png'}}]}] Limits: []",/Users/albin/Code/jori/dist/layout-hunt/before/lists-tail-chat/C039-files/cold-375/before.png,/Users/albin/Code/jori/dist/layout-hunt/before/lists-tail-chat/C039-files/cold-375/0.png,/Users/albin/Code/jori/dist/layout-hunt/before/lists-tail-chat/C039-files/cold-375/record.json,/Users/albin/Code/jori/dist/layout-hunt/LISTS_OCCURRENCES.json
LF-04,LF-04,confirmed,C039-files,warm-1440,36,"Correct intended control state reached; all six PNGs and all native, retained/replaced rect and scroll candidates reviewed. No scroll movement. Long resource name saved successfully; first list row uses new name and updated timestamp. Existing neighboring table columns recalculate intrinsic widths; Edit draft clears during exit. Causes: [{'causeId': 'LF-02', 'variant': 'Successful long-name edit changes automatic table intrinsic widths', 'status': 'confirmed', 'sourcePaths': ['src/shared/console/list/frame.tsx', 'src/shared/console/materials/list.tsx'], 'fromTo': 'Files desktop Type x622.64→718.59,width139.47→121.83; mobile LastUpdated x207.77→304,width119.23→71.', 'nativeEvents': [{'action': 'C039-files', 'at': 6953.900000035763, 'msAfterAction': 36, 'value': 0.007935512740523726, 'hadRecentInput': True, 'sources': [{'node': 'div#root > div:nth-of-type(1) > div[data-slot=""sidebar-wrapper""]:nth-of-type(1) > main[data-slot=""sidebar-inset""]:nth-of-type(1) > div:nth-of-type(1) > section:nth-of-type(1) > div:nth-of-type(1) > div[data-slot=""table-container""]:nth-of-type(1) > table[data-slot=""table""]:nth-of-type(1) > tbody[data-slot=""table-body""]:nth-of-type(1) > tr[data-slot=""table-row""]:nth-of-type(2) > td[data-slot=""table-cell""]:nth-of-type(4) ""PDF""', 'from': {'x': 622.64, 'y': 128.5, 'width': 139.47, 'height': 41}, 'to': {'x': 718.59, 'y': 128.5, 'width': 121.83, 'height': 41}}, {'node': 'div#root > div:nth-of-type(1) > div[data-slot=""sidebar-wrapper""]:nth-of-type(1) > main[data-slot=""sidebar-inset""]:nth-of-type(1) > div:nth-of-type(1) > section:nth-of-type(1) > div:nth-of-type(1) > div[data-slot=""table-container""]:nth-of-type(1) > table[data-slot=""table""]:nth-of-type(1) > tbody[data-slot=""table-body""]:nth-of-type(1) > tr[data-slot=""table-row""]:nth-of-type(3) > td[data-slot=""table-cell""]:nth-of-type(4) ""Excel""', 'from': {'x': 622.64, 'y': 169.5, 'width': 139.47, 'height': 41}, 'to': {'x': 718.59, 'y': 169.5, 'width': 121.83, 'height': 41}}, {'node': 'div#root > div:nth-of-type(1) > div[data-slot=""sidebar-wrapper""]:nth-of-type(1) > main[data-slot=""sidebar-inset""]:nth-of-type(1) > div:nth-of-type(1) > section:nth-of-type(1) > div:nth-of-type(1) > div[data-slot=""table-container""]:nth-of-type(1) > table[data-slot=""table""]:nth-of-type(1) > tbody[data-slot=""table-body""]:nth-of-type(1) > tr[data-slot=""table-row""]:nth-of-type(1) > td[data-slot=""table-cell""]:nth-of-type(4) ""Markdown""', 'from': {'x': 622.64, 'y': 88, 'width': 139.47, 'height': 40.5}, 'to': {'x': 718.59, 'y': 88, 'width': 121.83, 'height': 40.5}}, {'node': 'div#root > div:nth-of-type(1) > div[data-slot=""sidebar-wrapper""]:nth-of-type(1) > main[data-slot=""sidebar-inset""]:nth-of-type(1) > div:nth-of-type(1) > section:nth-of-type(1) > div:nth-of-type(1) > div[data-slot=""table-container""]:nth-of-type(1) > table[data-slot=""table""]:nth-of-type(1) > tbody[data-slot=""table-body""]:nth-of-type(1) > tr[data-slot=""table-row""]:nth-of-type(4) > td[data-slot=""table-cell""]:nth-of-type(4) ""Image""', 'from': {'x': 622.64, 'y': 210.5, 'width': 139.47, 'height': 40.5}, 'to': {'x': 718.59, 'y': 210.5, 'width': 121.83, 'height': 40.5}}, {'node': 'div#root > div:nth-of-type(1) > div[data-slot=""sidebar-wrapper""]:nth-of-type(1) > main[data-slot=""sidebar-inset""]:nth-of-type(1) > div:nth-of-type(1) > section:nth-of-type(1) > div:nth-of-type(1) > div[data-slot=""table-container""]:nth-of-type(1) > table[data-slot=""table""]:nth-of-type(1) > tbody[data-slot=""table-body""]:nth-of-type(1) > tr[data-slot=""table-row""]:nth-of-type(3) > td[data-slot=""table-cell""]:nth-of-type(7) ""PNPriya Natarajan""', 'from': {'x': 1029.95, 'y': 169.5, 'width': 191.84, 'height': 41}, 'to': {'x': 1074.41, 'y': 169.5, 'width': 167.59, 'height': 41}}]}], 'pngPairs': [{'before': '/Users/albin/Code/jori/dist/layout-hunt/before/lists-tail-chat/C039-files/warm-1440/before.png', 'first': {'elapsed': 50, 'screenshotElapsed': 117, 'screenshot': '/Users/albin/Code/jori/dist/layout-hunt/before/lists-tail-chat/C039-files/warm-1440/0.png'}, '250': {'elapsed': 293, 'screenshotElapsed': 309, 'screenshot': '/Users/albin/Code/jori/dist/layout-hunt/before/lists-tail-chat/C039-files/warm-1440/250.png'}, 'settled': {'elapsed': 3174, 'screenshotElapsed': 3174, 'screenshot': '/Users/albin/Code/jori/dist/layout-hunt/before/lists-tail-chat/C039-files/warm-1440/settled.png'}}]}, {'causeId': 'LF-04', 'variant': 'Successful rename clears existing draft before exit', 'status': 'confirmed', 'sourcePaths': ['src/shared/console/materials/dialogs/edit.tsx'], 'fromTo': 'Existing Name input contains submitted long name before Save and is blank while closing. Outer height retained; raw field-content flash not native CLS.', 'pngPairs': [{'before': '/Users/albin/Code/jori/dist/layout-hunt/before/lists-tail-chat/C039-files/warm-1440/before.png', 'first': {'elapsed': 50, 'screenshotElapsed': 117, 'screenshot': '/Users/albin/Code/jori/dist/layout-hunt/before/lists-tail-chat/C039-files/warm-1440/0.png'}, '250': {'elapsed': 293, 'screenshotElapsed': 309, 'screenshot': '/Users/albin/Code/jori/dist/layout-hunt/before/lists-tail-chat/C039-files/warm-1440/250.png'}, 'settled': {'elapsed': 3174, 'screenshotElapsed': 3174, 'screenshot': '/Users/albin/Code/jori/dist/layout-hunt/before/lists-tail-chat/C039-files/warm-1440/settled.png'}}]}] Limits: []",/Users/albin/Code/jori/dist/layout-hunt/before/lists-tail-chat/C039-files/warm-1440/before.png,/Users/albin/Code/jori/dist/layout-hunt/before/lists-tail-chat/C039-files/warm-1440/0.png,/Users/albin/Code/jori/dist/layout-hunt/before/lists-tail-chat/C039-files/warm-1440/record.json,/Users/albin/Code/jori/dist/layout-hunt/LISTS_OCCURRENCES.json
LF-04,LF-04,confirmed,C039-files,warm-375,35,"Correct intended control state reached; all six PNGs and all native, retained/replaced rect and scroll candidates reviewed. No scroll movement. Long resource name saved successfully; first list row uses new name and updated timestamp. Existing neighboring table columns recalculate intrinsic widths; Edit draft clears during exit. Causes: [{'causeId': 'LF-02', 'variant': 'Successful long-name edit changes automatic table intrinsic widths', 'status': 'confirmed', 'sourcePaths': ['src/shared/console/list/frame.tsx', 'src/shared/console/materials/list.tsx'], 'fromTo': 'Files desktop Type x622.64→718.59,width139.47→121.83; mobile LastUpdated x207.77→304,width119.23→71.', 'nativeEvents': [{'action': 'C039-files', 'at': 7051.600000023842, 'msAfterAction': 35, 'value': 0.010594756492817103, 'hadRecentInput': True, 'sources': [{'node': 'div#root > div:nth-of-type(1) > div[data-slot=""sidebar-wrapper""]:nth-of-type(1) > main[data-slot=""sidebar-inset""]:nth-of-type(1) > div:nth-of-type(1) > section:nth-of-type(1) > div:nth-of-type(1) > div[data-slot=""table-container""]:nth-of-type(1) > table[data-slot=""table""]:nth-of-type(1) > tbody[data-slot=""table-body""]:nth-of-type(1) > tr[data-slot=""table-row""]:nth-of-type(2) > td[data-slot=""table-cell""]:nth-of-type(8) ""3d ago""', 'from': {'x': 207.77, 'y': 128.5, 'width': 119.23, 'height': 41}, 'to': {'x': 304, 'y': 128.5, 'width': 71, 'height': 41}}, {'node': 'div#root > div:nth-of-type(1) > div[data-slot=""sidebar-wrapper""]:nth-of-type(1) > main[data-slot=""sidebar-inset""]:nth-of-type(1) > div:nth-of-type(1) > section:nth-of-type(1) > div:nth-of-type(1) > div[data-slot=""table-container""]:nth-of-type(1) > table[data-slot=""table""]:nth-of-type(1) > tbody[data-slot=""table-body""]:nth-of-type(1) > tr[data-slot=""table-row""]:nth-of-type(3) > td[data-slot=""table-cell""]:nth-of-type(8) ""Yesterday""', 'from': {'x': 207.77, 'y': 169.5, 'width': 119.23, 'height': 41}, 'to': {'x': 304, 'y': 169.5, 'width': 71, 'height': 41}}, {'node': 'div#root > div:nth-of-type(1) > div[data-slot=""sidebar-wrapper""]:nth-of-type(1) > main[data-slot=""sidebar-inset""]:nth-of-type(1) > div:nth-of-type(1) > section:nth-of-type(1) > div:nth-of-type(1) > div[data-slot=""table-container""]:nth-of-type(1) > table[data-slot=""table""]:nth-of-type(1) > tbody[data-slot=""table-body""]:nth-of-type(1) > tr[data-slot=""table-row""]:nth-of-type(1) > td[data-slot=""table-cell""]:nth-of-type(8) ""in under a minute""', 'from': {'x': 207.77, 'y': 88, 'width': 119.23, 'height': 40.5}, 'to': {'x': 304, 'y': 88, 'width': 71, 'height': 40.5}}, {'node': 'div#root > div:nth-of-type(1) > div[data-slot=""sidebar-wrapper""]:nth-of-type(1) > main[data-slot=""sidebar-inset""]:nth-of-type(1) > div:nth-of-type(1) > section:nth-of-type(1) > div:nth-of-type(1) > div[data-slot=""table-container""]:nth-of-type(1) > table[data-slot=""table""]:nth-of-type(1) > tbody[data-slot=""table-body""]:nth-of-type(1) > tr[data-slot=""table-row""]:nth-of-type(4) > td[data-slot=""table-cell""]:nth-of-type(8) ""3d ago""', 'from': {'x': 207.77, 'y': 210.5, 'width': 119.23, 'height': 40.5}, 'to': {'x': 304, 'y': 210.5, 'width': 71, 'height': 40.5}}]}], 'pngPairs': [{'before': '/Users/albin/Code/jori/dist/layout-hunt/before/lists-tail-chat/C039-files/warm-375/before.png', 'first': {'elapsed': 21, 'screenshotElapsed': 37, 'screenshot': '/Users/albin/Code/jori/dist/layout-hunt/before/lists-tail-chat/C039-files/warm-375/0.png'}, '250': {'elapsed': 295, 'screenshotElapsed': 306, 'screenshot': '/Users/albin/Code/jori/dist/layout-hunt/before/lists-tail-chat/C039-files/warm-375/250.png'}, 'settled': {'elapsed': 3063, 'screenshotElapsed': 3063, 'screenshot': '/Users/albin/Code/jori/dist/layout-hunt/before/lists-tail-chat/C039-files/warm-375/settled.png'}}]}, {'causeId': 'LF-04', 'variant': 'Successful rename clears existing draft before exit', 'status': 'confirmed', 'sourcePaths': ['src/shared/console/materials/dialogs/edit.tsx'], 'fromTo': 'Existing Name input contains submitted long name before Save and is blank while closing. Outer height retained; raw field-content flash not native CLS.', 'pngPairs': [{'before': '/Users/albin/Code/jori/dist/layout-hunt/before/lists-tail-chat/C039-files/warm-375/before.png', 'first': {'elapsed': 21, 'screenshotElapsed': 37, 'screenshot': '/Users/albin/Code/jori/dist/layout-hunt/before/lists-tail-chat/C039-files/warm-375/0.png'}, '250': {'elapsed': 295, 'screenshotElapsed': 306, 'screenshot': '/Users/albin/Code/jori/dist/layout-hunt/before/lists-tail-chat/C039-files/warm-375/250.png'}, 'settled': {'elapsed': 3063, 'screenshotElapsed': 3063, 'screenshot': '/Users/albin/Code/jori/dist/layout-hunt/before/lists-tail-chat/C039-files/warm-375/settled.png'}}]}] Limits: []",/Users/albin/Code/jori/dist/layout-hunt/before/lists-tail-chat/C039-files/warm-375/before.png,/Users/albin/Code/jori/dist/layout-hunt/before/lists-tail-chat/C039-files/warm-375/0.png,/Users/albin/Code/jori/dist/layout-hunt/before/lists-tail-chat/C039-files/warm-375/record.json,/Users/albin/Code/jori/dist/layout-hunt/LISTS_OCCURRENCES.json
LF-04,LF-04,confirmed,C039-tables,cold-1440,129,"Correct intended control state reached; all six PNGs and all native, retained/replaced rect and scroll candidates reviewed. No scroll movement. Long resource name saved successfully; first list row uses new name and updated timestamp. Existing neighboring table columns recalculate intrinsic widths; Edit draft clears during exit. Causes: [{'causeId': 'LF-02', 'variant': 'Successful long-name edit changes automatic table intrinsic widths', 'status': 'confirmed', 'sourcePaths': ['src/shared/console/list/frame.tsx', 'src/shared/console/materials/list.tsx'], 'fromTo': 'Tables desktop Columns x545.78→643.53,width123.78→109.30; mobile LastUpdated x211.33→304,width115.67→71.', 'nativeEvents': [{'action': 'C039-tables', 'at': 12660.199999988079, 'msAfterAction': 129, 'value': 0.00728879927019033, 'hadRecentInput': True, 'sources': [{'node': 'div#root > div:nth-of-type(1) > div[data-slot=""sidebar-wrapper""]:nth-of-type(1) > main[data-slot=""sidebar-inset""]:nth-of-type(1) > div:nth-of-type(1) > section:nth-of-type(1) > div:nth-of-type(1) > div[data-slot=""table-container""]:nth-of-type(1) > table[data-slot=""table""]:nth-of-type(1) > tbody[data-slot=""table-body""]:nth-of-type(1) > tr[data-slot=""table-row""]:nth-of-type(3) > td[data-slot=""table-cell""]:nth-of-type(7) ""Jori logoJori""', 'from': {'x': 1032.3, 'y': 169.5, 'width': 190.56, 'height': 41}, 'to': {'x': 1073.13, 'y': 169.5, 'width': 168.28, 'height': 41}}, {'node': 'div#root > div:nth-of-type(1) > div[data-slot=""sidebar-wrapper""]:nth-of-type(1) > main[data-slot=""sidebar-inset""]:nth-of-type(1) > div:nth-of-type(1) > section:nth-of-type(1) > div:nth-of-type(1) > div[data-slot=""table-container""]:nth-of-type(1) > table[data-slot=""table""]:nth-of-type(1) > tbody[data-slot=""table-body""]:nth-of-type(1) > tr[data-slot=""table-row""]:nth-of-type(2) > td[data-slot=""table-cell""]:nth-of-type(7) ""Jori logoJori""', 'from': {'x': 1032.3, 'y': 128.5, 'width': 190.56, 'height': 41}, 'to': {'x': 1073.13, 'y': 128.5, 'width': 168.28, 'height': 41}}, {'node': 'div#root > div:nth-of-type(1) > div[data-slot=""sidebar-wrapper""]:nth-of-type(1) > main[data-slot=""sidebar-inset""]:nth-of-type(1) > div:nth-of-type(1) > section:nth-of-type(1) > div:nth-of-type(1) > div[data-slot=""table-container""]:nth-of-type(1) > table[data-slot=""table""]:nth-of-type(1) > tbody[data-slot=""table-body""]:nth-of-type(1) > tr[data-slot=""table-row""]:nth-of-type(3) > td[data-slot=""table-cell""]:nth-of-type(3) ""44 columns""', 'from': {'x': 545.78, 'y': 169.5, 'width': 123.78, 'height': 41}, 'to': {'x': 643.53, 'y': 169.5, 'width': 109.3, 'height': 41}}, {'node': 'div#root > div:nth-of-type(1) > div[data-slot=""sidebar-wrapper""]:nth-of-type(1) > main[data-slot=""sidebar-inset""]:nth-of-type(1) > div:nth-of-type(1) > section:nth-of-type(1) > div:nth-of-type(1) > div[data-slot=""table-container""]:nth-of-type(1) > table[data-slot=""table""]:nth-of-type(1) > tbody[data-slot=""table-body""]:nth-of-type(1) > tr[data-slot=""table-row""]:nth-of-type(2) > td[data-slot=""table-cell""]:nth-of-type(3) ""44 columns""', 'from': {'x': 545.78, 'y': 128.5, 'width': 123.78, 'height': 41}, 'to': {'x': 643.53, 'y': 128.5, 'width': 109.3, 'height': 41}}, {'node': 'div#root > div:nth-of-type(1) > div[data-slot=""sidebar-wrapper""]:nth-of-type(1) > main[data-slot=""sidebar-inset""]:nth-of-type(1) > div:nth-of-type(1) > section:nth-of-type(1) > div:nth-of-type(1) > div[data-slot=""table-container""]:nth-of-type(1) > table[data-slot=""table""]:nth-of-type(1) > tbody[data-slot=""table-body""]:nth-of-type(1) > tr[data-slot=""table-row""]:nth-of-type(1) > td[data-slot=""table-cell""]:nth-of-type(7) ""MLMaya Lund""', 'from': {'x': 1032.3, 'y': 88, 'width': 190.56, 'height': 40.5}, 'to': {'x': 1073.13, 'y': 88, 'width': 168.28, 'height': 40.5}}]}], 'pngPairs': [{'before': '/Users/albin/Code/jori/dist/layout-hunt/before/lists-tail-chat/C039-tables/cold-1440/before.png', 'first': {'elapsed': 120, 'screenshotElapsed': 180, 'screenshot': '/Users/albin/Code/jori/dist/layout-hunt/before/lists-tail-chat/C039-tables/cold-1440/0.png'}, '250': {'elapsed': 366, 'screenshotElapsed': 372, 'screenshot': '/Users/albin/Code/jori/dist/layout-hunt/before/lists-tail-chat/C039-tables/cold-1440/250.png'}, 'settled': {'elapsed': 3199, 'screenshotElapsed': 3199, 'screenshot': '/Users/albin/Code/jori/dist/layout-hunt/before/lists-tail-chat/C039-tables/cold-1440/settled.png'}}]}, {'causeId': 'LF-04', 'variant': 'Successful rename clears existing draft before exit', 'status': 'confirmed-source; no clear early PNG in this profile', 'sourcePaths': ['src/shared/console/materials/dialogs/edit.tsx'], 'fromTo': 'Existing Name input contains submitted long name before Save and is blank while closing. Outer height retained; raw field-content flash not native CLS.', 'pngPairs': [{'before': '/Users/albin/Code/jori/dist/layout-hunt/before/lists-tail-chat/C039-tables/cold-1440/before.png', 'first': {'elapsed': 120, 'screenshotElapsed': 180, 'screenshot': '/Users/albin/Code/jori/dist/layout-hunt/before/lists-tail-chat/C039-tables/cold-1440/0.png'}, '250': {'elapsed': 366, 'screenshotElapsed': 372, 'screenshot': '/Users/albin/Code/jori/dist/layout-hunt/before/lists-tail-chat/C039-tables/cold-1440/250.png'}, 'settled': {'elapsed': 3199, 'screenshotElapsed': 3199, 'screenshot': '/Users/albin/Code/jori/dist/layout-hunt/before/lists-tail-chat/C039-tables/cold-1440/settled.png'}}]}] Limits: ['First PNG180ms has no visible dialog; this profile proves column reflow, while warm desktop and mobile pairs prove draft-clear flash.']",/Users/albin/Code/jori/dist/layout-hunt/before/lists-tail-chat/C039-tables/cold-1440/before.png,/Users/albin/Code/jori/dist/layout-hunt/before/lists-tail-chat/C039-tables/cold-1440/0.png,/Users/albin/Code/jori/dist/layout-hunt/before/lists-tail-chat/C039-tables/cold-1440/record.json,/Users/albin/Code/jori/dist/layout-hunt/LISTS_OCCURRENCES.json
LF-04,LF-04,confirmed,C039-tables,cold-375,88,"Correct intended control state reached; all six PNGs and all native, retained/replaced rect and scroll candidates reviewed. No scroll movement. Long resource name saved successfully; first list row uses new name and updated timestamp. Existing neighboring table columns recalculate intrinsic widths; Edit draft clears during exit. Causes: [{'causeId': 'LF-02', 'variant': 'Successful long-name edit changes automatic table intrinsic widths', 'status': 'confirmed', 'sourcePaths': ['src/shared/console/list/frame.tsx', 'src/shared/console/materials/list.tsx'], 'fromTo': 'Tables desktop Columns x545.78→643.53,width123.78→109.30; mobile LastUpdated x211.33→304,width115.67→71.', 'nativeEvents': [{'action': 'C039-tables', 'at': 11684.199999988079, 'msAfterAction': 88, 'value': 0.010846872042514985, 'hadRecentInput': True, 'sources': [{'node': 'div#root > div:nth-of-type(1) > div[data-slot=""sidebar-wrapper""]:nth-of-type(1) > main[data-slot=""sidebar-inset""]:nth-of-type(1) > div:nth-of-type(1) > section:nth-of-type(1) > div:nth-of-type(1) > div[data-slot=""table-container""]:nth-of-type(1) > table[data-slot=""table""]:nth-of-type(1) > tbody[data-slot=""table-body""]:nth-of-type(1) > tr[data-slot=""table-row""]:nth-of-type(2) > td[data-slot=""table-cell""]:nth-of-type(8) ""Yesterday""', 'from': {'x': 211.33, 'y': 128.5, 'width': 115.67, 'height': 41}, 'to': {'x': 304, 'y': 128.5, 'width': 71, 'height': 41}}, {'node': 'div#root > div:nth-of-type(1) > div[data-slot=""sidebar-wrapper""]:nth-of-type(1) > main[data-slot=""sidebar-inset""]:nth-of-type(1) > div:nth-of-type(1) > section:nth-of-type(1) > div:nth-of-type(1) > div[data-slot=""table-container""]:nth-of-type(1) > table[data-slot=""table""]:nth-of-type(1) > tbody[data-slot=""table-body""]:nth-of-type(1) > tr[data-slot=""table-row""]:nth-of-type(3) > td[data-slot=""table-cell""]:nth-of-type(8) ""2d ago""', 'from': {'x': 211.33, 'y': 169.5, 'width': 115.67, 'height': 41}, 'to': {'x': 304, 'y': 169.5, 'width': 71, 'height': 41}}, {'node': 'div#root > div:nth-of-type(1) > div[data-slot=""sidebar-wrapper""]:nth-of-type(1) > main[data-slot=""sidebar-inset""]:nth-of-type(1) > div:nth-of-type(1) > section:nth-of-type(1) > div:nth-of-type(1) > div[data-slot=""table-container""]:nth-of-type(1) > table[data-slot=""table""]:nth-of-type(1) > tbody[data-slot=""table-body""]:nth-of-type(1) > tr[data-slot=""table-row""]:nth-of-type(1) > td[data-slot=""table-cell""]:nth-of-type(8) ""in under a minute""', 'from': {'x': 211.33, 'y': 88, 'width': 115.67, 'height': 40.5}, 'to': {'x': 304, 'y': 88, 'width': 71, 'height': 40.5}}, {'node': 'div#root > div:nth-of-type(1) > div[data-slot=""sidebar-wrapper""]:nth-of-type(1) > main[data-slot=""sidebar-inset""]:nth-of-type(1) > div:nth-of-type(1) > section:nth-of-type(1) > div:nth-of-type(1) > div[data-slot=""table-container""]:nth-of-type(1) > table[data-slot=""table""]:nth-of-type(1) > tbody[data-slot=""table-body""]:nth-of-type(1) > tr[data-slot=""table-row""]:nth-of-type(4) > td[data-slot=""table-cell""]:nth-of-type(8) ""Yesterday""', 'from': {'x': 211.33, 'y': 210.5, 'width': 115.67, 'height': 40.5}, 'to': {'x': 304, 'y': 210.5, 'width': 71, 'height': 40.5}}, {'node': 'main[data-slot=""sidebar-inset""]:nth-of-type(1) > div:nth-of-type(1) > section:nth-of-type(1) > div:nth-of-type(1) > div[data-slot=""table-container""]:nth-of-type(1) > table[data-slot=""table""]:nth-of-type(1) > tbody[data-slot=""table-body""]:nth-of-type(1) > tr[data-slot=""table-row""]:nth-of-type(1) > td[data-slot=""table-cell""]:nth-of-type(2) > div:nth-of-type(1) > span[data-slot=""tooltip-trigger""]:nth-of-type(1) > svg:nth-of-type(1) """"', 'from': {'x': 180.63, 'y': 100, 'width': 16, 'height': 16}, 'to': {'x': 280, 'y': 100, 'width': 16, 'height': 16}}]}], 'pngPairs': [{'before': '/Users/albin/Code/jori/dist/layout-hunt/before/lists-tail-chat/C039-tables/cold-375/before.png', 'first': {'elapsed': 39, 'screenshotElapsed': 68, 'screenshot': '/Users/albin/Code/jori/dist/layout-hunt/before/lists-tail-chat/C039-tables/cold-375/0.png'}, '250': {'elapsed': 281, 'screenshotElapsed': 316, 'screenshot': '/Users/albin/Code/jori/dist/layout-hunt/before/lists-tail-chat/C039-tables/cold-375/250.png'}, 'settled': {'elapsed': 3060, 'screenshotElapsed': 3060, 'screenshot': '/Users/albin/Code/jori/dist/layout-hunt/before/lists-tail-chat/C039-tables/cold-375/settled.png'}}]}, {'causeId': 'LF-04', 'variant': 'Successful rename clears existing draft before exit', 'status': 'confirmed', 'sourcePaths': ['src/shared/console/materials/dialogs/edit.tsx'], 'fromTo': 'Existing Name input contains submitted long name before Save and is blank while closing. Outer height retained; raw field-content flash not native CLS.', 'pngPairs': [{'before': '/Users/albin/Code/jori/dist/layout-hunt/before/lists-tail-chat/C039-tables/cold-375/before.png', 'first': {'elapsed': 39, 'screenshotElapsed': 68, 'screenshot': '/Users/albin/Code/jori/dist/layout-hunt/before/lists-tail-chat/C039-tables/cold-375/0.png'}, '250': {'elapsed': 281, 'screenshotElapsed': 316, 'screenshot': '/Users/albin/Code/jori/dist/layout-hunt/before/lists-tail-chat/C039-tables/cold-375/250.png'}, 'settled': {'elapsed': 3060, 'screenshotElapsed': 3060, 'screenshot': '/Users/albin/Code/jori/dist/layout-hunt/before/lists-tail-chat/C039-tables/cold-375/settled.png'}}]}] Limits: []",/Users/albin/Code/jori/dist/layout-hunt/before/lists-tail-chat/C039-tables/cold-375/before.png,/Users/albin/Code/jori/dist/layout-hunt/before/lists-tail-chat/C039-tables/cold-375/0.png,/Users/albin/Code/jori/dist/layout-hunt/before/lists-tail-chat/C039-tables/cold-375/record.json,/Users/albin/Code/jori/dist/layout-hunt/LISTS_OCCURRENCES.json
LF-04,LF-04,confirmed,C039-tables,warm-1440,40,"Correct intended control state reached; all six PNGs and all native, retained/replaced rect and scroll candidates reviewed. No scroll movement. Long resource name saved successfully; first list row uses new name and updated timestamp. Existing neighboring table columns recalculate intrinsic widths; Edit draft clears during exit. Causes: [{'causeId': 'LF-02', 'variant': 'Successful long-name edit changes automatic table intrinsic widths', 'status': 'confirmed', 'sourcePaths': ['src/shared/console/list/frame.tsx', 'src/shared/console/materials/list.tsx'], 'fromTo': 'Tables desktop Columns x545.78→643.53,width123.78→109.30; mobile LastUpdated x211.33→304,width115.67→71.', 'nativeEvents': [{'action': 'C039-tables', 'at': 6932.800000011921, 'msAfterAction': 40, 'value': 0.00728879927019033, 'hadRecentInput': True, 'sources': [{'node': 'div#root > div:nth-of-type(1) > div[data-slot=""sidebar-wrapper""]:nth-of-type(1) > main[data-slot=""sidebar-inset""]:nth-of-type(1) > div:nth-of-type(1) > section:nth-of-type(1) > div:nth-of-type(1) > div[data-slot=""table-container""]:nth-of-type(1) > table[data-slot=""table""]:nth-of-type(1) > tbody[data-slot=""table-body""]:nth-of-type(1) > tr[data-slot=""table-row""]:nth-of-type(3) > td[data-slot=""table-cell""]:nth-of-type(7) ""Jori logoJori""', 'from': {'x': 1032.3, 'y': 169.5, 'width': 190.56, 'height': 41}, 'to': {'x': 1073.13, 'y': 169.5, 'width': 168.28, 'height': 41}}, {'node': 'div#root > div:nth-of-type(1) > div[data-slot=""sidebar-wrapper""]:nth-of-type(1) > main[data-slot=""sidebar-inset""]:nth-of-type(1) > div:nth-of-type(1) > section:nth-of-type(1) > div:nth-of-type(1) > div[data-slot=""table-container""]:nth-of-type(1) > table[data-slot=""table""]:nth-of-type(1) > tbody[data-slot=""table-body""]:nth-of-type(1) > tr[data-slot=""table-row""]:nth-of-type(2) > td[data-slot=""table-cell""]:nth-of-type(7) ""Jori logoJori""', 'from': {'x': 1032.3, 'y': 128.5, 'width': 190.56, 'height': 41}, 'to': {'x': 1073.13, 'y': 128.5, 'width': 168.28, 'height': 41}}, {'node': 'div#root > div:nth-of-type(1) > div[data-slot=""sidebar-wrapper""]:nth-of-type(1) > main[data-slot=""sidebar-inset""]:nth-of-type(1) > div:nth-of-type(1) > section:nth-of-type(1) > div:nth-of-type(1) > div[data-slot=""table-container""]:nth-of-type(1) > table[data-slot=""table""]:nth-of-type(1) > tbody[data-slot=""table-body""]:nth-of-type(1) > tr[data-slot=""table-row""]:nth-of-type(3) > td[data-slot=""table-cell""]:nth-of-type(3) ""44 columns""', 'from': {'x': 545.78, 'y': 169.5, 'width': 123.78, 'height': 41}, 'to': {'x': 643.53, 'y': 169.5, 'width': 109.3, 'height': 41}}, {'node': 'div#root > div:nth-of-type(1) > div[data-slot=""sidebar-wrapper""]:nth-of-type(1) > main[data-slot=""sidebar-inset""]:nth-of-type(1) > div:nth-of-type(1) > section:nth-of-type(1) > div:nth-of-type(1) > div[data-slot=""table-container""]:nth-of-type(1) > table[data-slot=""table""]:nth-of-type(1) > tbody[data-slot=""table-body""]:nth-of-type(1) > tr[data-slot=""table-row""]:nth-of-type(2) > td[data-slot=""table-cell""]:nth-of-type(3) ""44 columns""', 'from': {'x': 545.78, 'y': 128.5, 'width': 123.78, 'height': 41}, 'to': {'x': 643.53, 'y': 128.5, 'width': 109.3, 'height': 41}}, {'node': 'div#root > div:nth-of-type(1) > div[data-slot=""sidebar-wrapper""]:nth-of-type(1) > main[data-slot=""sidebar-inset""]:nth-of-type(1) > div:nth-of-type(1) > section:nth-of-type(1) > div:nth-of-type(1) > div[data-slot=""table-container""]:nth-of-type(1) > table[data-slot=""table""]:nth-of-type(1) > tbody[data-slot=""table-body""]:nth-of-type(1) > tr[data-slot=""table-row""]:nth-of-type(1) > td[data-slot=""table-cell""]:nth-of-type(7) ""MLMaya Lund""', 'from': {'x': 1032.3, 'y': 88, 'width': 190.56, 'height': 40.5}, 'to': {'x': 1073.13, 'y': 88, 'width': 168.28, 'height': 40.5}}]}], 'pngPairs': [{'before': '/Users/albin/Code/jori/dist/layout-hunt/before/lists-tail-chat/C039-tables/warm-1440/before.png', 'first': {'elapsed': 44, 'screenshotElapsed': 82, 'screenshot': '/Users/albin/Code/jori/dist/layout-hunt/before/lists-tail-chat/C039-tables/warm-1440/0.png'}, '250': {'elapsed': 281, 'screenshotElapsed': 302, 'screenshot': '/Users/albin/Code/jori/dist/layout-hunt/before/lists-tail-chat/C039-tables/warm-1440/250.png'}, 'settled': {'elapsed': 3082, 'screenshotElapsed': 3082, 'screenshot': '/Users/albin/Code/jori/dist/layout-hunt/before/lists-tail-chat/C039-tables/warm-1440/settled.png'}}]}, {'causeId': 'LF-04', 'variant': 'Successful rename clears existing draft before exit', 'status': 'confirmed', 'sourcePaths': ['src/shared/console/materials/dialogs/edit.tsx'], 'fromTo': 'Existing Name input contains submitted long name before Save and is blank while closing. Outer height retained; raw field-content flash not native CLS.', 'pngPairs': [{'before': '/Users/albin/Code/jori/dist/layout-hunt/before/lists-tail-chat/C039-tables/warm-1440/before.png', 'first': {'elapsed': 44, 'screenshotElapsed': 82, 'screenshot': '/Users/albin/Code/jori/dist/layout-hunt/before/lists-tail-chat/C039-tables/warm-1440/0.png'}, '250': {'elapsed': 281, 'screenshotElapsed': 302, 'screenshot': '/Users/albin/Code/jori/dist/layout-hunt/before/lists-tail-chat/C039-tables/warm-1440/250.png'}, 'settled': {'elapsed': 3082, 'screenshotElapsed': 3082, 'screenshot': '/Users/albin/Code/jori/dist/layout-hunt/before/lists-tail-chat/C039-tables/warm-1440/settled.png'}}]}] Limits: []",/Users/albin/Code/jori/dist/layout-hunt/before/lists-tail-chat/C039-tables/warm-1440/before.png,/Users/albin/Code/jori/dist/layout-hunt/before/lists-tail-chat/C039-tables/warm-1440/0.png,/Users/albin/Code/jori/dist/layout-hunt/before/lists-tail-chat/C039-tables/warm-1440/record.json,/Users/albin/Code/jori/dist/layout-hunt/LISTS_OCCURRENCES.json
LF-04,LF-04,confirmed,C039-tables,warm-375,61,"Correct intended control state reached; all six PNGs and all native, retained/replaced rect and scroll candidates reviewed. No scroll movement. Long resource name saved successfully; first list row uses new name and updated timestamp. Existing neighboring table columns recalculate intrinsic widths; Edit draft clears during exit. Causes: [{'causeId': 'LF-02', 'variant': 'Successful long-name edit changes automatic table intrinsic widths', 'status': 'confirmed', 'sourcePaths': ['src/shared/console/list/frame.tsx', 'src/shared/console/materials/list.tsx'], 'fromTo': 'Tables desktop Columns x545.78→643.53,width123.78→109.30; mobile LastUpdated x211.33→304,width115.67→71.', 'nativeEvents': [{'action': 'C039-tables', 'at': 6820.400000035763, 'msAfterAction': 61, 'value': 0.010846872042514985, 'hadRecentInput': True, 'sources': [{'node': 'div#root > div:nth-of-type(1) > div[data-slot=""sidebar-wrapper""]:nth-of-type(1) > main[data-slot=""sidebar-inset""]:nth-of-type(1) > div:nth-of-type(1) > section:nth-of-type(1) > div:nth-of-type(1) > div[data-slot=""table-container""]:nth-of-type(1) > table[data-slot=""table""]:nth-of-type(1) > tbody[data-slot=""table-body""]:nth-of-type(1) > tr[data-slot=""table-row""]:nth-of-type(2) > td[data-slot=""table-cell""]:nth-of-type(8) ""Yesterday""', 'from': {'x': 211.33, 'y': 128.5, 'width': 115.67, 'height': 41}, 'to': {'x': 304, 'y': 128.5, 'width': 71, 'height': 41}}, {'node': 'div#root > div:nth-of-type(1) > div[data-slot=""sidebar-wrapper""]:nth-of-type(1) > main[data-slot=""sidebar-inset""]:nth-of-type(1) > div:nth-of-type(1) > section:nth-of-type(1) > div:nth-of-type(1) > div[data-slot=""table-container""]:nth-of-type(1) > table[data-slot=""table""]:nth-of-type(1) > tbody[data-slot=""table-body""]:nth-of-type(1) > tr[data-slot=""table-row""]:nth-of-type(3) > td[data-slot=""table-cell""]:nth-of-type(8) ""2d ago""', 'from': {'x': 211.33, 'y': 169.5, 'width': 115.67, 'height': 41}, 'to': {'x': 304, 'y': 169.5, 'width': 71, 'height': 41}}, {'node': 'div#root > div:nth-of-type(1) > div[data-slot=""sidebar-wrapper""]:nth-of-type(1) > main[data-slot=""sidebar-inset""]:nth-of-type(1) > div:nth-of-type(1) > section:nth-of-type(1) > div:nth-of-type(1) > div[data-slot=""table-container""]:nth-of-type(1) > table[data-slot=""table""]:nth-of-type(1) > tbody[data-slot=""table-body""]:nth-of-type(1) > tr[data-slot=""table-row""]:nth-of-type(1) > td[data-slot=""table-cell""]:nth-of-type(8) ""in under a minute""', 'from': {'x': 211.33, 'y': 88, 'width': 115.67, 'height': 40.5}, 'to': {'x': 304, 'y': 88, 'width': 71, 'height': 40.5}}, {'node': 'div#root > div:nth-of-type(1) > div[data-slot=""sidebar-wrapper""]:nth-of-type(1) > main[data-slot=""sidebar-inset""]:nth-of-type(1) > div:nth-of-type(1) > section:nth-of-type(1) > div:nth-of-type(1) > div[data-slot=""table-container""]:nth-of-type(1) > table[data-slot=""table""]:nth-of-type(1) > tbody[data-slot=""table-body""]:nth-of-type(1) > tr[data-slot=""table-row""]:nth-of-type(4) > td[data-slot=""table-cell""]:nth-of-type(8) ""Yesterday""', 'from': {'x': 211.33, 'y': 210.5, 'width': 115.67, 'height': 40.5}, 'to': {'x': 304, 'y': 210.5, 'width': 71, 'height': 40.5}}, {'node': 'main[data-slot=""sidebar-inset""]:nth-of-type(1) > div:nth-of-type(1) > section:nth-of-type(1) > div:nth-of-type(1) > div[data-slot=""table-container""]:nth-of-type(1) > table[data-slot=""table""]:nth-of-type(1) > tbody[data-slot=""table-body""]:nth-of-type(1) > tr[data-slot=""table-row""]:nth-of-type(1) > td[data-slot=""table-cell""]:nth-of-type(2) > div:nth-of-type(1) > span[data-slot=""tooltip-trigger""]:nth-of-type(1) > svg:nth-of-type(1) """"', 'from': {'x': 180.63, 'y': 100, 'width': 16, 'height': 16}, 'to': {'x': 280, 'y': 100, 'width': 16, 'height': 16}}]}], 'pngPairs': [{'before': '/Users/albin/Code/jori/dist/layout-hunt/before/lists-tail-chat/C039-tables/warm-375/before.png', 'first': {'elapsed': 13, 'screenshotElapsed': 33, 'screenshot': '/Users/albin/Code/jori/dist/layout-hunt/before/lists-tail-chat/C039-tables/warm-375/0.png'}, '250': {'elapsed': 258, 'screenshotElapsed': 265, 'screenshot': '/Users/albin/Code/jori/dist/layout-hunt/before/lists-tail-chat/C039-tables/warm-375/250.png'}, 'settled': {'elapsed': 3044, 'screenshotElapsed': 3044, 'screenshot': '/Users/albin/Code/jori/dist/layout-hunt/before/lists-tail-chat/C039-tables/warm-375/settled.png'}}]}, {'causeId': 'LF-04', 'variant': 'Successful rename clears existing draft before exit', 'status': 'confirmed', 'sourcePaths': ['src/shared/console/materials/dialogs/edit.tsx'], 'fromTo': 'Existing Name input contains submitted long name before Save and is blank while closing. Outer height retained; raw field-content flash not native CLS.', 'pngPairs': [{'before': '/Users/albin/Code/jori/dist/layout-hunt/before/lists-tail-chat/C039-tables/warm-375/before.png', 'first': {'elapsed': 13, 'screenshotElapsed': 33, 'screenshot': '/Users/albin/Code/jori/dist/layout-hunt/before/lists-tail-chat/C039-tables/warm-375/0.png'}, '250': {'elapsed': 258, 'screenshotElapsed': 265, 'screenshot': '/Users/albin/Code/jori/dist/layout-hunt/before/lists-tail-chat/C039-tables/warm-375/250.png'}, 'settled': {'elapsed': 3044, 'screenshotElapsed': 3044, 'screenshot': '/Users/albin/Code/jori/dist/layout-hunt/before/lists-tail-chat/C039-tables/warm-375/settled.png'}}]}] Limits: []",/Users/albin/Code/jori/dist/layout-hunt/before/lists-tail-chat/C039-tables/warm-375/before.png,/Users/albin/Code/jori/dist/layout-hunt/before/lists-tail-chat/C039-tables/warm-375/0.png,/Users/albin/Code/jori/dist/layout-hunt/before/lists-tail-chat/C039-tables/warm-375/record.json,/Users/albin/Code/jori/dist/layout-hunt/LISTS_OCCURRENCES.json
LF-05,LF-05,question,C002-forward,cold-1440,,LF-05 lazy page blanks header during reserved content loading,/Users/albin/Code/jori/dist/layout-hunt/before/lists/C002-forward/cold-1440/before.png,/Users/albin/Code/jori/dist/layout-hunt/before/lists/C002-forward/cold-1440/0.png,/Users/albin/Code/jori/dist/layout-hunt/before/lists/C002-forward/cold-1440/record.json,/Users/albin/Code/jori/dist/layout-hunt/LISTS_OCCURRENCES.json
LF-05,LF-05,question,C002-forward,cold-375,,LF-05 lazy page blanks header during reserved content loading,/Users/albin/Code/jori/dist/layout-hunt/before/lists/C002-forward/cold-375/before.png,/Users/albin/Code/jori/dist/layout-hunt/before/lists/C002-forward/cold-375/0.png,/Users/albin/Code/jori/dist/layout-hunt/before/lists/C002-forward/cold-375/record.json,/Users/albin/Code/jori/dist/layout-hunt/LISTS_OCCURRENCES.json
LF-05,LF-05,question,C002-forward,warm-1440,,LF-05 lazy page blanks header during reserved content loading,/Users/albin/Code/jori/dist/layout-hunt/before/lists/C002-forward/warm-1440/before.png,/Users/albin/Code/jori/dist/layout-hunt/before/lists/C002-forward/warm-1440/0.png,/Users/albin/Code/jori/dist/layout-hunt/before/lists/C002-forward/warm-1440/record.json,/Users/albin/Code/jori/dist/layout-hunt/LISTS_OCCURRENCES.json
LF-05,LF-05,question,C002-forward,warm-375,,LF-05 lazy page blanks header during reserved content loading,/Users/albin/Code/jori/dist/layout-hunt/before/lists/C002-forward/warm-375/before.png,/Users/albin/Code/jori/dist/layout-hunt/before/lists/C002-forward/warm-375/0.png,/Users/albin/Code/jori/dist/layout-hunt/before/lists/C002-forward/warm-375/record.json,/Users/albin/Code/jori/dist/layout-hunt/LISTS_OCCURRENCES.json
LF-05,LF-05,question,C003-forward,cold-1440,1347,LF-05 header loading question; LF-06 native gutter estimate correction pending focused visibility check,/Users/albin/Code/jori/dist/layout-hunt/before/lists/C003-forward/cold-1440/before.png,/Users/albin/Code/jori/dist/layout-hunt/before/lists/C003-forward/cold-1440/0.png,/Users/albin/Code/jori/dist/layout-hunt/before/lists/C003-forward/cold-1440/record.json,/Users/albin/Code/jori/dist/layout-hunt/LISTS_OCCURRENCES.json
LF-05,LF-05,question,C003-forward,cold-375,1327,LF-05 header loading question; LF-06 native gutter estimate correction pending focused visibility check,/Users/albin/Code/jori/dist/layout-hunt/before/lists/C003-forward/cold-375/before.png,/Users/albin/Code/jori/dist/layout-hunt/before/lists/C003-forward/cold-375/0.png,/Users/albin/Code/jori/dist/layout-hunt/before/lists/C003-forward/cold-375/record.json,/Users/albin/Code/jori/dist/layout-hunt/LISTS_OCCURRENCES.json
LF-05,LF-05,question,C003-forward,warm-1440,674,LF-05 header loading question; LF-06 native gutter estimate correction pending focused visibility check,/Users/albin/Code/jori/dist/layout-hunt/before/lists/C003-forward/warm-1440/before.png,/Users/albin/Code/jori/dist/layout-hunt/before/lists/C003-forward/warm-1440/0.png,/Users/albin/Code/jori/dist/layout-hunt/before/lists/C003-forward/warm-1440/record.json,/Users/albin/Code/jori/dist/layout-hunt/LISTS_OCCURRENCES.json
LF-05,LF-05,question,C003-forward,warm-375,653,LF-05 header loading question; LF-06 native gutter estimate correction pending focused visibility check,/Users/albin/Code/jori/dist/layout-hunt/before/lists/C003-forward/warm-375/before.png,/Users/albin/Code/jori/dist/layout-hunt/before/lists/C003-forward/warm-375/0.png,/Users/albin/Code/jori/dist/layout-hunt/before/lists/C003-forward/warm-375/record.json,/Users/albin/Code/jori/dist/layout-hunt/LISTS_OCCURRENCES.json
LF-05,LF-05,question,C004-forward,cold-1440,,LF-05 reserved-header loading question; fixed main/header regions; no existing-node movement or scroll delta,/Users/albin/Code/jori/dist/layout-hunt/before/lists/C004-forward/cold-1440/before.png,/Users/albin/Code/jori/dist/layout-hunt/before/lists/C004-forward/cold-1440/0.png,/Users/albin/Code/jori/dist/layout-hunt/before/lists/C004-forward/cold-1440/record.json,/Users/albin/Code/jori/dist/layout-hunt/LISTS_OCCURRENCES.json
LF-05,LF-05,question,C004-forward,cold-375,,LF-05 reserved-header loading question; fixed main/header regions; no existing-node movement or scroll delta,/Users/albin/Code/jori/dist/layout-hunt/before/lists/C004-forward/cold-375/before.png,/Users/albin/Code/jori/dist/layout-hunt/before/lists/C004-forward/cold-375/0.png,/Users/albin/Code/jori/dist/layout-hunt/before/lists/C004-forward/cold-375/record.json,/Users/albin/Code/jori/dist/layout-hunt/LISTS_OCCURRENCES.json
LF-05,LF-05,question,C004-forward,warm-1440,,LF-05 reserved-header loading question; fixed main/header regions; no existing-node movement or scroll delta,/Users/albin/Code/jori/dist/layout-hunt/before/lists/C004-forward/warm-1440/before.png,/Users/albin/Code/jori/dist/layout-hunt/before/lists/C004-forward/warm-1440/0.png,/Users/albin/Code/jori/dist/layout-hunt/before/lists/C004-forward/warm-1440/record.json,/Users/albin/Code/jori/dist/layout-hunt/LISTS_OCCURRENCES.json
LF-05,LF-05,question,C004-forward,warm-375,,LF-05 reserved-header loading question; fixed main/header regions; no existing-node movement or scroll delta,/Users/albin/Code/jori/dist/layout-hunt/before/lists/C004-forward/warm-375/before.png,/Users/albin/Code/jori/dist/layout-hunt/before/lists/C004-forward/warm-375/0.png,/Users/albin/Code/jori/dist/layout-hunt/before/lists/C004-forward/warm-375/record.json,/Users/albin/Code/jori/dist/layout-hunt/LISTS_OCCURRENCES.json
LF-06,LF-06,candidate,C003-forward,cold-1440,1347,LF-05 header loading question; LF-06 native gutter estimate correction pending focused visibility check,/Users/albin/Code/jori/dist/layout-hunt/before/lists/C003-forward/cold-1440/before.png,/Users/albin/Code/jori/dist/layout-hunt/before/lists/C003-forward/cold-1440/0.png,/Users/albin/Code/jori/dist/layout-hunt/before/lists/C003-forward/cold-1440/record.json,/Users/albin/Code/jori/dist/layout-hunt/LISTS_OCCURRENCES.json
LF-06,LF-06,candidate,C003-forward,cold-375,1327,LF-05 header loading question; LF-06 native gutter estimate correction pending focused visibility check,/Users/albin/Code/jori/dist/layout-hunt/before/lists/C003-forward/cold-375/before.png,/Users/albin/Code/jori/dist/layout-hunt/before/lists/C003-forward/cold-375/0.png,/Users/albin/Code/jori/dist/layout-hunt/before/lists/C003-forward/cold-375/record.json,/Users/albin/Code/jori/dist/layout-hunt/LISTS_OCCURRENCES.json
LF-06,LF-06,candidate,C003-forward,warm-1440,674,LF-05 header loading question; LF-06 native gutter estimate correction pending focused visibility check,/Users/albin/Code/jori/dist/layout-hunt/before/lists/C003-forward/warm-1440/before.png,/Users/albin/Code/jori/dist/layout-hunt/before/lists/C003-forward/warm-1440/0.png,/Users/albin/Code/jori/dist/layout-hunt/before/lists/C003-forward/warm-1440/record.json,/Users/albin/Code/jori/dist/layout-hunt/LISTS_OCCURRENCES.json
LF-06,LF-06,candidate,C003-forward,warm-375,653,LF-05 header loading question; LF-06 native gutter estimate correction pending focused visibility check,/Users/albin/Code/jori/dist/layout-hunt/before/lists/C003-forward/warm-375/before.png,/Users/albin/Code/jori/dist/layout-hunt/before/lists/C003-forward/warm-375/0.png,/Users/albin/Code/jori/dist/layout-hunt/before/lists/C003-forward/warm-375/record.json,/Users/albin/Code/jori/dist/layout-hunt/LISTS_OCCURRENCES.json
LF-06,LF-06,candidate,C079-code,cold-1440,771,"Reviewed; LF06 native gutter 14px initial line offsets become 19.5px in all4; screenshots capture loader then correct editor, no wrong-metrics raster pair yet; reserved editor region and shell stable",/Users/albin/Code/jori/dist/layout-hunt/before/lists-v2/C079-code/cold-1440/before.png,/Users/albin/Code/jori/dist/layout-hunt/before/lists-v2/C079-code/cold-1440/0.png,/Users/albin/Code/jori/dist/layout-hunt/before/lists-v2/C079-code/cold-1440/record.json,/Users/albin/Code/jori/dist/layout-hunt/LISTS_OCCURRENCES.json
LF-06,LF-06,candidate,C079-code,cold-375,750,"Reviewed; LF06 native gutter 14px initial line offsets become 19.5px in all4; screenshots capture loader then correct editor, no wrong-metrics raster pair yet; reserved editor region and shell stable",/Users/albin/Code/jori/dist/layout-hunt/before/lists-v2/C079-code/cold-375/before.png,/Users/albin/Code/jori/dist/layout-hunt/before/lists-v2/C079-code/cold-375/0.png,/Users/albin/Code/jori/dist/layout-hunt/before/lists-v2/C079-code/cold-375/record.json,/Users/albin/Code/jori/dist/layout-hunt/LISTS_OCCURRENCES.json
LF-06,LF-06,candidate,C079-code,warm-1440,350,"Reviewed; LF06 native gutter 14px initial line offsets become 19.5px in all4; screenshots capture loader then correct editor, no wrong-metrics raster pair yet; reserved editor region and shell stable",/Users/albin/Code/jori/dist/layout-hunt/before/lists-v2/C079-code/warm-1440/before.png,/Users/albin/Code/jori/dist/layout-hunt/before/lists-v2/C079-code/warm-1440/0.png,/Users/albin/Code/jori/dist/layout-hunt/before/lists-v2/C079-code/warm-1440/record.json,/Users/albin/Code/jori/dist/layout-hunt/LISTS_OCCURRENCES.json
LF-06,LF-06,candidate,C079-code,warm-375,348,"Reviewed; LF06 native gutter 14px initial line offsets become 19.5px in all4; screenshots capture loader then correct editor, no wrong-metrics raster pair yet; reserved editor region and shell stable",/Users/albin/Code/jori/dist/layout-hunt/before/lists-v2/C079-code/warm-375/before.png,/Users/albin/Code/jori/dist/layout-hunt/before/lists-v2/C079-code/warm-375/0.png,/Users/albin/Code/jori/dist/layout-hunt/before/lists-v2/C079-code/warm-375/record.json,/Users/albin/Code/jori/dist/layout-hunt/LISTS_OCCURRENCES.json
LF-08,LF-08,confirmed,C042-table-error,cold-1440,56,"LF-08 / CF-01 FieldError insertion adds27.5px and recenters/resizes dialog, all4profiles.",/Users/albin/Code/jori/dist/layout-hunt/before/lists/C042-table-error/cold-1440/before.png,/Users/albin/Code/jori/dist/layout-hunt/before/lists/C042-table-error/cold-1440/0.png,/Users/albin/Code/jori/dist/layout-hunt/before/lists/C042-table-error/cold-1440/record.json,/Users/albin/Code/jori/dist/layout-hunt/LISTS_OCCURRENCES.json
LF-08,LF-08,confirmed,C042-table-error,cold-375,67,"LF-08 / CF-01 FieldError insertion adds27.5px and recenters/resizes dialog, all4profiles.",/Users/albin/Code/jori/dist/layout-hunt/before/lists/C042-table-error/cold-375/before.png,/Users/albin/Code/jori/dist/layout-hunt/before/lists/C042-table-error/cold-375/0.png,/Users/albin/Code/jori/dist/layout-hunt/before/lists/C042-table-error/cold-375/record.json,/Users/albin/Code/jori/dist/layout-hunt/LISTS_OCCURRENCES.json
LF-08,LF-08,confirmed,C042-table-error,warm-1440,34,"LF-08 / CF-01 FieldError insertion adds27.5px and recenters/resizes dialog, all4profiles.",/Users/albin/Code/jori/dist/layout-hunt/before/lists/C042-table-error/warm-1440/before.png,/Users/albin/Code/jori/dist/layout-hunt/before/lists/C042-table-error/warm-1440/0.png,/Users/albin/Code/jori/dist/layout-hunt/before/lists/C042-table-error/warm-1440/record.json,/Users/albin/Code/jori/dist/layout-hunt/LISTS_OCCURRENCES.json
LF-08,LF-08,confirmed,C042-table-error,warm-375,39,"LF-08 / CF-01 FieldError insertion adds27.5px and recenters/resizes dialog, all4profiles.",/Users/albin/Code/jori/dist/layout-hunt/before/lists/C042-table-error/warm-375/before.png,/Users/albin/Code/jori/dist/layout-hunt/before/lists/C042-table-error/warm-375/0.png,/Users/albin/Code/jori/dist/layout-hunt/before/lists/C042-table-error/warm-375/record.json,/Users/albin/Code/jori/dist/layout-hunt/LISTS_OCCURRENCES.json
LF-08,LF-08,confirmed,C042-table-clear,cold-1440,123,Immediate direct-typing validation removal reverses27.5px LF-08; no delayed geometry/scroll.,/Users/albin/Code/jori/dist/layout-hunt/before/lists/C042-table-clear/cold-1440/before.png,/Users/albin/Code/jori/dist/layout-hunt/before/lists/C042-table-clear/cold-1440/0.png,/Users/albin/Code/jori/dist/layout-hunt/before/lists/C042-table-clear/cold-1440/record.json,/Users/albin/Code/jori/dist/layout-hunt/LISTS_OCCURRENCES.json
LF-08,LF-08,confirmed,C042-table-clear,cold-375,43,Immediate direct-typing validation removal reverses27.5px LF-08; no delayed geometry/scroll.,/Users/albin/Code/jori/dist/layout-hunt/before/lists/C042-table-clear/cold-375/before.png,/Users/albin/Code/jori/dist/layout-hunt/before/lists/C042-table-clear/cold-375/0.png,/Users/albin/Code/jori/dist/layout-hunt/before/lists/C042-table-clear/cold-375/record.json,/Users/albin/Code/jori/dist/layout-hunt/LISTS_OCCURRENCES.json
LF-08,LF-08,confirmed,C042-table-clear,warm-1440,35,Immediate direct-typing validation removal reverses27.5px LF-08; no delayed geometry/scroll.,/Users/albin/Code/jori/dist/layout-hunt/before/lists/C042-table-clear/warm-1440/before.png,/Users/albin/Code/jori/dist/layout-hunt/before/lists/C042-table-clear/warm-1440/0.png,/Users/albin/Code/jori/dist/layout-hunt/before/lists/C042-table-clear/warm-1440/record.json,/Users/albin/Code/jori/dist/layout-hunt/LISTS_OCCURRENCES.json
LF-08,LF-08,confirmed,C042-table-clear,warm-375,24,Immediate direct-typing validation removal reverses27.5px LF-08; no delayed geometry/scroll.,/Users/albin/Code/jori/dist/layout-hunt/before/lists/C042-table-clear/warm-375/before.png,/Users/albin/Code/jori/dist/layout-hunt/before/lists/C042-table-clear/warm-375/0.png,/Users/albin/Code/jori/dist/layout-hunt/before/lists/C042-table-clear/warm-375/record.json,/Users/albin/Code/jori/dist/layout-hunt/LISTS_OCCURRENCES.json
LF-08,LF-08,confirmed,C042-store-error,cold-1440,60,"LF-08 / CF-01 FieldError adds27.5px, existing dialog recenters and drawer grows.",/Users/albin/Code/jori/dist/layout-hunt/before/lists/C042-store-error/cold-1440/before.png,/Users/albin/Code/jori/dist/layout-hunt/before/lists/C042-store-error/cold-1440/0.png,/Users/albin/Code/jori/dist/layout-hunt/before/lists/C042-store-error/cold-1440/record.json,/Users/albin/Code/jori/dist/layout-hunt/LISTS_OCCURRENCES.json
LF-08,LF-08,confirmed,C042-store-error,cold-375,55,"LF-08 / CF-01 FieldError adds27.5px, existing dialog recenters and drawer grows.",/Users/albin/Code/jori/dist/layout-hunt/before/lists/C042-store-error/cold-375/before.png,/Users/albin/Code/jori/dist/layout-hunt/before/lists/C042-store-error/cold-375/0.png,/Users/albin/Code/jori/dist/layout-hunt/before/lists/C042-store-error/cold-375/record.json,/Users/albin/Code/jori/dist/layout-hunt/LISTS_OCCURRENCES.json
LF-08,LF-08,confirmed,C042-store-error,warm-1440,33,"LF-08 / CF-01 FieldError adds27.5px, existing dialog recenters and drawer grows.",/Users/albin/Code/jori/dist/layout-hunt/before/lists/C042-store-error/warm-1440/before.png,/Users/albin/Code/jori/dist/layout-hunt/before/lists/C042-store-error/warm-1440/0.png,/Users/albin/Code/jori/dist/layout-hunt/before/lists/C042-store-error/warm-1440/record.json,/Users/albin/Code/jori/dist/layout-hunt/LISTS_OCCURRENCES.json
LF-08,LF-08,confirmed,C042-store-error,warm-375,26,"LF-08 / CF-01 FieldError adds27.5px, existing dialog recenters and drawer grows.",/Users/albin/Code/jori/dist/layout-hunt/before/lists/C042-store-error/warm-375/before.png,/Users/albin/Code/jori/dist/layout-hunt/before/lists/C042-store-error/warm-375/0.png,/Users/albin/Code/jori/dist/layout-hunt/before/lists/C042-store-error/warm-375/record.json,/Users/albin/Code/jori/dist/layout-hunt/LISTS_OCCURRENCES.json
LF-09,LF-09,confirmed,C051-table,cold-1440,126,"LF-09 successful-create draft resets during visible exit, and LF-02 inserted long row expands automatic columns including narrow overflow. Stock overlay toast entrance.",/Users/albin/Code/jori/dist/layout-hunt/before/lists/C051-table/cold-1440/before.png,/Users/albin/Code/jori/dist/layout-hunt/before/lists/C051-table/cold-1440/0.png,/Users/albin/Code/jori/dist/layout-hunt/before/lists/C051-table/cold-1440/record.json,/Users/albin/Code/jori/dist/layout-hunt/LISTS_OCCURRENCES.json
LF-09,LF-09,confirmed,C051-table,cold-375,84,"LF-09 successful-create draft resets during visible exit, and LF-02 inserted long row expands automatic columns including narrow overflow. Stock overlay toast entrance.",/Users/albin/Code/jori/dist/layout-hunt/before/lists/C051-table/cold-375/before.png,/Users/albin/Code/jori/dist/layout-hunt/before/lists/C051-table/cold-375/0.png,/Users/albin/Code/jori/dist/layout-hunt/before/lists/C051-table/cold-375/record.json,/Users/albin/Code/jori/dist/layout-hunt/LISTS_OCCURRENCES.json
LF-09,LF-09,confirmed,C051-table,warm-1440,52,"LF-09 successful-create draft resets during visible exit, and LF-02 inserted long row expands automatic columns including narrow overflow. Stock overlay toast entrance.",/Users/albin/Code/jori/dist/layout-hunt/before/lists/C051-table/warm-1440/before.png,/Users/albin/Code/jori/dist/layout-hunt/before/lists/C051-table/warm-1440/0.png,/Users/albin/Code/jori/dist/layout-hunt/before/lists/C051-table/warm-1440/record.json,/Users/albin/Code/jori/dist/layout-hunt/LISTS_OCCURRENCES.json
LF-09,LF-09,confirmed,C051-table,warm-375,36,"LF-09 successful-create draft resets during visible exit, and LF-02 inserted long row expands automatic columns including narrow overflow. Stock overlay toast entrance.",/Users/albin/Code/jori/dist/layout-hunt/before/lists/C051-table/warm-375/before.png,/Users/albin/Code/jori/dist/layout-hunt/before/lists/C051-table/warm-375/0.png,/Users/albin/Code/jori/dist/layout-hunt/before/lists/C051-table/warm-375/record.json,/Users/albin/Code/jori/dist/layout-hunt/LISTS_OCCURRENCES.json
LF-09,LF-09,confirmed,C051-store,cold-1440,176,LF-09 create draft clears during warm exit; LF-02 new long row expands automatic columns all4profiles. Fixed overlay toast only declared entrance.,/Users/albin/Code/jori/dist/layout-hunt/before/lists/C051-store/cold-1440/before.png,/Users/albin/Code/jori/dist/layout-hunt/before/lists/C051-store/cold-1440/0.png,/Users/albin/Code/jori/dist/layout-hunt/before/lists/C051-store/cold-1440/record.json,/Users/albin/Code/jori/dist/layout-hunt/LISTS_OCCURRENCES.json
LF-09,LF-09,confirmed,C051-store,cold-375,131,LF-09 create draft clears during warm exit; LF-02 new long row expands automatic columns all4profiles. Fixed overlay toast only declared entrance.,/Users/albin/Code/jori/dist/layout-hunt/before/lists/C051-store/cold-375/before.png,/Users/albin/Code/jori/dist/layout-hunt/before/lists/C051-store/cold-375/0.png,/Users/albin/Code/jori/dist/layout-hunt/before/lists/C051-store/cold-375/record.json,/Users/albin/Code/jori/dist/layout-hunt/LISTS_OCCURRENCES.json
LF-09,LF-09,confirmed,C051-store,warm-1440,24,LF-09 create draft clears during warm exit; LF-02 new long row expands automatic columns all4profiles. Fixed overlay toast only declared entrance.,/Users/albin/Code/jori/dist/layout-hunt/before/lists/C051-store/warm-1440/before.png,/Users/albin/Code/jori/dist/layout-hunt/before/lists/C051-store/warm-1440/0.png,/Users/albin/Code/jori/dist/layout-hunt/before/lists/C051-store/warm-1440/record.json,/Users/albin/Code/jori/dist/layout-hunt/LISTS_OCCURRENCES.json
LF-09,LF-09,confirmed,C051-store,warm-375,39,LF-09 create draft clears during warm exit; LF-02 new long row expands automatic columns all4profiles. Fixed overlay toast only declared entrance.,/Users/albin/Code/jori/dist/layout-hunt/before/lists/C051-store/warm-375/before.png,/Users/albin/Code/jori/dist/layout-hunt/before/lists/C051-store/warm-375/0.png,/Users/albin/Code/jori/dist/layout-hunt/before/lists/C051-store/warm-375/record.json,/Users/albin/Code/jori/dist/layout-hunt/LISTS_OCCURRENCES.json
LF-10,LF-10,question,C045-people,cold-1440,80,"LF-10 VisibilityField inserts36px grantee picker, unanimated dialog recenter/drawer growth; motion question.",/Users/albin/Code/jori/dist/layout-hunt/before/lists/C045-people/cold-1440/before.png,/Users/albin/Code/jori/dist/layout-hunt/before/lists/C045-people/cold-1440/0.png,/Users/albin/Code/jori/dist/layout-hunt/before/lists/C045-people/cold-1440/record.json,/Users/albin/Code/jori/dist/layout-hunt/LISTS_OCCURRENCES.json
LF-10,LF-10,question,C045-people,cold-375,61,"LF-10 VisibilityField inserts36px grantee picker, unanimated dialog recenter/drawer growth; motion question.",/Users/albin/Code/jori/dist/layout-hunt/before/lists/C045-people/cold-375/before.png,/Users/albin/Code/jori/dist/layout-hunt/before/lists/C045-people/cold-375/0.png,/Users/albin/Code/jori/dist/layout-hunt/before/lists/C045-people/cold-375/record.json,/Users/albin/Code/jori/dist/layout-hunt/LISTS_OCCURRENCES.json
LF-10,LF-10,question,C045-people,warm-1440,38,"LF-10 VisibilityField inserts36px grantee picker, unanimated dialog recenter/drawer growth; motion question.",/Users/albin/Code/jori/dist/layout-hunt/before/lists/C045-people/warm-1440/before.png,/Users/albin/Code/jori/dist/layout-hunt/before/lists/C045-people/warm-1440/0.png,/Users/albin/Code/jori/dist/layout-hunt/before/lists/C045-people/warm-1440/record.json,/Users/albin/Code/jori/dist/layout-hunt/LISTS_OCCURRENCES.json
LF-10,LF-10,question,C045-people,warm-375,38,"LF-10 VisibilityField inserts36px grantee picker, unanimated dialog recenter/drawer growth; motion question.",/Users/albin/Code/jori/dist/layout-hunt/before/lists/C045-people/warm-375/before.png,/Users/albin/Code/jori/dist/layout-hunt/before/lists/C045-people/warm-375/0.png,/Users/albin/Code/jori/dist/layout-hunt/before/lists/C045-people/warm-375/record.json,/Users/albin/Code/jori/dist/layout-hunt/LISTS_OCCURRENCES.json
LF-10,LF-10,question,C045-people-return,cold-1440,57,"LF-10 removes36px grantee picker, unanimated dialog recenter/drawer shrink; motion question.",/Users/albin/Code/jori/dist/layout-hunt/before/lists/C045-people-return/cold-1440/before.png,/Users/albin/Code/jori/dist/layout-hunt/before/lists/C045-people-return/cold-1440/0.png,/Users/albin/Code/jori/dist/layout-hunt/before/lists/C045-people-return/cold-1440/record.json,/Users/albin/Code/jori/dist/layout-hunt/LISTS_OCCURRENCES.json
LF-10,LF-10,question,C045-people-return,cold-375,60,"LF-10 removes36px grantee picker, unanimated dialog recenter/drawer shrink; motion question.",/Users/albin/Code/jori/dist/layout-hunt/before/lists/C045-people-return/cold-375/before.png,/Users/albin/Code/jori/dist/layout-hunt/before/lists/C045-people-return/cold-375/0.png,/Users/albin/Code/jori/dist/layout-hunt/before/lists/C045-people-return/cold-375/record.json,/Users/albin/Code/jori/dist/layout-hunt/LISTS_OCCURRENCES.json
LF-10,LF-10,question,C045-people-return,warm-1440,63,"LF-10 removes36px grantee picker, unanimated dialog recenter/drawer shrink; motion question.",/Users/albin/Code/jori/dist/layout-hunt/before/lists/C045-people-return/warm-1440/before.png,/Users/albin/Code/jori/dist/layout-hunt/before/lists/C045-people-return/warm-1440/0.png,/Users/albin/Code/jori/dist/layout-hunt/before/lists/C045-people-return/warm-1440/record.json,/Users/albin/Code/jori/dist/layout-hunt/LISTS_OCCURRENCES.json
LF-10,LF-10,question,C045-people-return,warm-375,38,"LF-10 removes36px grantee picker, unanimated dialog recenter/drawer shrink; motion question.",/Users/albin/Code/jori/dist/layout-hunt/before/lists/C045-people-return/warm-375/before.png,/Users/albin/Code/jori/dist/layout-hunt/before/lists/C045-people-return/warm-375/0.png,/Users/albin/Code/jori/dist/layout-hunt/before/lists/C045-people-return/warm-375/record.json,/Users/albin/Code/jori/dist/layout-hunt/LISTS_OCCURRENCES.json
LF-10,LF-10,question,C045-teams,cold-1440,73,"LF-10 VisibilityField inserts36px team picker, unanimated dialog recenter/drawer growth; motion question.",/Users/albin/Code/jori/dist/layout-hunt/before/lists/C045-teams/cold-1440/before.png,/Users/albin/Code/jori/dist/layout-hunt/before/lists/C045-teams/cold-1440/0.png,/Users/albin/Code/jori/dist/layout-hunt/before/lists/C045-teams/cold-1440/record.json,/Users/albin/Code/jori/dist/layout-hunt/LISTS_OCCURRENCES.json
LF-10,LF-10,question,C045-teams,cold-375,57,"LF-10 VisibilityField inserts36px team picker, unanimated dialog recenter/drawer growth; motion question.",/Users/albin/Code/jori/dist/layout-hunt/before/lists/C045-teams/cold-375/before.png,/Users/albin/Code/jori/dist/layout-hunt/before/lists/C045-teams/cold-375/0.png,/Users/albin/Code/jori/dist/layout-hunt/before/lists/C045-teams/cold-375/record.json,/Users/albin/Code/jori/dist/layout-hunt/LISTS_OCCURRENCES.json
LF-10,LF-10,question,C045-teams,warm-1440,104,"LF-10 VisibilityField inserts36px team picker, unanimated dialog recenter/drawer growth; motion question.",/Users/albin/Code/jori/dist/layout-hunt/before/lists/C045-teams/warm-1440/before.png,/Users/albin/Code/jori/dist/layout-hunt/before/lists/C045-teams/warm-1440/0.png,/Users/albin/Code/jori/dist/layout-hunt/before/lists/C045-teams/warm-1440/record.json,/Users/albin/Code/jori/dist/layout-hunt/LISTS_OCCURRENCES.json
LF-10,LF-10,question,C045-teams,warm-375,32,"LF-10 VisibilityField inserts36px team picker, unanimated dialog recenter/drawer growth; motion question.",/Users/albin/Code/jori/dist/layout-hunt/before/lists/C045-teams/warm-375/before.png,/Users/albin/Code/jori/dist/layout-hunt/before/lists/C045-teams/warm-375/0.png,/Users/albin/Code/jori/dist/layout-hunt/before/lists/C045-teams/warm-375/record.json,/Users/albin/Code/jori/dist/layout-hunt/LISTS_OCCURRENCES.json
LF-10,LF-10,question,C045-teams-return,cold-1440,57,"LF-10 removes36px team picker, unanimated dialog recenter/drawer shrink; motion question.",/Users/albin/Code/jori/dist/layout-hunt/before/lists/C045-teams-return/cold-1440/before.png,/Users/albin/Code/jori/dist/layout-hunt/before/lists/C045-teams-return/cold-1440/0.png,/Users/albin/Code/jori/dist/layout-hunt/before/lists/C045-teams-return/cold-1440/record.json,/Users/albin/Code/jori/dist/layout-hunt/LISTS_OCCURRENCES.json
LF-10,LF-10,question,C045-teams-return,cold-375,76,"LF-10 removes36px team picker, unanimated dialog recenter/drawer shrink; motion question.",/Users/albin/Code/jori/dist/layout-hunt/before/lists/C045-teams-return/cold-375/before.png,/Users/albin/Code/jori/dist/layout-hunt/before/lists/C045-teams-return/cold-375/0.png,/Users/albin/Code/jori/dist/layout-hunt/before/lists/C045-teams-return/cold-375/record.json,/Users/albin/Code/jori/dist/layout-hunt/LISTS_OCCURRENCES.json
LF-10,LF-10,question,C045-teams-return,warm-1440,28,"LF-10 removes36px team picker, unanimated dialog recenter/drawer shrink; motion question.",/Users/albin/Code/jori/dist/layout-hunt/before/lists/C045-teams-return/warm-1440/before.png,/Users/albin/Code/jori/dist/layout-hunt/before/lists/C045-teams-return/warm-1440/0.png,/Users/albin/Code/jori/dist/layout-hunt/before/lists/C045-teams-return/warm-1440/record.json,/Users/albin/Code/jori/dist/layout-hunt/LISTS_OCCURRENCES.json
LF-10,LF-10,question,C045-teams-return,warm-375,30,"LF-10 removes36px team picker, unanimated dialog recenter/drawer shrink; motion question.",/Users/albin/Code/jori/dist/layout-hunt/before/lists/C045-teams-return/warm-375/before.png,/Users/albin/Code/jori/dist/layout-hunt/before/lists/C045-teams-return/warm-375/0.png,/Users/albin/Code/jori/dist/layout-hunt/before/lists/C045-teams-return/warm-375/record.json,/Users/albin/Code/jori/dist/layout-hunt/LISTS_OCCURRENCES.json
LF-11,LF-11,question,C062-tab,cold-1440,,LF11 motion question: narrow autofocus scrollLeft0→120 on requested keyboard advance; desktop stable cells. Warm narrow scroll occurs between first and250ms PNG.,/Users/albin/Code/jori/dist/layout-hunt/before/lists/C062-tab/cold-1440/before.png,/Users/albin/Code/jori/dist/layout-hunt/before/lists/C062-tab/cold-1440/0.png,/Users/albin/Code/jori/dist/layout-hunt/before/lists/C062-tab/cold-1440/record.json,/Users/albin/Code/jori/dist/layout-hunt/LISTS_OCCURRENCES.json
LF-11,LF-11,question,C062-tab,cold-375,,LF11 motion question: narrow autofocus scrollLeft0→120 on requested keyboard advance; desktop stable cells. Warm narrow scroll occurs between first and250ms PNG.,/Users/albin/Code/jori/dist/layout-hunt/before/lists/C062-tab/cold-375/before.png,/Users/albin/Code/jori/dist/layout-hunt/before/lists/C062-tab/cold-375/0.png,/Users/albin/Code/jori/dist/layout-hunt/before/lists/C062-tab/cold-375/record.json,/Users/albin/Code/jori/dist/layout-hunt/LISTS_OCCURRENCES.json
LF-11,LF-11,question,C062-tab,warm-1440,,LF11 motion question: narrow autofocus scrollLeft0→120 on requested keyboard advance; desktop stable cells. Warm narrow scroll occurs between first and250ms PNG.,/Users/albin/Code/jori/dist/layout-hunt/before/lists/C062-tab/warm-1440/before.png,/Users/albin/Code/jori/dist/layout-hunt/before/lists/C062-tab/warm-1440/0.png,/Users/albin/Code/jori/dist/layout-hunt/before/lists/C062-tab/warm-1440/record.json,/Users/albin/Code/jori/dist/layout-hunt/LISTS_OCCURRENCES.json
LF-11,LF-11,question,C062-tab,warm-375,,LF11 motion question: narrow autofocus scrollLeft0→120 on requested keyboard advance; desktop stable cells. Warm narrow scroll occurs between first and250ms PNG.,/Users/albin/Code/jori/dist/layout-hunt/before/lists/C062-tab/warm-375/before.png,/Users/albin/Code/jori/dist/layout-hunt/before/lists/C062-tab/warm-375/0.png,/Users/albin/Code/jori/dist/layout-hunt/before/lists/C062-tab/warm-375/record.json,/Users/albin/Code/jori/dist/layout-hunt/LISTS_OCCURRENCES.json
LF-11,LF-11,question,C062-shifttab,cold-1440,,LF11 motion question: narrow autofocus scrollLeft120→48 on requested reverse keyboard advance; desktop same-slot input replacement. Warm narrow scroll occurs between first and250ms PNG.,/Users/albin/Code/jori/dist/layout-hunt/before/lists/C062-shifttab/cold-1440/before.png,/Users/albin/Code/jori/dist/layout-hunt/before/lists/C062-shifttab/cold-1440/0.png,/Users/albin/Code/jori/dist/layout-hunt/before/lists/C062-shifttab/cold-1440/record.json,/Users/albin/Code/jori/dist/layout-hunt/LISTS_OCCURRENCES.json
LF-11,LF-11,question,C062-shifttab,cold-375,,LF11 motion question: narrow autofocus scrollLeft120→48 on requested reverse keyboard advance; desktop same-slot input replacement. Warm narrow scroll occurs between first and250ms PNG.,/Users/albin/Code/jori/dist/layout-hunt/before/lists/C062-shifttab/cold-375/before.png,/Users/albin/Code/jori/dist/layout-hunt/before/lists/C062-shifttab/cold-375/0.png,/Users/albin/Code/jori/dist/layout-hunt/before/lists/C062-shifttab/cold-375/record.json,/Users/albin/Code/jori/dist/layout-hunt/LISTS_OCCURRENCES.json
LF-11,LF-11,question,C062-shifttab,warm-1440,,LF11 motion question: narrow autofocus scrollLeft120→48 on requested reverse keyboard advance; desktop same-slot input replacement. Warm narrow scroll occurs between first and250ms PNG.,/Users/albin/Code/jori/dist/layout-hunt/before/lists/C062-shifttab/warm-1440/before.png,/Users/albin/Code/jori/dist/layout-hunt/before/lists/C062-shifttab/warm-1440/0.png,/Users/albin/Code/jori/dist/layout-hunt/before/lists/C062-shifttab/warm-1440/record.json,/Users/albin/Code/jori/dist/layout-hunt/LISTS_OCCURRENCES.json
LF-11,LF-11,question,C062-shifttab,warm-375,,LF11 motion question: narrow autofocus scrollLeft120→48 on requested reverse keyboard advance; desktop same-slot input replacement. Warm narrow scroll occurs between first and250ms PNG.,/Users/albin/Code/jori/dist/layout-hunt/before/lists/C062-shifttab/warm-375/before.png,/Users/albin/Code/jori/dist/layout-hunt/before/lists/C062-shifttab/warm-375/0.png,/Users/albin/Code/jori/dist/layout-hunt/before/lists/C062-shifttab/warm-375/record.json,/Users/albin/Code/jori/dist/layout-hunt/LISTS_OCCURRENCES.json
LF-12,LF-12,confirmed,C069-add,cold-1440,106,"LF12 row draft clears before exit; LF-14 separate requested insertion moves New row control36px, motion question. Columns and scroll stable.",/Users/albin/Code/jori/dist/layout-hunt/before/lists/C069-add/cold-1440/before.png,/Users/albin/Code/jori/dist/layout-hunt/before/lists/C069-add/cold-1440/0.png,/Users/albin/Code/jori/dist/layout-hunt/before/lists/C069-add/cold-1440/record.json,/Users/albin/Code/jori/dist/layout-hunt/LISTS_OCCURRENCES.json
LF-12,LF-12,confirmed,C069-add,cold-375,100,"LF12 row draft clears before exit; LF-14 separate requested insertion moves New row control36px, motion question. Columns and scroll stable.",/Users/albin/Code/jori/dist/layout-hunt/before/lists/C069-add/cold-375/before.png,/Users/albin/Code/jori/dist/layout-hunt/before/lists/C069-add/cold-375/0.png,/Users/albin/Code/jori/dist/layout-hunt/before/lists/C069-add/cold-375/record.json,/Users/albin/Code/jori/dist/layout-hunt/LISTS_OCCURRENCES.json
LF-12,LF-12,confirmed,C069-add,warm-1440,43,"LF12 row draft clears before exit; LF-14 separate requested insertion moves New row control36px, motion question. Columns and scroll stable.",/Users/albin/Code/jori/dist/layout-hunt/before/lists/C069-add/warm-1440/before.png,/Users/albin/Code/jori/dist/layout-hunt/before/lists/C069-add/warm-1440/0.png,/Users/albin/Code/jori/dist/layout-hunt/before/lists/C069-add/warm-1440/record.json,/Users/albin/Code/jori/dist/layout-hunt/LISTS_OCCURRENCES.json
LF-12,LF-12,confirmed,C069-add,warm-375,50,"LF12 row draft clears before exit; LF-14 separate requested insertion moves New row control36px, motion question. Columns and scroll stable.",/Users/albin/Code/jori/dist/layout-hunt/before/lists/C069-add/warm-375/before.png,/Users/albin/Code/jori/dist/layout-hunt/before/lists/C069-add/warm-375/0.png,/Users/albin/Code/jori/dist/layout-hunt/before/lists/C069-add/warm-375/record.json,/Users/albin/Code/jori/dist/layout-hunt/LISTS_OCCURRENCES.json
LF-13,LF-13,confirmed,C073-new-close,cold-1440,34,LF13 New column changes to Column details during exit; type badge adds8px and footer gains Delete/Save. All4 profiles show wrong-mode closing frame.,/Users/albin/Code/jori/dist/layout-hunt/before/lists/C073-new-close/cold-1440/before.png,/Users/albin/Code/jori/dist/layout-hunt/before/lists/C073-new-close/cold-1440/0.png,/Users/albin/Code/jori/dist/layout-hunt/before/lists/C073-new-close/cold-1440/record.json,/Users/albin/Code/jori/dist/layout-hunt/LISTS_OCCURRENCES.json
LF-13,LF-13,confirmed,C073-new-close,cold-375,43,LF13 New column changes to Column details during exit; type badge adds8px and footer gains Delete/Save. All4 profiles show wrong-mode closing frame.,/Users/albin/Code/jori/dist/layout-hunt/before/lists/C073-new-close/cold-375/before.png,/Users/albin/Code/jori/dist/layout-hunt/before/lists/C073-new-close/cold-375/0.png,/Users/albin/Code/jori/dist/layout-hunt/before/lists/C073-new-close/cold-375/record.json,/Users/albin/Code/jori/dist/layout-hunt/LISTS_OCCURRENCES.json
LF-13,LF-13,confirmed,C073-new-close,warm-1440,9,LF13 New column changes to Column details during exit; type badge adds8px and footer gains Delete/Save. All4 profiles show wrong-mode closing frame.,/Users/albin/Code/jori/dist/layout-hunt/before/lists/C073-new-close/warm-1440/before.png,/Users/albin/Code/jori/dist/layout-hunt/before/lists/C073-new-close/warm-1440/0.png,/Users/albin/Code/jori/dist/layout-hunt/before/lists/C073-new-close/warm-1440/record.json,/Users/albin/Code/jori/dist/layout-hunt/LISTS_OCCURRENCES.json
LF-13,LF-13,confirmed,C073-new-close,warm-375,18,LF13 New column changes to Column details during exit; type badge adds8px and footer gains Delete/Save. All4 profiles show wrong-mode closing frame.,/Users/albin/Code/jori/dist/layout-hunt/before/lists/C073-new-close/warm-375/before.png,/Users/albin/Code/jori/dist/layout-hunt/before/lists/C073-new-close/warm-375/0.png,/Users/albin/Code/jori/dist/layout-hunt/before/lists/C073-new-close/warm-375/record.json,/Users/albin/Code/jori/dist/layout-hunt/LISTS_OCCURRENCES.json
LF-13,LF-13,confirmed,C074-details-close,cold-1440,,LF13 column form reset during exit: Customer clears to placeholder and Required unchecks. Native0; visible pure-content flash in all4 profiles.,/Users/albin/Code/jori/dist/layout-hunt/before/lists/C074-details-close/cold-1440/before.png,/Users/albin/Code/jori/dist/layout-hunt/before/lists/C074-details-close/cold-1440/0.png,/Users/albin/Code/jori/dist/layout-hunt/before/lists/C074-details-close/cold-1440/record.json,/Users/albin/Code/jori/dist/layout-hunt/LISTS_OCCURRENCES.json
LF-13,LF-13,confirmed,C074-details-close,cold-375,,LF13 column form reset during exit: Customer clears to placeholder and Required unchecks. Native0; visible pure-content flash in all4 profiles.,/Users/albin/Code/jori/dist/layout-hunt/before/lists/C074-details-close/cold-375/before.png,/Users/albin/Code/jori/dist/layout-hunt/before/lists/C074-details-close/cold-375/0.png,/Users/albin/Code/jori/dist/layout-hunt/before/lists/C074-details-close/cold-375/record.json,/Users/albin/Code/jori/dist/layout-hunt/LISTS_OCCURRENCES.json
LF-13,LF-13,confirmed,C074-details-close,warm-1440,,LF13 column form reset during exit: Customer clears to placeholder and Required unchecks. Native0; visible pure-content flash in all4 profiles.,/Users/albin/Code/jori/dist/layout-hunt/before/lists/C074-details-close/warm-1440/before.png,/Users/albin/Code/jori/dist/layout-hunt/before/lists/C074-details-close/warm-1440/0.png,/Users/albin/Code/jori/dist/layout-hunt/before/lists/C074-details-close/warm-1440/record.json,/Users/albin/Code/jori/dist/layout-hunt/LISTS_OCCURRENCES.json
LF-13,LF-13,confirmed,C074-details-close,warm-375,,LF13 column form reset during exit: Customer clears to placeholder and Required unchecks. Native0; visible pure-content flash in all4 profiles.,/Users/albin/Code/jori/dist/layout-hunt/before/lists/C074-details-close/warm-375/before.png,/Users/albin/Code/jori/dist/layout-hunt/before/lists/C074-details-close/warm-375/0.png,/Users/albin/Code/jori/dist/layout-hunt/before/lists/C074-details-close/warm-375/record.json,/Users/albin/Code/jori/dist/layout-hunt/LISTS_OCCURRENCES.json
LF-13,LF-13,confirmed,C076-create,cold-1440,73,"LF-13: success clears column state/draft before the sheet exit, switching New column to Column details and moving Required by eight pixels. Narrow warm PNG18ms visibly shows blank edit form. Background requested column insertion adds one 224px track inside the existing scroll viewport; existing data columns stay fixed. LF-14 requested schema insertion moves the trailing New column control; preserve as a collection motion question.",/Users/albin/Code/jori/dist/layout-hunt/before/lists/C076-create/cold-1440/before.png,/Users/albin/Code/jori/dist/layout-hunt/before/lists/C076-create/cold-1440/0.png,/Users/albin/Code/jori/dist/layout-hunt/before/lists/C076-create/cold-1440/record.json,/Users/albin/Code/jori/dist/layout-hunt/LISTS_OCCURRENCES.json
LF-13,LF-13,confirmed,C076-create,cold-375,133,"LF-13: success clears column state/draft before the sheet exit, switching New column to Column details and moving Required by eight pixels. Narrow warm PNG18ms visibly shows blank edit form. Background requested column insertion adds one 224px track inside the existing scroll viewport; existing data columns stay fixed. LF-14 requested schema insertion moves the trailing New column control; preserve as a collection motion question.",/Users/albin/Code/jori/dist/layout-hunt/before/lists/C076-create/cold-375/before.png,/Users/albin/Code/jori/dist/layout-hunt/before/lists/C076-create/cold-375/0.png,/Users/albin/Code/jori/dist/layout-hunt/before/lists/C076-create/cold-375/record.json,/Users/albin/Code/jori/dist/layout-hunt/LISTS_OCCURRENCES.json
LF-13,LF-13,confirmed,C076-create,warm-1440,53,"LF-13: success clears column state/draft before the sheet exit, switching New column to Column details and moving Required by eight pixels. Narrow warm PNG18ms visibly shows blank edit form. Background requested column insertion adds one 224px track inside the existing scroll viewport; existing data columns stay fixed. LF-14 requested schema insertion moves the trailing New column control; preserve as a collection motion question.",/Users/albin/Code/jori/dist/layout-hunt/before/lists/C076-create/warm-1440/before.png,/Users/albin/Code/jori/dist/layout-hunt/before/lists/C076-create/warm-1440/0.png,/Users/albin/Code/jori/dist/layout-hunt/before/lists/C076-create/warm-1440/record.json,/Users/albin/Code/jori/dist/layout-hunt/LISTS_OCCURRENCES.json
LF-13,LF-13,confirmed,C076-create,warm-375,19,"LF-13: success clears column state/draft before the sheet exit, switching New column to Column details and moving Required by eight pixels. Narrow warm PNG18ms visibly shows blank edit form. Background requested column insertion adds one 224px track inside the existing scroll viewport; existing data columns stay fixed. LF-14 requested schema insertion moves the trailing New column control; preserve as a collection motion question.",/Users/albin/Code/jori/dist/layout-hunt/before/lists/C076-create/warm-375/before.png,/Users/albin/Code/jori/dist/layout-hunt/before/lists/C076-create/warm-375/0.png,/Users/albin/Code/jori/dist/layout-hunt/before/lists/C076-create/warm-375/record.json,/Users/albin/Code/jori/dist/layout-hunt/LISTS_OCCURRENCES.json
LF-13,LF-13,confirmed,C076-rename,cold-1440,171,"LF-13: successful rename clears the field and Required while the sheet exits. Narrow PNG40/46ms visibly blank. Long title truncates in the existing 224px column, with required-star movement100.78px inside that reserved header, zero row/column/scroll movement. Native shift is only the star following the requested text.",/Users/albin/Code/jori/dist/layout-hunt/before/lists/C076-rename/cold-1440/before.png,/Users/albin/Code/jori/dist/layout-hunt/before/lists/C076-rename/cold-1440/0.png,/Users/albin/Code/jori/dist/layout-hunt/before/lists/C076-rename/cold-1440/record.json,/Users/albin/Code/jori/dist/layout-hunt/LISTS_OCCURRENCES.json
LF-13,LF-13,confirmed,C076-rename,cold-375,71,"LF-13: successful rename clears the field and Required while the sheet exits. Narrow PNG40/46ms visibly blank. Long title truncates in the existing 224px column, with required-star movement100.78px inside that reserved header, zero row/column/scroll movement. Native shift is only the star following the requested text.",/Users/albin/Code/jori/dist/layout-hunt/before/lists/C076-rename/cold-375/before.png,/Users/albin/Code/jori/dist/layout-hunt/before/lists/C076-rename/cold-375/0.png,/Users/albin/Code/jori/dist/layout-hunt/before/lists/C076-rename/cold-375/record.json,/Users/albin/Code/jori/dist/layout-hunt/LISTS_OCCURRENCES.json
LF-13,LF-13,confirmed,C076-rename,warm-1440,35,"LF-13: successful rename clears the field and Required while the sheet exits. Narrow PNG40/46ms visibly blank. Long title truncates in the existing 224px column, with required-star movement100.78px inside that reserved header, zero row/column/scroll movement. Native shift is only the star following the requested text.",/Users/albin/Code/jori/dist/layout-hunt/before/lists/C076-rename/warm-1440/before.png,/Users/albin/Code/jori/dist/layout-hunt/before/lists/C076-rename/warm-1440/0.png,/Users/albin/Code/jori/dist/layout-hunt/before/lists/C076-rename/warm-1440/record.json,/Users/albin/Code/jori/dist/layout-hunt/LISTS_OCCURRENCES.json
LF-13,LF-13,confirmed,C076-rename,warm-375,50,"LF-13: successful rename clears the field and Required while the sheet exits. Narrow PNG40/46ms visibly blank. Long title truncates in the existing 224px column, with required-star movement100.78px inside that reserved header, zero row/column/scroll movement. Native shift is only the star following the requested text.",/Users/albin/Code/jori/dist/layout-hunt/before/lists/C076-rename/warm-375/before.png,/Users/albin/Code/jori/dist/layout-hunt/before/lists/C076-rename/warm-375/0.png,/Users/albin/Code/jori/dist/layout-hunt/before/lists/C076-rename/warm-375/record.json,/Users/albin/Code/jori/dist/layout-hunt/LISTS_OCCURRENCES.json
LF-14,LF-14,question,C069-add,cold-1440,106,"LF12 row draft clears before exit; LF-14 separate requested insertion moves New row control36px, motion question. Columns and scroll stable.",/Users/albin/Code/jori/dist/layout-hunt/before/lists/C069-add/cold-1440/before.png,/Users/albin/Code/jori/dist/layout-hunt/before/lists/C069-add/cold-1440/0.png,/Users/albin/Code/jori/dist/layout-hunt/before/lists/C069-add/cold-1440/record.json,/Users/albin/Code/jori/dist/layout-hunt/LISTS_OCCURRENCES.json
LF-14,LF-14,question,C069-add,cold-375,100,"LF12 row draft clears before exit; LF-14 separate requested insertion moves New row control36px, motion question. Columns and scroll stable.",/Users/albin/Code/jori/dist/layout-hunt/before/lists/C069-add/cold-375/before.png,/Users/albin/Code/jori/dist/layout-hunt/before/lists/C069-add/cold-375/0.png,/Users/albin/Code/jori/dist/layout-hunt/before/lists/C069-add/cold-375/record.json,/Users/albin/Code/jori/dist/layout-hunt/LISTS_OCCURRENCES.json
LF-14,LF-14,question,C069-add,warm-1440,43,"LF12 row draft clears before exit; LF-14 separate requested insertion moves New row control36px, motion question. Columns and scroll stable.",/Users/albin/Code/jori/dist/layout-hunt/before/lists/C069-add/warm-1440/before.png,/Users/albin/Code/jori/dist/layout-hunt/before/lists/C069-add/warm-1440/0.png,/Users/albin/Code/jori/dist/layout-hunt/before/lists/C069-add/warm-1440/record.json,/Users/albin/Code/jori/dist/layout-hunt/LISTS_OCCURRENCES.json
LF-14,LF-14,question,C069-add,warm-375,50,"LF12 row draft clears before exit; LF-14 separate requested insertion moves New row control36px, motion question. Columns and scroll stable.",/Users/albin/Code/jori/dist/layout-hunt/before/lists/C069-add/warm-375/before.png,/Users/albin/Code/jori/dist/layout-hunt/before/lists/C069-add/warm-375/0.png,/Users/albin/Code/jori/dist/layout-hunt/before/lists/C069-add/warm-375/record.json,/Users/albin/Code/jori/dist/layout-hunt/LISTS_OCCURRENCES.json
LF-14,LF-14,question,C076-create,cold-1440,73,"LF-13: success clears column state/draft before the sheet exit, switching New column to Column details and moving Required by eight pixels. Narrow warm PNG18ms visibly shows blank edit form. Background requested column insertion adds one 224px track inside the existing scroll viewport; existing data columns stay fixed. LF-14 requested schema insertion moves the trailing New column control; preserve as a collection motion question.",/Users/albin/Code/jori/dist/layout-hunt/before/lists/C076-create/cold-1440/before.png,/Users/albin/Code/jori/dist/layout-hunt/before/lists/C076-create/cold-1440/0.png,/Users/albin/Code/jori/dist/layout-hunt/before/lists/C076-create/cold-1440/record.json,/Users/albin/Code/jori/dist/layout-hunt/LISTS_OCCURRENCES.json
LF-14,LF-14,question,C076-create,cold-375,133,"LF-13: success clears column state/draft before the sheet exit, switching New column to Column details and moving Required by eight pixels. Narrow warm PNG18ms visibly shows blank edit form. Background requested column insertion adds one 224px track inside the existing scroll viewport; existing data columns stay fixed. LF-14 requested schema insertion moves the trailing New column control; preserve as a collection motion question.",/Users/albin/Code/jori/dist/layout-hunt/before/lists/C076-create/cold-375/before.png,/Users/albin/Code/jori/dist/layout-hunt/before/lists/C076-create/cold-375/0.png,/Users/albin/Code/jori/dist/layout-hunt/before/lists/C076-create/cold-375/record.json,/Users/albin/Code/jori/dist/layout-hunt/LISTS_OCCURRENCES.json
LF-14,LF-14,question,C076-create,warm-1440,53,"LF-13: success clears column state/draft before the sheet exit, switching New column to Column details and moving Required by eight pixels. Narrow warm PNG18ms visibly shows blank edit form. Background requested column insertion adds one 224px track inside the existing scroll viewport; existing data columns stay fixed. LF-14 requested schema insertion moves the trailing New column control; preserve as a collection motion question.",/Users/albin/Code/jori/dist/layout-hunt/before/lists/C076-create/warm-1440/before.png,/Users/albin/Code/jori/dist/layout-hunt/before/lists/C076-create/warm-1440/0.png,/Users/albin/Code/jori/dist/layout-hunt/before/lists/C076-create/warm-1440/record.json,/Users/albin/Code/jori/dist/layout-hunt/LISTS_OCCURRENCES.json
LF-14,LF-14,question,C076-create,warm-375,19,"LF-13: success clears column state/draft before the sheet exit, switching New column to Column details and moving Required by eight pixels. Narrow warm PNG18ms visibly shows blank edit form. Background requested column insertion adds one 224px track inside the existing scroll viewport; existing data columns stay fixed. LF-14 requested schema insertion moves the trailing New column control; preserve as a collection motion question.",/Users/albin/Code/jori/dist/layout-hunt/before/lists/C076-create/warm-375/before.png,/Users/albin/Code/jori/dist/layout-hunt/before/lists/C076-create/warm-375/0.png,/Users/albin/Code/jori/dist/layout-hunt/before/lists/C076-create/warm-375/record.json,/Users/albin/Code/jori/dist/layout-hunt/LISTS_OCCURRENCES.json
LF-14,LF-14,question,C072-delete,cold-1440,141,"Requested row deletion removes four rows; New row rises144px without an authored transition, extending LF-14 collection-size motion question. Confirmation removes immediately with the data commit. No late rect or scroll changes; native recent-input shift only New row at48-141ms. Keep questioned requested collection removal untouched pending review.",/Users/albin/Code/jori/dist/layout-hunt/before/lists/C072-delete/cold-1440/before.png,/Users/albin/Code/jori/dist/layout-hunt/before/lists/C072-delete/cold-1440/0.png,/Users/albin/Code/jori/dist/layout-hunt/before/lists/C072-delete/cold-1440/record.json,/Users/albin/Code/jori/dist/layout-hunt/LISTS_OCCURRENCES.json
LF-14,LF-14,question,C072-delete,cold-375,89,"Requested row deletion removes four rows; New row rises144px without an authored transition, extending LF-14 collection-size motion question. Confirmation removes immediately with the data commit. No late rect or scroll changes; native recent-input shift only New row at48-141ms. Keep questioned requested collection removal untouched pending review.",/Users/albin/Code/jori/dist/layout-hunt/before/lists/C072-delete/cold-375/before.png,/Users/albin/Code/jori/dist/layout-hunt/before/lists/C072-delete/cold-375/0.png,/Users/albin/Code/jori/dist/layout-hunt/before/lists/C072-delete/cold-375/record.json,/Users/albin/Code/jori/dist/layout-hunt/LISTS_OCCURRENCES.json
LF-14,LF-14,question,C072-delete,warm-1440,50,"Requested row deletion removes four rows; New row rises144px without an authored transition, extending LF-14 collection-size motion question. Confirmation removes immediately with the data commit. No late rect or scroll changes; native recent-input shift only New row at48-141ms. Keep questioned requested collection removal untouched pending review.",/Users/albin/Code/jori/dist/layout-hunt/before/lists/C072-delete/warm-1440/before.png,/Users/albin/Code/jori/dist/layout-hunt/before/lists/C072-delete/warm-1440/0.png,/Users/albin/Code/jori/dist/layout-hunt/before/lists/C072-delete/warm-1440/record.json,/Users/albin/Code/jori/dist/layout-hunt/LISTS_OCCURRENCES.json
LF-14,LF-14,question,C072-delete,warm-375,48,"Requested row deletion removes four rows; New row rises144px without an authored transition, extending LF-14 collection-size motion question. Confirmation removes immediately with the data commit. No late rect or scroll changes; native recent-input shift only New row at48-141ms. Keep questioned requested collection removal untouched pending review.",/Users/albin/Code/jori/dist/layout-hunt/before/lists/C072-delete/warm-375/before.png,/Users/albin/Code/jori/dist/layout-hunt/before/lists/C072-delete/warm-375/0.png,/Users/albin/Code/jori/dist/layout-hunt/before/lists/C072-delete/warm-375/record.json,/Users/albin/Code/jori/dist/layout-hunt/LISTS_OCCURRENCES.json
LF-14,LF-14,question,C070-duplicate,cold-1440,94,"LF14 requested duplicate row moves trailing New row232→268px, native0.000130556D/0.000985416M at37–94ms. Existing row slots shift from explicitly requested insertion; no viewport/scroll change, stock menu exit, all24PNG reviewed.",/Users/albin/Code/jori/dist/layout-hunt/before/lists-tail-root/C070-duplicate/cold-1440/before.png,/Users/albin/Code/jori/dist/layout-hunt/before/lists-tail-root/C070-duplicate/cold-1440/0.png,/Users/albin/Code/jori/dist/layout-hunt/before/lists-tail-root/C070-duplicate/cold-1440/record.json,/Users/albin/Code/jori/dist/layout-hunt/LISTS_OCCURRENCES.json
LF-14,LF-14,question,C070-duplicate,cold-375,44,"LF14 requested duplicate row moves trailing New row232→268px, native0.000130556D/0.000985416M at37–94ms. Existing row slots shift from explicitly requested insertion; no viewport/scroll change, stock menu exit, all24PNG reviewed.",/Users/albin/Code/jori/dist/layout-hunt/before/lists-tail-root/C070-duplicate/cold-375/before.png,/Users/albin/Code/jori/dist/layout-hunt/before/lists-tail-root/C070-duplicate/cold-375/0.png,/Users/albin/Code/jori/dist/layout-hunt/before/lists-tail-root/C070-duplicate/cold-375/record.json,/Users/albin/Code/jori/dist/layout-hunt/LISTS_OCCURRENCES.json
LF-14,LF-14,question,C070-duplicate,warm-1440,47,"LF14 requested duplicate row moves trailing New row232→268px, native0.000130556D/0.000985416M at37–94ms. Existing row slots shift from explicitly requested insertion; no viewport/scroll change, stock menu exit, all24PNG reviewed.",/Users/albin/Code/jori/dist/layout-hunt/before/lists-tail-root/C070-duplicate/warm-1440/before.png,/Users/albin/Code/jori/dist/layout-hunt/before/lists-tail-root/C070-duplicate/warm-1440/0.png,/Users/albin/Code/jori/dist/layout-hunt/before/lists-tail-root/C070-duplicate/warm-1440/record.json,/Users/albin/Code/jori/dist/layout-hunt/LISTS_OCCURRENCES.json
LF-14,LF-14,question,C070-duplicate,warm-375,37,"LF14 requested duplicate row moves trailing New row232→268px, native0.000130556D/0.000985416M at37–94ms. Existing row slots shift from explicitly requested insertion; no viewport/scroll change, stock menu exit, all24PNG reviewed.",/Users/albin/Code/jori/dist/layout-hunt/before/lists-tail-root/C070-duplicate/warm-375/before.png,/Users/albin/Code/jori/dist/layout-hunt/before/lists-tail-root/C070-duplicate/warm-375/0.png,/Users/albin/Code/jori/dist/layout-hunt/before/lists-tail-root/C070-duplicate/warm-375/record.json,/Users/albin/Code/jori/dist/layout-hunt/LISTS_OCCURRENCES.json
LF-14,LF-14,question,C072-row,cold-1440,80,"All six PNGs and every native, retained/replaced rect and scroll candidate reviewed. No scroll movement. Delete row commits successfully: Harbor House disappears, Beacon Works becomes first, row count4→3, and New row moves up36px. Confirmation disappears immediately with the deleted row owner. Positional selector replaced entries compare different keyed rows occupying the old indices, not a React rebuild of retained rows. Causes: [{'causeId': 'LF-14', 'status': 'question', 'variant': 'Single requested row deletion', 'sourcePaths': ['src/shared/console/tables/grid/index.tsx'], 'fromTo': 'Existing New row button y232→196px, height36px unchanged; later row content takes earlier36px slots. Table header and fixed pagination remain fixed.', 'nativeEvents': [{'action': 'C072-row', 'at': 11910.799999952316, 'msAfterAction': 80, 'value': 0.00013055555555555555, 'hadRecentInput': True, 'sources': [{'node': 'div#root > div:nth-of-type(1) > div[data-slot=""sidebar-wrapper""]:nth-of-type(1) > main[data-slot=""sidebar-inset""]:nth-of-type(1) > div:nth-of-type(1) > section:nth-of-type(1) > div:nth-of-type(1) > div:nth-of-type(1) > button:nth-of-type(1) ""New row""', 'from': {'x': 256, 'y': 232, 'width': 93.53, 'height': 36}, 'to': {'x': 256, 'y': 196, 'width': 93.53, 'height': 36}}]}], 'pngPairs': [{'before': '/Users/albin/Code/jori/dist/layout-hunt/before/lists-tail-chat/C072-row/cold-1440/before.png', 'first': {'elapsed': 49, 'screenshotElapsed': 66, 'screenshot': '/Users/albin/Code/jori/dist/layout-hunt/before/lists-tail-chat/C072-row/cold-1440/0.png'}, '250': {'elapsed': 307, 'screenshotElapsed': 316, 'screenshot': '/Users/albin/Code/jori/dist/layout-hunt/before/lists-tail-chat/C072-row/cold-1440/250.png'}, 'settled': {'elapsed': 3129, 'screenshotElapsed': 3129, 'screenshot': '/Users/albin/Code/jori/dist/layout-hunt/before/lists-tail-chat/C072-row/cold-1440/settled.png'}}]}, {'causeId': 'LF-16', 'status': 'question', 'variant': 'Row-owned confirmation unmounts when its keyed row is removed', 'sourcePaths': ['src/shared/console/tables/grid/index.tsx', 'src/shared/console/tables/grid/row.tsx'], 'fromTo': 'Open confirmation disappears entirely by first PNG26–66ms after action returns. Its AlertDialog is owned by RowContextMenu inside the deleted keyed row, so its normal exit cannot complete. Distinct owner from bulk-selection variant; same lost-exit family.', 'pngPairs': [{'before': '/Users/albin/Code/jori/dist/layout-hunt/before/lists-tail-chat/C072-row/cold-1440/before.png', 'first': {'elapsed': 49, 'screenshotElapsed': 66, 'screenshot': '/Users/albin/Code/jori/dist/layout-hunt/before/lists-tail-chat/C072-row/cold-1440/0.png'}, '250': {'elapsed': 307, 'screenshotElapsed': 316, 'screenshot': '/Users/albin/Code/jori/dist/layout-hunt/before/lists-tail-chat/C072-row/cold-1440/250.png'}, 'settled': {'elapsed': 3129, 'screenshotElapsed': 3129, 'screenshot': '/Users/albin/Code/jori/dist/layout-hunt/before/lists-tail-chat/C072-row/cold-1440/settled.png'}}]}] Limits: []",/Users/albin/Code/jori/dist/layout-hunt/before/lists-tail-chat/C072-row/cold-1440/before.png,/Users/albin/Code/jori/dist/layout-hunt/before/lists-tail-chat/C072-row/cold-1440/0.png,/Users/albin/Code/jori/dist/layout-hunt/before/lists-tail-chat/C072-row/cold-1440/record.json,/Users/albin/Code/jori/dist/layout-hunt/LISTS_OCCURRENCES.json
LF-14,LF-14,question,C072-row,cold-375,75,"All six PNGs and every native, retained/replaced rect and scroll candidate reviewed. No scroll movement. Delete row commits successfully: Harbor House disappears, Beacon Works becomes first, row count4→3, and New row moves up36px. Confirmation disappears immediately with the deleted row owner. Positional selector replaced entries compare different keyed rows occupying the old indices, not a React rebuild of retained rows. Causes: [{'causeId': 'LF-14', 'status': 'question', 'variant': 'Single requested row deletion', 'sourcePaths': ['src/shared/console/tables/grid/index.tsx'], 'fromTo': 'Existing New row button y232→196px, height36px unchanged; later row content takes earlier36px slots. Table header and fixed pagination remain fixed.', 'nativeEvents': [{'action': 'C072-row', 'at': 11387.099999964237, 'msAfterAction': 75, 'value': 0.0009854158072265767, 'hadRecentInput': True, 'sources': [{'node': 'div#root > div:nth-of-type(1) > div[data-slot=""sidebar-wrapper""]:nth-of-type(1) > main[data-slot=""sidebar-inset""]:nth-of-type(1) > div:nth-of-type(1) > section:nth-of-type(1) > div:nth-of-type(1) > div:nth-of-type(1) > button:nth-of-type(1) ""New row""', 'from': {'x': 0, 'y': 232, 'width': 93.53, 'height': 36}, 'to': {'x': 0, 'y': 196, 'width': 93.53, 'height': 36}}]}], 'pngPairs': [{'before': '/Users/albin/Code/jori/dist/layout-hunt/before/lists-tail-chat/C072-row/cold-375/before.png', 'first': {'elapsed': 17, 'screenshotElapsed': 26, 'screenshot': '/Users/albin/Code/jori/dist/layout-hunt/before/lists-tail-chat/C072-row/cold-375/0.png'}, '250': {'elapsed': 273, 'screenshotElapsed': 277, 'screenshot': '/Users/albin/Code/jori/dist/layout-hunt/before/lists-tail-chat/C072-row/cold-375/250.png'}, 'settled': {'elapsed': 3059, 'screenshotElapsed': 3059, 'screenshot': '/Users/albin/Code/jori/dist/layout-hunt/before/lists-tail-chat/C072-row/cold-375/settled.png'}}]}, {'causeId': 'LF-16', 'status': 'question', 'variant': 'Row-owned confirmation unmounts when its keyed row is removed', 'sourcePaths': ['src/shared/console/tables/grid/index.tsx', 'src/shared/console/tables/grid/row.tsx'], 'fromTo': 'Open confirmation disappears entirely by first PNG26–66ms after action returns. Its AlertDialog is owned by RowContextMenu inside the deleted keyed row, so its normal exit cannot complete. Distinct owner from bulk-selection variant; same lost-exit family.', 'pngPairs': [{'before': '/Users/albin/Code/jori/dist/layout-hunt/before/lists-tail-chat/C072-row/cold-375/before.png', 'first': {'elapsed': 17, 'screenshotElapsed': 26, 'screenshot': '/Users/albin/Code/jori/dist/layout-hunt/before/lists-tail-chat/C072-row/cold-375/0.png'}, '250': {'elapsed': 273, 'screenshotElapsed': 277, 'screenshot': '/Users/albin/Code/jori/dist/layout-hunt/before/lists-tail-chat/C072-row/cold-375/250.png'}, 'settled': {'elapsed': 3059, 'screenshotElapsed': 3059, 'screenshot': '/Users/albin/Code/jori/dist/layout-hunt/before/lists-tail-chat/C072-row/cold-375/settled.png'}}]}] Limits: []",/Users/albin/Code/jori/dist/layout-hunt/before/lists-tail-chat/C072-row/cold-375/before.png,/Users/albin/Code/jori/dist/layout-hunt/before/lists-tail-chat/C072-row/cold-375/0.png,/Users/albin/Code/jori/dist/layout-hunt/before/lists-tail-chat/C072-row/cold-375/record.json,/Users/albin/Code/jori/dist/layout-hunt/LISTS_OCCURRENCES.json
LF-14,LF-14,question,C072-row,warm-1440,37,"All six PNGs and every native, retained/replaced rect and scroll candidate reviewed. No scroll movement. Delete row commits successfully: Harbor House disappears, Beacon Works becomes first, row count4→3, and New row moves up36px. Confirmation disappears immediately with the deleted row owner. Positional selector replaced entries compare different keyed rows occupying the old indices, not a React rebuild of retained rows. Causes: [{'causeId': 'LF-14', 'status': 'question', 'variant': 'Single requested row deletion', 'sourcePaths': ['src/shared/console/tables/grid/index.tsx'], 'fromTo': 'Existing New row button y232→196px, height36px unchanged; later row content takes earlier36px slots. Table header and fixed pagination remain fixed.', 'nativeEvents': [{'action': 'C072-row', 'at': 6886.899999976158, 'msAfterAction': 37, 'value': 0.00013055555555555555, 'hadRecentInput': True, 'sources': [{'node': 'div#root > div:nth-of-type(1) > div[data-slot=""sidebar-wrapper""]:nth-of-type(1) > main[data-slot=""sidebar-inset""]:nth-of-type(1) > div:nth-of-type(1) > section:nth-of-type(1) > div:nth-of-type(1) > div:nth-of-type(1) > button:nth-of-type(1) ""New row""', 'from': {'x': 256, 'y': 232, 'width': 93.53, 'height': 36}, 'to': {'x': 256, 'y': 196, 'width': 93.53, 'height': 36}}]}], 'pngPairs': [{'before': '/Users/albin/Code/jori/dist/layout-hunt/before/lists-tail-chat/C072-row/warm-1440/before.png', 'first': {'elapsed': 20, 'screenshotElapsed': 38, 'screenshot': '/Users/albin/Code/jori/dist/layout-hunt/before/lists-tail-chat/C072-row/warm-1440/0.png'}, '250': {'elapsed': 270, 'screenshotElapsed': 287, 'screenshot': '/Users/albin/Code/jori/dist/layout-hunt/before/lists-tail-chat/C072-row/warm-1440/250.png'}, 'settled': {'elapsed': 3115, 'screenshotElapsed': 3115, 'screenshot': '/Users/albin/Code/jori/dist/layout-hunt/before/lists-tail-chat/C072-row/warm-1440/settled.png'}}]}, {'causeId': 'LF-16', 'status': 'question', 'variant': 'Row-owned confirmation unmounts when its keyed row is removed', 'sourcePaths': ['src/shared/console/tables/grid/index.tsx', 'src/shared/console/tables/grid/row.tsx'], 'fromTo': 'Open confirmation disappears entirely by first PNG26–66ms after action returns. Its AlertDialog is owned by RowContextMenu inside the deleted keyed row, so its normal exit cannot complete. Distinct owner from bulk-selection variant; same lost-exit family.', 'pngPairs': [{'before': '/Users/albin/Code/jori/dist/layout-hunt/before/lists-tail-chat/C072-row/warm-1440/before.png', 'first': {'elapsed': 20, 'screenshotElapsed': 38, 'screenshot': '/Users/albin/Code/jori/dist/layout-hunt/before/lists-tail-chat/C072-row/warm-1440/0.png'}, '250': {'elapsed': 270, 'screenshotElapsed': 287, 'screenshot': '/Users/albin/Code/jori/dist/layout-hunt/before/lists-tail-chat/C072-row/warm-1440/250.png'}, 'settled': {'elapsed': 3115, 'screenshotElapsed': 3115, 'screenshot': '/Users/albin/Code/jori/dist/layout-hunt/before/lists-tail-chat/C072-row/warm-1440/settled.png'}}]}] Limits: []",/Users/albin/Code/jori/dist/layout-hunt/before/lists-tail-chat/C072-row/warm-1440/before.png,/Users/albin/Code/jori/dist/layout-hunt/before/lists-tail-chat/C072-row/warm-1440/0.png,/Users/albin/Code/jori/dist/layout-hunt/before/lists-tail-chat/C072-row/warm-1440/record.json,/Users/albin/Code/jori/dist/layout-hunt/LISTS_OCCURRENCES.json
LF-14,LF-14,question,C072-row,warm-375,43,"All six PNGs and every native, retained/replaced rect and scroll candidate reviewed. No scroll movement. Delete row commits successfully: Harbor House disappears, Beacon Works becomes first, row count4→3, and New row moves up36px. Confirmation disappears immediately with the deleted row owner. Positional selector replaced entries compare different keyed rows occupying the old indices, not a React rebuild of retained rows. Causes: [{'causeId': 'LF-14', 'status': 'question', 'variant': 'Single requested row deletion', 'sourcePaths': ['src/shared/console/tables/grid/index.tsx'], 'fromTo': 'Existing New row button y232→196px, height36px unchanged; later row content takes earlier36px slots. Table header and fixed pagination remain fixed.', 'nativeEvents': [{'action': 'C072-row', 'at': 6768.199999988079, 'msAfterAction': 43, 'value': 0.0009854158072265767, 'hadRecentInput': True, 'sources': [{'node': 'div#root > div:nth-of-type(1) > div[data-slot=""sidebar-wrapper""]:nth-of-type(1) > main[data-slot=""sidebar-inset""]:nth-of-type(1) > div:nth-of-type(1) > section:nth-of-type(1) > div:nth-of-type(1) > div:nth-of-type(1) > button:nth-of-type(1) ""New row""', 'from': {'x': 0, 'y': 232, 'width': 93.53, 'height': 36}, 'to': {'x': 0, 'y': 196, 'width': 93.53, 'height': 36}}]}], 'pngPairs': [{'before': '/Users/albin/Code/jori/dist/layout-hunt/before/lists-tail-chat/C072-row/warm-375/before.png', 'first': {'elapsed': 9, 'screenshotElapsed': 27, 'screenshot': '/Users/albin/Code/jori/dist/layout-hunt/before/lists-tail-chat/C072-row/warm-375/0.png'}, '250': {'elapsed': 258, 'screenshotElapsed': 276, 'screenshot': '/Users/albin/Code/jori/dist/layout-hunt/before/lists-tail-chat/C072-row/warm-375/250.png'}, 'settled': {'elapsed': 3061, 'screenshotElapsed': 3061, 'screenshot': '/Users/albin/Code/jori/dist/layout-hunt/before/lists-tail-chat/C072-row/warm-375/settled.png'}}]}, {'causeId': 'LF-16', 'status': 'question', 'variant': 'Row-owned confirmation unmounts when its keyed row is removed', 'sourcePaths': ['src/shared/console/tables/grid/index.tsx', 'src/shared/console/tables/grid/row.tsx'], 'fromTo': 'Open confirmation disappears entirely by first PNG26–66ms after action returns. Its AlertDialog is owned by RowContextMenu inside the deleted keyed row, so its normal exit cannot complete. Distinct owner from bulk-selection variant; same lost-exit family.', 'pngPairs': [{'before': '/Users/albin/Code/jori/dist/layout-hunt/before/lists-tail-chat/C072-row/warm-375/before.png', 'first': {'elapsed': 9, 'screenshotElapsed': 27, 'screenshot': '/Users/albin/Code/jori/dist/layout-hunt/before/lists-tail-chat/C072-row/warm-375/0.png'}, '250': {'elapsed': 258, 'screenshotElapsed': 276, 'screenshot': '/Users/albin/Code/jori/dist/layout-hunt/before/lists-tail-chat/C072-row/warm-375/250.png'}, 'settled': {'elapsed': 3061, 'screenshotElapsed': 3061, 'screenshot': '/Users/albin/Code/jori/dist/layout-hunt/before/lists-tail-chat/C072-row/warm-375/settled.png'}}]}] Limits: []",/Users/albin/Code/jori/dist/layout-hunt/before/lists-tail-chat/C072-row/warm-375/before.png,/Users/albin/Code/jori/dist/layout-hunt/before/lists-tail-chat/C072-row/warm-375/0.png,/Users/albin/Code/jori/dist/layout-hunt/before/lists-tail-chat/C072-row/warm-375/record.json,/Users/albin/Code/jori/dist/layout-hunt/LISTS_OCCURRENCES.json
LF-14,LF-14,question,C055-job,cold-1440,111,Reviewed; LF-14 requested row deletion shifts later rows upward36px and LF-16 confirmation owner unmounts before exit; no later rect or scroll deltas,/Users/albin/Code/jori/dist/layout-hunt/before/lists-v3/C055-job/cold-1440/before.png,/Users/albin/Code/jori/dist/layout-hunt/before/lists-v3/C055-job/cold-1440/0.png,/Users/albin/Code/jori/dist/layout-hunt/before/lists-v3/C055-job/cold-1440/record.json,/Users/albin/Code/jori/dist/layout-hunt/LISTS_OCCURRENCES.json
LF-14,LF-14,question,C055-job,cold-375,139,Reviewed; LF-14 requested row deletion shifts later rows upward36px and LF-16 confirmation owner unmounts before exit; no later rect or scroll deltas,/Users/albin/Code/jori/dist/layout-hunt/before/lists-v3/C055-job/cold-375/before.png,/Users/albin/Code/jori/dist/layout-hunt/before/lists-v3/C055-job/cold-375/0.png,/Users/albin/Code/jori/dist/layout-hunt/before/lists-v3/C055-job/cold-375/record.json,/Users/albin/Code/jori/dist/layout-hunt/LISTS_OCCURRENCES.json
LF-14,LF-14,question,C055-job,warm-1440,55,Reviewed; LF-14 requested row deletion shifts later rows upward36px and LF-16 confirmation owner unmounts before exit; no later rect or scroll deltas,/Users/albin/Code/jori/dist/layout-hunt/before/lists-v3/C055-job/warm-1440/before.png,/Users/albin/Code/jori/dist/layout-hunt/before/lists-v3/C055-job/warm-1440/0.png,/Users/albin/Code/jori/dist/layout-hunt/before/lists-v3/C055-job/warm-1440/record.json,/Users/albin/Code/jori/dist/layout-hunt/LISTS_OCCURRENCES.json
LF-14,LF-14,question,C055-job,warm-375,58,Reviewed; LF-14 requested row deletion shifts later rows upward36px and LF-16 confirmation owner unmounts before exit; no later rect or scroll deltas,/Users/albin/Code/jori/dist/layout-hunt/before/lists-v3/C055-job/warm-375/before.png,/Users/albin/Code/jori/dist/layout-hunt/before/lists-v3/C055-job/warm-375/0.png,/Users/albin/Code/jori/dist/layout-hunt/before/lists-v3/C055-job/warm-375/record.json,/Users/albin/Code/jori/dist/layout-hunt/LISTS_OCCURRENCES.json
LF-15,LF-15,confirmed,C030-tables,cold-1440,,"LF-15: removing final table rows omits pager summary, shrinking narrow footer72→44px and moving its top740→768. Native31/70ms .00305758. Desktop footer remains44px. Requested content swaps to empty state in reserved body; confirmation disappears immediately because selection count becomes zero, separate LF-16 motion question.",/Users/albin/Code/jori/dist/layout-hunt/before/lists-tail-chat/C030-tables/cold-1440/before.png,/Users/albin/Code/jori/dist/layout-hunt/before/lists-tail-chat/C030-tables/cold-1440/0.png,/Users/albin/Code/jori/dist/layout-hunt/before/lists-tail-chat/C030-tables/cold-1440/record.json,/Users/albin/Code/jori/dist/layout-hunt/LISTS_OCCURRENCES.json
LF-15,LF-15,confirmed,C030-tables,cold-375,70,"LF-15: removing final table rows omits pager summary, shrinking narrow footer72→44px and moving its top740→768. Native31/70ms .00305758. Desktop footer remains44px. Requested content swaps to empty state in reserved body; confirmation disappears immediately because selection count becomes zero, separate LF-16 motion question.",/Users/albin/Code/jori/dist/layout-hunt/before/lists-tail-chat/C030-tables/cold-375/before.png,/Users/albin/Code/jori/dist/layout-hunt/before/lists-tail-chat/C030-tables/cold-375/0.png,/Users/albin/Code/jori/dist/layout-hunt/before/lists-tail-chat/C030-tables/cold-375/record.json,/Users/albin/Code/jori/dist/layout-hunt/LISTS_OCCURRENCES.json
LF-15,LF-15,confirmed,C030-tables,warm-1440,,"LF-15: removing final table rows omits pager summary, shrinking narrow footer72→44px and moving its top740→768. Native31/70ms .00305758. Desktop footer remains44px. Requested content swaps to empty state in reserved body; confirmation disappears immediately because selection count becomes zero, separate LF-16 motion question.",/Users/albin/Code/jori/dist/layout-hunt/before/lists-tail-chat/C030-tables/warm-1440/before.png,/Users/albin/Code/jori/dist/layout-hunt/before/lists-tail-chat/C030-tables/warm-1440/0.png,/Users/albin/Code/jori/dist/layout-hunt/before/lists-tail-chat/C030-tables/warm-1440/record.json,/Users/albin/Code/jori/dist/layout-hunt/LISTS_OCCURRENCES.json
LF-15,LF-15,confirmed,C030-tables,warm-375,31,"LF-15: removing final table rows omits pager summary, shrinking narrow footer72→44px and moving its top740→768. Native31/70ms .00305758. Desktop footer remains44px. Requested content swaps to empty state in reserved body; confirmation disappears immediately because selection count becomes zero, separate LF-16 motion question.",/Users/albin/Code/jori/dist/layout-hunt/before/lists-tail-chat/C030-tables/warm-375/before.png,/Users/albin/Code/jori/dist/layout-hunt/before/lists-tail-chat/C030-tables/warm-375/0.png,/Users/albin/Code/jori/dist/layout-hunt/before/lists-tail-chat/C030-tables/warm-375/record.json,/Users/albin/Code/jori/dist/layout-hunt/LISTS_OCCURRENCES.json
LF-15,LF-15,confirmed,C030-stores,cold-1440,,"LF-15: final-store removal drops conditional pager summary, narrow footer72→44px top740→768, native41/69ms .00305758. Desktop footer stays44px. Requested empty content occupies reserved main region; selection-owned confirmation disappears immediately, LF-16 motion question.",/Users/albin/Code/jori/dist/layout-hunt/before/lists-tail-root/C030-stores/cold-1440/before.png,/Users/albin/Code/jori/dist/layout-hunt/before/lists-tail-root/C030-stores/cold-1440/0.png,/Users/albin/Code/jori/dist/layout-hunt/before/lists-tail-root/C030-stores/cold-1440/record.json,/Users/albin/Code/jori/dist/layout-hunt/LISTS_OCCURRENCES.json
LF-15,LF-15,confirmed,C030-stores,cold-375,69,"LF-15: final-store removal drops conditional pager summary, narrow footer72→44px top740→768, native41/69ms .00305758. Desktop footer stays44px. Requested empty content occupies reserved main region; selection-owned confirmation disappears immediately, LF-16 motion question.",/Users/albin/Code/jori/dist/layout-hunt/before/lists-tail-root/C030-stores/cold-375/before.png,/Users/albin/Code/jori/dist/layout-hunt/before/lists-tail-root/C030-stores/cold-375/0.png,/Users/albin/Code/jori/dist/layout-hunt/before/lists-tail-root/C030-stores/cold-375/record.json,/Users/albin/Code/jori/dist/layout-hunt/LISTS_OCCURRENCES.json
LF-15,LF-15,confirmed,C030-stores,warm-1440,,"LF-15: final-store removal drops conditional pager summary, narrow footer72→44px top740→768, native41/69ms .00305758. Desktop footer stays44px. Requested empty content occupies reserved main region; selection-owned confirmation disappears immediately, LF-16 motion question.",/Users/albin/Code/jori/dist/layout-hunt/before/lists-tail-root/C030-stores/warm-1440/before.png,/Users/albin/Code/jori/dist/layout-hunt/before/lists-tail-root/C030-stores/warm-1440/0.png,/Users/albin/Code/jori/dist/layout-hunt/before/lists-tail-root/C030-stores/warm-1440/record.json,/Users/albin/Code/jori/dist/layout-hunt/LISTS_OCCURRENCES.json
LF-15,LF-15,confirmed,C030-stores,warm-375,41,"LF-15: final-store removal drops conditional pager summary, narrow footer72→44px top740→768, native41/69ms .00305758. Desktop footer stays44px. Requested empty content occupies reserved main region; selection-owned confirmation disappears immediately, LF-16 motion question.",/Users/albin/Code/jori/dist/layout-hunt/before/lists-tail-root/C030-stores/warm-375/before.png,/Users/albin/Code/jori/dist/layout-hunt/before/lists-tail-root/C030-stores/warm-375/0.png,/Users/albin/Code/jori/dist/layout-hunt/before/lists-tail-root/C030-stores/warm-375/record.json,/Users/albin/Code/jori/dist/layout-hunt/LISTS_OCCURRENCES.json
LF-15,LF-15,confirmed,C030-jobs,cold-1440,,"LF02 automatic columns on surviving headers (desktop Name253.69→158.2, mobile295→303); LF15 narrow footer72→44 native0.003057585 at84/41ms; LF16 confirmation unmounts before exit. Stock overlay toast entrance, scroll0; all24PNG reviewed.",/Users/albin/Code/jori/dist/layout-hunt/before/lists-tail-root/C030-jobs/cold-1440/before.png,/Users/albin/Code/jori/dist/layout-hunt/before/lists-tail-root/C030-jobs/cold-1440/0.png,/Users/albin/Code/jori/dist/layout-hunt/before/lists-tail-root/C030-jobs/cold-1440/record.json,/Users/albin/Code/jori/dist/layout-hunt/LISTS_OCCURRENCES.json
LF-15,LF-15,confirmed,C030-jobs,cold-375,84,"LF02 automatic columns on surviving headers (desktop Name253.69→158.2, mobile295→303); LF15 narrow footer72→44 native0.003057585 at84/41ms; LF16 confirmation unmounts before exit. Stock overlay toast entrance, scroll0; all24PNG reviewed.",/Users/albin/Code/jori/dist/layout-hunt/before/lists-tail-root/C030-jobs/cold-375/before.png,/Users/albin/Code/jori/dist/layout-hunt/before/lists-tail-root/C030-jobs/cold-375/0.png,/Users/albin/Code/jori/dist/layout-hunt/before/lists-tail-root/C030-jobs/cold-375/record.json,/Users/albin/Code/jori/dist/layout-hunt/LISTS_OCCURRENCES.json
LF-15,LF-15,confirmed,C030-jobs,warm-1440,,"LF02 automatic columns on surviving headers (desktop Name253.69→158.2, mobile295→303); LF15 narrow footer72→44 native0.003057585 at84/41ms; LF16 confirmation unmounts before exit. Stock overlay toast entrance, scroll0; all24PNG reviewed.",/Users/albin/Code/jori/dist/layout-hunt/before/lists-tail-root/C030-jobs/warm-1440/before.png,/Users/albin/Code/jori/dist/layout-hunt/before/lists-tail-root/C030-jobs/warm-1440/0.png,/Users/albin/Code/jori/dist/layout-hunt/before/lists-tail-root/C030-jobs/warm-1440/record.json,/Users/albin/Code/jori/dist/layout-hunt/LISTS_OCCURRENCES.json
LF-15,LF-15,confirmed,C030-jobs,warm-375,41,"LF02 automatic columns on surviving headers (desktop Name253.69→158.2, mobile295→303); LF15 narrow footer72→44 native0.003057585 at84/41ms; LF16 confirmation unmounts before exit. Stock overlay toast entrance, scroll0; all24PNG reviewed.",/Users/albin/Code/jori/dist/layout-hunt/before/lists-tail-root/C030-jobs/warm-375/before.png,/Users/albin/Code/jori/dist/layout-hunt/before/lists-tail-root/C030-jobs/warm-375/0.png,/Users/albin/Code/jori/dist/layout-hunt/before/lists-tail-root/C030-jobs/warm-375/record.json,/Users/albin/Code/jori/dist/layout-hunt/LISTS_OCCURRENCES.json
LF-15,LF-15,confirmed,C030-files,cold-1440,,Reviewed; LF-15 mobile footer loses28px and LF-16 confirmation owner unmounts immediately; fixed overlay toast uses stock entrance; requested empty region replaces archived rows,/Users/albin/Code/jori/dist/layout-hunt/before/lists-v3/C030-files/cold-1440/before.png,/Users/albin/Code/jori/dist/layout-hunt/before/lists-v3/C030-files/cold-1440/0.png,/Users/albin/Code/jori/dist/layout-hunt/before/lists-v3/C030-files/cold-1440/record.json,/Users/albin/Code/jori/dist/layout-hunt/LISTS_OCCURRENCES.json
LF-15,LF-15,confirmed,C030-files,cold-375,119,Reviewed; LF-15 mobile footer loses28px and LF-16 confirmation owner unmounts immediately; fixed overlay toast uses stock entrance; requested empty region replaces archived rows,/Users/albin/Code/jori/dist/layout-hunt/before/lists-v3/C030-files/cold-375/before.png,/Users/albin/Code/jori/dist/layout-hunt/before/lists-v3/C030-files/cold-375/0.png,/Users/albin/Code/jori/dist/layout-hunt/before/lists-v3/C030-files/cold-375/record.json,/Users/albin/Code/jori/dist/layout-hunt/LISTS_OCCURRENCES.json
LF-15,LF-15,confirmed,C030-files,warm-1440,,Reviewed; LF-15 mobile footer loses28px and LF-16 confirmation owner unmounts immediately; fixed overlay toast uses stock entrance; requested empty region replaces archived rows,/Users/albin/Code/jori/dist/layout-hunt/before/lists-v3/C030-files/warm-1440/before.png,/Users/albin/Code/jori/dist/layout-hunt/before/lists-v3/C030-files/warm-1440/0.png,/Users/albin/Code/jori/dist/layout-hunt/before/lists-v3/C030-files/warm-1440/record.json,/Users/albin/Code/jori/dist/layout-hunt/LISTS_OCCURRENCES.json
LF-15,LF-15,confirmed,C030-files,warm-375,37,Reviewed; LF-15 mobile footer loses28px and LF-16 confirmation owner unmounts immediately; fixed overlay toast uses stock entrance; requested empty region replaces archived rows,/Users/albin/Code/jori/dist/layout-hunt/before/lists-v3/C030-files/warm-375/before.png,/Users/albin/Code/jori/dist/layout-hunt/before/lists-v3/C030-files/warm-375/0.png,/Users/albin/Code/jori/dist/layout-hunt/before/lists-v3/C030-files/warm-375/record.json,/Users/albin/Code/jori/dist/layout-hunt/LISTS_OCCURRENCES.json
LF-16,LF-16,question,C030-tables,cold-1440,,"LF-15: removing final table rows omits pager summary, shrinking narrow footer72→44px and moving its top740→768. Native31/70ms .00305758. Desktop footer remains44px. Requested content swaps to empty state in reserved body; confirmation disappears immediately because selection count becomes zero, separate LF-16 motion question.",/Users/albin/Code/jori/dist/layout-hunt/before/lists-tail-chat/C030-tables/cold-1440/before.png,/Users/albin/Code/jori/dist/layout-hunt/before/lists-tail-chat/C030-tables/cold-1440/0.png,/Users/albin/Code/jori/dist/layout-hunt/before/lists-tail-chat/C030-tables/cold-1440/record.json,/Users/albin/Code/jori/dist/layout-hunt/LISTS_OCCURRENCES.json
LF-16,LF-16,question,C030-tables,cold-375,70,"LF-15: removing final table rows omits pager summary, shrinking narrow footer72→44px and moving its top740→768. Native31/70ms .00305758. Desktop footer remains44px. Requested content swaps to empty state in reserved body; confirmation disappears immediately because selection count becomes zero, separate LF-16 motion question.",/Users/albin/Code/jori/dist/layout-hunt/before/lists-tail-chat/C030-tables/cold-375/before.png,/Users/albin/Code/jori/dist/layout-hunt/before/lists-tail-chat/C030-tables/cold-375/0.png,/Users/albin/Code/jori/dist/layout-hunt/before/lists-tail-chat/C030-tables/cold-375/record.json,/Users/albin/Code/jori/dist/layout-hunt/LISTS_OCCURRENCES.json
LF-16,LF-16,question,C030-tables,warm-1440,,"LF-15: removing final table rows omits pager summary, shrinking narrow footer72→44px and moving its top740→768. Native31/70ms .00305758. Desktop footer remains44px. Requested content swaps to empty state in reserved body; confirmation disappears immediately because selection count becomes zero, separate LF-16 motion question.",/Users/albin/Code/jori/dist/layout-hunt/before/lists-tail-chat/C030-tables/warm-1440/before.png,/Users/albin/Code/jori/dist/layout-hunt/before/lists-tail-chat/C030-tables/warm-1440/0.png,/Users/albin/Code/jori/dist/layout-hunt/before/lists-tail-chat/C030-tables/warm-1440/record.json,/Users/albin/Code/jori/dist/layout-hunt/LISTS_OCCURRENCES.json
LF-16,LF-16,question,C030-tables,warm-375,31,"LF-15: removing final table rows omits pager summary, shrinking narrow footer72→44px and moving its top740→768. Native31/70ms .00305758. Desktop footer remains44px. Requested content swaps to empty state in reserved body; confirmation disappears immediately because selection count becomes zero, separate LF-16 motion question.",/Users/albin/Code/jori/dist/layout-hunt/before/lists-tail-chat/C030-tables/warm-375/before.png,/Users/albin/Code/jori/dist/layout-hunt/before/lists-tail-chat/C030-tables/warm-375/0.png,/Users/albin/Code/jori/dist/layout-hunt/before/lists-tail-chat/C030-tables/warm-375/record.json,/Users/albin/Code/jori/dist/layout-hunt/LISTS_OCCURRENCES.json
LF-16,LF-16,question,C030-stores,cold-1440,,"LF-15: final-store removal drops conditional pager summary, narrow footer72→44px top740→768, native41/69ms .00305758. Desktop footer stays44px. Requested empty content occupies reserved main region; selection-owned confirmation disappears immediately, LF-16 motion question.",/Users/albin/Code/jori/dist/layout-hunt/before/lists-tail-root/C030-stores/cold-1440/before.png,/Users/albin/Code/jori/dist/layout-hunt/before/lists-tail-root/C030-stores/cold-1440/0.png,/Users/albin/Code/jori/dist/layout-hunt/before/lists-tail-root/C030-stores/cold-1440/record.json,/Users/albin/Code/jori/dist/layout-hunt/LISTS_OCCURRENCES.json
LF-16,LF-16,question,C030-stores,cold-375,69,"LF-15: final-store removal drops conditional pager summary, narrow footer72→44px top740→768, native41/69ms .00305758. Desktop footer stays44px. Requested empty content occupies reserved main region; selection-owned confirmation disappears immediately, LF-16 motion question.",/Users/albin/Code/jori/dist/layout-hunt/before/lists-tail-root/C030-stores/cold-375/before.png,/Users/albin/Code/jori/dist/layout-hunt/before/lists-tail-root/C030-stores/cold-375/0.png,/Users/albin/Code/jori/dist/layout-hunt/before/lists-tail-root/C030-stores/cold-375/record.json,/Users/albin/Code/jori/dist/layout-hunt/LISTS_OCCURRENCES.json
LF-16,LF-16,question,C030-stores,warm-1440,,"LF-15: final-store removal drops conditional pager summary, narrow footer72→44px top740→768, native41/69ms .00305758. Desktop footer stays44px. Requested empty content occupies reserved main region; selection-owned confirmation disappears immediately, LF-16 motion question.",/Users/albin/Code/jori/dist/layout-hunt/before/lists-tail-root/C030-stores/warm-1440/before.png,/Users/albin/Code/jori/dist/layout-hunt/before/lists-tail-root/C030-stores/warm-1440/0.png,/Users/albin/Code/jori/dist/layout-hunt/before/lists-tail-root/C030-stores/warm-1440/record.json,/Users/albin/Code/jori/dist/layout-hunt/LISTS_OCCURRENCES.json
LF-16,LF-16,question,C030-stores,warm-375,41,"LF-15: final-store removal drops conditional pager summary, narrow footer72→44px top740→768, native41/69ms .00305758. Desktop footer stays44px. Requested empty content occupies reserved main region; selection-owned confirmation disappears immediately, LF-16 motion question.",/Users/albin/Code/jori/dist/layout-hunt/before/lists-tail-root/C030-stores/warm-375/before.png,/Users/albin/Code/jori/dist/layout-hunt/before/lists-tail-root/C030-stores/warm-375/0.png,/Users/albin/Code/jori/dist/layout-hunt/before/lists-tail-root/C030-stores/warm-375/record.json,/Users/albin/Code/jori/dist/layout-hunt/LISTS_OCCURRENCES.json
LF-16,LF-16,question,C030-jobs,cold-1440,,"LF02 automatic columns on surviving headers (desktop Name253.69→158.2, mobile295→303); LF15 narrow footer72→44 native0.003057585 at84/41ms; LF16 confirmation unmounts before exit. Stock overlay toast entrance, scroll0; all24PNG reviewed.",/Users/albin/Code/jori/dist/layout-hunt/before/lists-tail-root/C030-jobs/cold-1440/before.png,/Users/albin/Code/jori/dist/layout-hunt/before/lists-tail-root/C030-jobs/cold-1440/0.png,/Users/albin/Code/jori/dist/layout-hunt/before/lists-tail-root/C030-jobs/cold-1440/record.json,/Users/albin/Code/jori/dist/layout-hunt/LISTS_OCCURRENCES.json
LF-16,LF-16,question,C030-jobs,cold-375,84,"LF02 automatic columns on surviving headers (desktop Name253.69→158.2, mobile295→303); LF15 narrow footer72→44 native0.003057585 at84/41ms; LF16 confirmation unmounts before exit. Stock overlay toast entrance, scroll0; all24PNG reviewed.",/Users/albin/Code/jori/dist/layout-hunt/before/lists-tail-root/C030-jobs/cold-375/before.png,/Users/albin/Code/jori/dist/layout-hunt/before/lists-tail-root/C030-jobs/cold-375/0.png,/Users/albin/Code/jori/dist/layout-hunt/before/lists-tail-root/C030-jobs/cold-375/record.json,/Users/albin/Code/jori/dist/layout-hunt/LISTS_OCCURRENCES.json
LF-16,LF-16,question,C030-jobs,warm-1440,,"LF02 automatic columns on surviving headers (desktop Name253.69→158.2, mobile295→303); LF15 narrow footer72→44 native0.003057585 at84/41ms; LF16 confirmation unmounts before exit. Stock overlay toast entrance, scroll0; all24PNG reviewed.",/Users/albin/Code/jori/dist/layout-hunt/before/lists-tail-root/C030-jobs/warm-1440/before.png,/Users/albin/Code/jori/dist/layout-hunt/before/lists-tail-root/C030-jobs/warm-1440/0.png,/Users/albin/Code/jori/dist/layout-hunt/before/lists-tail-root/C030-jobs/warm-1440/record.json,/Users/albin/Code/jori/dist/layout-hunt/LISTS_OCCURRENCES.json
LF-16,LF-16,question,C030-jobs,warm-375,41,"LF02 automatic columns on surviving headers (desktop Name253.69→158.2, mobile295→303); LF15 narrow footer72→44 native0.003057585 at84/41ms; LF16 confirmation unmounts before exit. Stock overlay toast entrance, scroll0; all24PNG reviewed.",/Users/albin/Code/jori/dist/layout-hunt/before/lists-tail-root/C030-jobs/warm-375/before.png,/Users/albin/Code/jori/dist/layout-hunt/before/lists-tail-root/C030-jobs/warm-375/0.png,/Users/albin/Code/jori/dist/layout-hunt/before/lists-tail-root/C030-jobs/warm-375/record.json,/Users/albin/Code/jori/dist/layout-hunt/LISTS_OCCURRENCES.json
LF-16,LF-16,question,C072-row,cold-1440,80,"All six PNGs and every native, retained/replaced rect and scroll candidate reviewed. No scroll movement. Delete row commits successfully: Harbor House disappears, Beacon Works becomes first, row count4→3, and New row moves up36px. Confirmation disappears immediately with the deleted row owner. Positional selector replaced entries compare different keyed rows occupying the old indices, not a React rebuild of retained rows. Causes: [{'causeId': 'LF-14', 'status': 'question', 'variant': 'Single requested row deletion', 'sourcePaths': ['src/shared/console/tables/grid/index.tsx'], 'fromTo': 'Existing New row button y232→196px, height36px unchanged; later row content takes earlier36px slots. Table header and fixed pagination remain fixed.', 'nativeEvents': [{'action': 'C072-row', 'at': 11910.799999952316, 'msAfterAction': 80, 'value': 0.00013055555555555555, 'hadRecentInput': True, 'sources': [{'node': 'div#root > div:nth-of-type(1) > div[data-slot=""sidebar-wrapper""]:nth-of-type(1) > main[data-slot=""sidebar-inset""]:nth-of-type(1) > div:nth-of-type(1) > section:nth-of-type(1) > div:nth-of-type(1) > div:nth-of-type(1) > button:nth-of-type(1) ""New row""', 'from': {'x': 256, 'y': 232, 'width': 93.53, 'height': 36}, 'to': {'x': 256, 'y': 196, 'width': 93.53, 'height': 36}}]}], 'pngPairs': [{'before': '/Users/albin/Code/jori/dist/layout-hunt/before/lists-tail-chat/C072-row/cold-1440/before.png', 'first': {'elapsed': 49, 'screenshotElapsed': 66, 'screenshot': '/Users/albin/Code/jori/dist/layout-hunt/before/lists-tail-chat/C072-row/cold-1440/0.png'}, '250': {'elapsed': 307, 'screenshotElapsed': 316, 'screenshot': '/Users/albin/Code/jori/dist/layout-hunt/before/lists-tail-chat/C072-row/cold-1440/250.png'}, 'settled': {'elapsed': 3129, 'screenshotElapsed': 3129, 'screenshot': '/Users/albin/Code/jori/dist/layout-hunt/before/lists-tail-chat/C072-row/cold-1440/settled.png'}}]}, {'causeId': 'LF-16', 'status': 'question', 'variant': 'Row-owned confirmation unmounts when its keyed row is removed', 'sourcePaths': ['src/shared/console/tables/grid/index.tsx', 'src/shared/console/tables/grid/row.tsx'], 'fromTo': 'Open confirmation disappears entirely by first PNG26–66ms after action returns. Its AlertDialog is owned by RowContextMenu inside the deleted keyed row, so its normal exit cannot complete. Distinct owner from bulk-selection variant; same lost-exit family.', 'pngPairs': [{'before': '/Users/albin/Code/jori/dist/layout-hunt/before/lists-tail-chat/C072-row/cold-1440/before.png', 'first': {'elapsed': 49, 'screenshotElapsed': 66, 'screenshot': '/Users/albin/Code/jori/dist/layout-hunt/before/lists-tail-chat/C072-row/cold-1440/0.png'}, '250': {'elapsed': 307, 'screenshotElapsed': 316, 'screenshot': '/Users/albin/Code/jori/dist/layout-hunt/before/lists-tail-chat/C072-row/cold-1440/250.png'}, 'settled': {'elapsed': 3129, 'screenshotElapsed': 3129, 'screenshot': '/Users/albin/Code/jori/dist/layout-hunt/before/lists-tail-chat/C072-row/cold-1440/settled.png'}}]}] Limits: []",/Users/albin/Code/jori/dist/layout-hunt/before/lists-tail-chat/C072-row/cold-1440/before.png,/Users/albin/Code/jori/dist/layout-hunt/before/lists-tail-chat/C072-row/cold-1440/0.png,/Users/albin/Code/jori/dist/layout-hunt/before/lists-tail-chat/C072-row/cold-1440/record.json,/Users/albin/Code/jori/dist/layout-hunt/LISTS_OCCURRENCES.json
LF-16,LF-16,question,C072-row,cold-375,75,"All six PNGs and every native, retained/replaced rect and scroll candidate reviewed. No scroll movement. Delete row commits successfully: Harbor House disappears, Beacon Works becomes first, row count4→3, and New row moves up36px. Confirmation disappears immediately with the deleted row owner. Positional selector replaced entries compare different keyed rows occupying the old indices, not a React rebuild of retained rows. Causes: [{'causeId': 'LF-14', 'status': 'question', 'variant': 'Single requested row deletion', 'sourcePaths': ['src/shared/console/tables/grid/index.tsx'], 'fromTo': 'Existing New row button y232→196px, height36px unchanged; later row content takes earlier36px slots. Table header and fixed pagination remain fixed.', 'nativeEvents': [{'action': 'C072-row', 'at': 11387.099999964237, 'msAfterAction': 75, 'value': 0.0009854158072265767, 'hadRecentInput': True, 'sources': [{'node': 'div#root > div:nth-of-type(1) > div[data-slot=""sidebar-wrapper""]:nth-of-type(1) > main[data-slot=""sidebar-inset""]:nth-of-type(1) > div:nth-of-type(1) > section:nth-of-type(1) > div:nth-of-type(1) > div:nth-of-type(1) > button:nth-of-type(1) ""New row""', 'from': {'x': 0, 'y': 232, 'width': 93.53, 'height': 36}, 'to': {'x': 0, 'y': 196, 'width': 93.53, 'height': 36}}]}], 'pngPairs': [{'before': '/Users/albin/Code/jori/dist/layout-hunt/before/lists-tail-chat/C072-row/cold-375/before.png', 'first': {'elapsed': 17, 'screenshotElapsed': 26, 'screenshot': '/Users/albin/Code/jori/dist/layout-hunt/before/lists-tail-chat/C072-row/cold-375/0.png'}, '250': {'elapsed': 273, 'screenshotElapsed': 277, 'screenshot': '/Users/albin/Code/jori/dist/layout-hunt/before/lists-tail-chat/C072-row/cold-375/250.png'}, 'settled': {'elapsed': 3059, 'screenshotElapsed': 3059, 'screenshot': '/Users/albin/Code/jori/dist/layout-hunt/before/lists-tail-chat/C072-row/cold-375/settled.png'}}]}, {'causeId': 'LF-16', 'status': 'question', 'variant': 'Row-owned confirmation unmounts when its keyed row is removed', 'sourcePaths': ['src/shared/console/tables/grid/index.tsx', 'src/shared/console/tables/grid/row.tsx'], 'fromTo': 'Open confirmation disappears entirely by first PNG26–66ms after action returns. Its AlertDialog is owned by RowContextMenu inside the deleted keyed row, so its normal exit cannot complete. Distinct owner from bulk-selection variant; same lost-exit family.', 'pngPairs': [{'before': '/Users/albin/Code/jori/dist/layout-hunt/before/lists-tail-chat/C072-row/cold-375/before.png', 'first': {'elapsed': 17, 'screenshotElapsed': 26, 'screenshot': '/Users/albin/Code/jori/dist/layout-hunt/before/lists-tail-chat/C072-row/cold-375/0.png'}, '250': {'elapsed': 273, 'screenshotElapsed': 277, 'screenshot': '/Users/albin/Code/jori/dist/layout-hunt/before/lists-tail-chat/C072-row/cold-375/250.png'}, 'settled': {'elapsed': 3059, 'screenshotElapsed': 3059, 'screenshot': '/Users/albin/Code/jori/dist/layout-hunt/before/lists-tail-chat/C072-row/cold-375/settled.png'}}]}] Limits: []",/Users/albin/Code/jori/dist/layout-hunt/before/lists-tail-chat/C072-row/cold-375/before.png,/Users/albin/Code/jori/dist/layout-hunt/before/lists-tail-chat/C072-row/cold-375/0.png,/Users/albin/Code/jori/dist/layout-hunt/before/lists-tail-chat/C072-row/cold-375/record.json,/Users/albin/Code/jori/dist/layout-hunt/LISTS_OCCURRENCES.json
LF-16,LF-16,question,C072-row,warm-1440,37,"All six PNGs and every native, retained/replaced rect and scroll candidate reviewed. No scroll movement. Delete row commits successfully: Harbor House disappears, Beacon Works becomes first, row count4→3, and New row moves up36px. Confirmation disappears immediately with the deleted row owner. Positional selector replaced entries compare different keyed rows occupying the old indices, not a React rebuild of retained rows. Causes: [{'causeId': 'LF-14', 'status': 'question', 'variant': 'Single requested row deletion', 'sourcePaths': ['src/shared/console/tables/grid/index.tsx'], 'fromTo': 'Existing New row button y232→196px, height36px unchanged; later row content takes earlier36px slots. Table header and fixed pagination remain fixed.', 'nativeEvents': [{'action': 'C072-row', 'at': 6886.899999976158, 'msAfterAction': 37, 'value': 0.00013055555555555555, 'hadRecentInput': True, 'sources': [{'node': 'div#root > div:nth-of-type(1) > div[data-slot=""sidebar-wrapper""]:nth-of-type(1) > main[data-slot=""sidebar-inset""]:nth-of-type(1) > div:nth-of-type(1) > section:nth-of-type(1) > div:nth-of-type(1) > div:nth-of-type(1) > button:nth-of-type(1) ""New row""', 'from': {'x': 256, 'y': 232, 'width': 93.53, 'height': 36}, 'to': {'x': 256, 'y': 196, 'width': 93.53, 'height': 36}}]}], 'pngPairs': [{'before': '/Users/albin/Code/jori/dist/layout-hunt/before/lists-tail-chat/C072-row/warm-1440/before.png', 'first': {'elapsed': 20, 'screenshotElapsed': 38, 'screenshot': '/Users/albin/Code/jori/dist/layout-hunt/before/lists-tail-chat/C072-row/warm-1440/0.png'}, '250': {'elapsed': 270, 'screenshotElapsed': 287, 'screenshot': '/Users/albin/Code/jori/dist/layout-hunt/before/lists-tail-chat/C072-row/warm-1440/250.png'}, 'settled': {'elapsed': 3115, 'screenshotElapsed': 3115, 'screenshot': '/Users/albin/Code/jori/dist/layout-hunt/before/lists-tail-chat/C072-row/warm-1440/settled.png'}}]}, {'causeId': 'LF-16', 'status': 'question', 'variant': 'Row-owned confirmation unmounts when its keyed row is removed', 'sourcePaths': ['src/shared/console/tables/grid/index.tsx', 'src/shared/console/tables/grid/row.tsx'], 'fromTo': 'Open confirmation disappears entirely by first PNG26–66ms after action returns. Its AlertDialog is owned by RowContextMenu inside the deleted keyed row, so its normal exit cannot complete. Distinct owner from bulk-selection variant; same lost-exit family.', 'pngPairs': [{'before': '/Users/albin/Code/jori/dist/layout-hunt/before/lists-tail-chat/C072-row/warm-1440/before.png', 'first': {'elapsed': 20, 'screenshotElapsed': 38, 'screenshot': '/Users/albin/Code/jori/dist/layout-hunt/before/lists-tail-chat/C072-row/warm-1440/0.png'}, '250': {'elapsed': 270, 'screenshotElapsed': 287, 'screenshot': '/Users/albin/Code/jori/dist/layout-hunt/before/lists-tail-chat/C072-row/warm-1440/250.png'}, 'settled': {'elapsed': 3115, 'screenshotElapsed': 3115, 'screenshot': '/Users/albin/Code/jori/dist/layout-hunt/before/lists-tail-chat/C072-row/warm-1440/settled.png'}}]}] Limits: []",/Users/albin/Code/jori/dist/layout-hunt/before/lists-tail-chat/C072-row/warm-1440/before.png,/Users/albin/Code/jori/dist/layout-hunt/before/lists-tail-chat/C072-row/warm-1440/0.png,/Users/albin/Code/jori/dist/layout-hunt/before/lists-tail-chat/C072-row/warm-1440/record.json,/Users/albin/Code/jori/dist/layout-hunt/LISTS_OCCURRENCES.json
LF-16,LF-16,question,C072-row,warm-375,43,"All six PNGs and every native, retained/replaced rect and scroll candidate reviewed. No scroll movement. Delete row commits successfully: Harbor House disappears, Beacon Works becomes first, row count4→3, and New row moves up36px. Confirmation disappears immediately with the deleted row owner. Positional selector replaced entries compare different keyed rows occupying the old indices, not a React rebuild of retained rows. Causes: [{'causeId': 'LF-14', 'status': 'question', 'variant': 'Single requested row deletion', 'sourcePaths': ['src/shared/console/tables/grid/index.tsx'], 'fromTo': 'Existing New row button y232→196px, height36px unchanged; later row content takes earlier36px slots. Table header and fixed pagination remain fixed.', 'nativeEvents': [{'action': 'C072-row', 'at': 6768.199999988079, 'msAfterAction': 43, 'value': 0.0009854158072265767, 'hadRecentInput': True, 'sources': [{'node': 'div#root > div:nth-of-type(1) > div[data-slot=""sidebar-wrapper""]:nth-of-type(1) > main[data-slot=""sidebar-inset""]:nth-of-type(1) > div:nth-of-type(1) > section:nth-of-type(1) > div:nth-of-type(1) > div:nth-of-type(1) > button:nth-of-type(1) ""New row""', 'from': {'x': 0, 'y': 232, 'width': 93.53, 'height': 36}, 'to': {'x': 0, 'y': 196, 'width': 93.53, 'height': 36}}]}], 'pngPairs': [{'before': '/Users/albin/Code/jori/dist/layout-hunt/before/lists-tail-chat/C072-row/warm-375/before.png', 'first': {'elapsed': 9, 'screenshotElapsed': 27, 'screenshot': '/Users/albin/Code/jori/dist/layout-hunt/before/lists-tail-chat/C072-row/warm-375/0.png'}, '250': {'elapsed': 258, 'screenshotElapsed': 276, 'screenshot': '/Users/albin/Code/jori/dist/layout-hunt/before/lists-tail-chat/C072-row/warm-375/250.png'}, 'settled': {'elapsed': 3061, 'screenshotElapsed': 3061, 'screenshot': '/Users/albin/Code/jori/dist/layout-hunt/before/lists-tail-chat/C072-row/warm-375/settled.png'}}]}, {'causeId': 'LF-16', 'status': 'question', 'variant': 'Row-owned confirmation unmounts when its keyed row is removed', 'sourcePaths': ['src/shared/console/tables/grid/index.tsx', 'src/shared/console/tables/grid/row.tsx'], 'fromTo': 'Open confirmation disappears entirely by first PNG26–66ms after action returns. Its AlertDialog is owned by RowContextMenu inside the deleted keyed row, so its normal exit cannot complete. Distinct owner from bulk-selection variant; same lost-exit family.', 'pngPairs': [{'before': '/Users/albin/Code/jori/dist/layout-hunt/before/lists-tail-chat/C072-row/warm-375/before.png', 'first': {'elapsed': 9, 'screenshotElapsed': 27, 'screenshot': '/Users/albin/Code/jori/dist/layout-hunt/before/lists-tail-chat/C072-row/warm-375/0.png'}, '250': {'elapsed': 258, 'screenshotElapsed': 276, 'screenshot': '/Users/albin/Code/jori/dist/layout-hunt/before/lists-tail-chat/C072-row/warm-375/250.png'}, 'settled': {'elapsed': 3061, 'screenshotElapsed': 3061, 'screenshot': '/Users/albin/Code/jori/dist/layout-hunt/before/lists-tail-chat/C072-row/warm-375/settled.png'}}]}] Limits: []",/Users/albin/Code/jori/dist/layout-hunt/before/lists-tail-chat/C072-row/warm-375/before.png,/Users/albin/Code/jori/dist/layout-hunt/before/lists-tail-chat/C072-row/warm-375/0.png,/Users/albin/Code/jori/dist/layout-hunt/before/lists-tail-chat/C072-row/warm-375/record.json,/Users/albin/Code/jori/dist/layout-hunt/LISTS_OCCURRENCES.json
LF-16,LF-16,question,C030-files,cold-1440,,Reviewed; LF-15 mobile footer loses28px and LF-16 confirmation owner unmounts immediately; fixed overlay toast uses stock entrance; requested empty region replaces archived rows,/Users/albin/Code/jori/dist/layout-hunt/before/lists-v3/C030-files/cold-1440/before.png,/Users/albin/Code/jori/dist/layout-hunt/before/lists-v3/C030-files/cold-1440/0.png,/Users/albin/Code/jori/dist/layout-hunt/before/lists-v3/C030-files/cold-1440/record.json,/Users/albin/Code/jori/dist/layout-hunt/LISTS_OCCURRENCES.json
LF-16,LF-16,question,C030-files,cold-375,119,Reviewed; LF-15 mobile footer loses28px and LF-16 confirmation owner unmounts immediately; fixed overlay toast uses stock entrance; requested empty region replaces archived rows,/Users/albin/Code/jori/dist/layout-hunt/before/lists-v3/C030-files/cold-375/before.png,/Users/albin/Code/jori/dist/layout-hunt/before/lists-v3/C030-files/cold-375/0.png,/Users/albin/Code/jori/dist/layout-hunt/before/lists-v3/C030-files/cold-375/record.json,/Users/albin/Code/jori/dist/layout-hunt/LISTS_OCCURRENCES.json
LF-16,LF-16,question,C030-files,warm-1440,,Reviewed; LF-15 mobile footer loses28px and LF-16 confirmation owner unmounts immediately; fixed overlay toast uses stock entrance; requested empty region replaces archived rows,/Users/albin/Code/jori/dist/layout-hunt/before/lists-v3/C030-files/warm-1440/before.png,/Users/albin/Code/jori/dist/layout-hunt/before/lists-v3/C030-files/warm-1440/0.png,/Users/albin/Code/jori/dist/layout-hunt/before/lists-v3/C030-files/warm-1440/record.json,/Users/albin/Code/jori/dist/layout-hunt/LISTS_OCCURRENCES.json
LF-16,LF-16,question,C030-files,warm-375,37,Reviewed; LF-15 mobile footer loses28px and LF-16 confirmation owner unmounts immediately; fixed overlay toast uses stock entrance; requested empty region replaces archived rows,/Users/albin/Code/jori/dist/layout-hunt/before/lists-v3/C030-files/warm-375/before.png,/Users/albin/Code/jori/dist/layout-hunt/before/lists-v3/C030-files/warm-375/0.png,/Users/albin/Code/jori/dist/layout-hunt/before/lists-v3/C030-files/warm-375/record.json,/Users/albin/Code/jori/dist/layout-hunt/LISTS_OCCURRENCES.json
LF-16,LF-16,question,C055-job,cold-1440,111,Reviewed; LF-14 requested row deletion shifts later rows upward36px and LF-16 confirmation owner unmounts before exit; no later rect or scroll deltas,/Users/albin/Code/jori/dist/layout-hunt/before/lists-v3/C055-job/cold-1440/before.png,/Users/albin/Code/jori/dist/layout-hunt/before/lists-v3/C055-job/cold-1440/0.png,/Users/albin/Code/jori/dist/layout-hunt/before/lists-v3/C055-job/cold-1440/record.json,/Users/albin/Code/jori/dist/layout-hunt/LISTS_OCCURRENCES.json
LF-16,LF-16,question,C055-job,cold-375,139,Reviewed; LF-14 requested row deletion shifts later rows upward36px and LF-16 confirmation owner unmounts before exit; no later rect or scroll deltas,/Users/albin/Code/jori/dist/layout-hunt/before/lists-v3/C055-job/cold-375/before.png,/Users/albin/Code/jori/dist/layout-hunt/before/lists-v3/C055-job/cold-375/0.png,/Users/albin/Code/jori/dist/layout-hunt/before/lists-v3/C055-job/cold-375/record.json,/Users/albin/Code/jori/dist/layout-hunt/LISTS_OCCURRENCES.json
LF-16,LF-16,question,C055-job,warm-1440,55,Reviewed; LF-14 requested row deletion shifts later rows upward36px and LF-16 confirmation owner unmounts before exit; no later rect or scroll deltas,/Users/albin/Code/jori/dist/layout-hunt/before/lists-v3/C055-job/warm-1440/before.png,/Users/albin/Code/jori/dist/layout-hunt/before/lists-v3/C055-job/warm-1440/0.png,/Users/albin/Code/jori/dist/layout-hunt/before/lists-v3/C055-job/warm-1440/record.json,/Users/albin/Code/jori/dist/layout-hunt/LISTS_OCCURRENCES.json
LF-16,LF-16,question,C055-job,warm-375,58,Reviewed; LF-14 requested row deletion shifts later rows upward36px and LF-16 confirmation owner unmounts before exit; no later rect or scroll deltas,/Users/albin/Code/jori/dist/layout-hunt/before/lists-v3/C055-job/warm-375/before.png,/Users/albin/Code/jori/dist/layout-hunt/before/lists-v3/C055-job/warm-375/0.png,/Users/albin/Code/jori/dist/layout-hunt/before/lists-v3/C055-job/warm-375/record.json,/Users/albin/Code/jori/dist/layout-hunt/LISTS_OCCURRENCES.json
